temp_mean,temp_std,temp_range,hum_mean,hum_std,hum_range,window_size,temp_0,hum_0,temp_1,hum_1,temp_2,hum_2,temp_3,hum_3,temp_4,hum_4,temp_5,hum_5,temp_6,hum_6,temp_7,hum_7,temp_8,hum_8,temp_9,hum_9,temp_10,hum_10,temp_11,hum_11,temp_12,hum_12,temp_13,hum_13,temp_14,hum_14,temp_15,hum_15,temp_16,hum_16,temp_17,hum_17,temp_18,hum_18,temp_19,hum_19,temp_20,hum_20,temp_21,hum_21,temp_22,hum_22,temp_23,hum_23,temp_24,hum_24,temp_25,hum_25,temp_26,hum_26,temp_27,hum_27,temp_28,hum_28,label
25.93026994231375,0.4426501389639222,1.6697324293852844,53.08801886765284,0.9437377043424813,3.1822566261364997,11,-0.5795864650398173,1.0755068064020108,-0.2911883284778085,0.06106947781486838,1.6697324293852844,-3.1822566261364997,-1.1181397170572929,2.4340376320753236,-0.4171035490679813,-0.6835881544991267,0.02179887717116813,0.069741481272807,0.2365209326097215,-1.049970061327869,-0.03521515798792407,2.3706485209614456,0.3233918081443683,-1.209148908433015,0.034465209609503944,0.3040051956932004,0.0,0.0,0.0,0.0,0.0,0.0,0.0,0.0,0.0,0.0,0.0,0.0,0.0,0.0,0.0,0.0,0.0,0.0,0.0,0.0,0.0,0.0,0.0,0.0,0.0,0.0,0.0,0.0,0.0,0.0,0.0,0.0,0.0,0.0,0.0,0.0,0.0,0.0,0
25.891706973936696,0.27545875956612986,0.984496007861118,53.23966174472234,1.054295791691716,3.4892858040714643,9,0.7738468355762755,-1.323574421743018,-0.32820290989222656,1.885689102624255,-0.46329687076841,1.349056621755814,-0.19299622720048148,-1.267738653816096,0.42989840413903835,-0.7800011265827678,-0.18594670872248287,0.5304981783158027,0.26406047076118,-1.512677105450976,-0.11196129575591485,-0.45936709653742724,0.0,0.0,0.0,0.0,0.0,0.0,0.0,0.0,0.0,0.0,0.0,0.0,0.0,0.0,0.0,0.0,0.0,0.0,0.0,0.0,0.0,0.0,0.0,0.0,0.0,0.0,0.0,0.0,0.0,0.0,0.0,0.0,0.0,0.0,0.0,0.0,0.0,0.0,0.0,0.0,0.0,0.0,0
26.03487777673265,0.4046699580099626,1.398281799564785,52.96811434547051,0.7784044690931714,3.070963091862801,22,-0.18744641425891118,1.7696865841351581,-0.7979403769237123,-2.1459007720358443,1.115729872287627,2.491123126413477,-0.782461192858964,-1.602594981687183,0.16504725898105832,1.3743768228527884,0.23489430146183565,-1.1192671576569992,-0.11588205388644823,0.7582145599249941,-0.6438829421700589,-1.370887571808943,0.3837179012247489,0.8799285861963995,0.8631076964540583,0.17679122229206712,-0.12640849554887978,0.8167928240640165,0.010336424768809138,0.6664856612721834,-0.2624190977730798,-0.9708730410228483,0.24434122497713062,-0.2264312745773438,-0.21058117551596567,-1.0606129752767046,-0.2046636253431089,-0.31238455394241527,0.6664868668018045,1.28714675838458,-0.7052581664657822,-0.043666524390943096,-0.261960043119533,0.37786866601958025,0.9909200578996149,0.07751331946540319,0.010662231204968009,-0.27524634699327066,0.0,0.0,0.0,0.0,0.0,0.0,0.0,0.0,0.0,0.0,0.0,0.0,0.0,0.0,0.0,0.0,0
25.99056237597719,0.3145176908298099,1.216079969332501,53.00478929801495,0.8696458842438602,3.505610662227461,14,-0.29332550402119395,0.7957803354280486,-0.4292556567133623,0.062344644990872666,0.521513818440198,-0.36765020215588606,-0.20809494188265631,0.5127932460444882,0.435783720592422,0.45226925478444,-0.8353490422051202,1.1857080355167966,0.18719547363979316,-1.3692864707029528,-0.03222300326719463,0.06637806231273657,-0.5357033974999794,-0.2655970451911429,0.8798176125983446,-1.475460239626301,-0.017532502442342945,1.5138058718798604,-0.127970907768713,0.06939526831219212,-0.11985029500880628,1.9224095220354087,0.0,0.0,0.0,0.0,0.0,0.0,0.0,0.0,0.0,0.0,0.0,0.0,0.0,0.0,0.0,0.0,0.0,0.0,0.0,0.0,0.0,0.0,0.0,0.0,0.0,0.0,0.0,0.0,0.0,0.0,0.0,0.0,0
45.75227052183179,12.729099265380567,41.97364834181275,46.32256389022344,3.661869978548011,10.493603020572102,26,-1.3317474788310086,0.6083728042766552,2.13358070459822,-0.9817469489099295,2.3527289380740584,-1.2065993860888042,1.6541799283747167,-0.35423033587409947,1.6703509725286914,-0.279065692745327,1.3925112805044364,-1.519428053563992,1.519507869216845,-0.7428915456429408,1.9564695793670666,-0.3771806315259383,1.8188835159268706,-0.5784599271947428,1.6336390910680123,-0.5363640610241731,1.6294481457688903,-0.344278782630866,1.979843017604523,-1.7974673263623302,1.2037778095558025,-0.32238031796272537,1.9669746771242202,-0.6548108858058868,1.9217558862734663,-0.798699125240347,1.316736360511051,0.0,1.8328293931040491,0.0,1.9109283721628145,0.0,1.7004719178199394,0.0,1.3956342546879412,0.0,1.9953656096977852,0.0,1.8026193558743202,0.0,1.930324928151748,0.0,0.9745295799639138,0.0,2.2805571538533655,0.0,0.0,0.0,0.0,0.0,0.0,0.0,0.0,0.0,1
25.954785161764207,0.4205092521301067,1.940542721328999,53.1296054372254,0.7381159490463984,3.4708804880364994,29,0.8391306378230574,0.3400440228687316,-0.33015263437263087,0.420521475347023,-0.2609327803894743,-0.21814021201664957,0.3777632132181701,0.757745589519665,-0.23888004083769232,-0.9208509238325036,1.1494782433490691,0.0917908578697535,-1.2826761951739876,0.3805426033758792,-0.11880390155051046,1.578995885814642,0.2291896816674246,-2.4259268130955505,0.021135780398729764,2.1689810580033253,0.5042026324972149,-2.4857580640718524,-1.2935907191678702,1.1300348801399807,1.20878182668271,-0.4546853803269144,-0.4836556542369834,-0.3807077146749762,0.6590542230327827,1.2114906547055284,-0.4122333577913224,-0.07935659851919041,0.28316908443741085,-0.8649158140276043,-0.4550481348998048,-1.2900366961692455,0.41471220475175485,1.3389972315260366,0.6128735960132872,0.44740126046746553,-1.2015031104516787,-0.10991239980971557,0.3160209781469909,0.6032973364775813,-0.18951140529599897,0.9420858781106745,1.039599540006293,-1.2157342337433477,-1.01346169663476,0.12311482440545518,-0.14937530114689324,-0.3356693091027836,0.07720764366985122,0.8194032408104732,0.2212797658229526,-0.5128286171455301,0.0,0.0,0
26.159269498094694,0.3785586342797577,1.366777403261267,52.99546204046921,0.730415479060262,2.672425110216892,16,1.3632256596937928,1.2051644057739495,-0.7122345644251418,-0.2600141115897969,-0.3079380485631127,-1.0094919747140523,0.18417736223184633,-0.8620349232034386,-0.27391251433347463,0.45368120611994556,-0.1889674387444238,0.44109390088051015,0.3470155136690387,1.4649120367423905,0.33869610295047536,0.31273796647404595,-0.6747601079158194,-1.5939021210508884,-0.07885370813065506,0.025282018162386066,0.13337426199495894,0.5356307269950094,0.6537498673815278,-0.19958123751938928,0.25026957680783823,0.7350300599206818,-0.54526816775995,-1.1632977420489539,0.10965011104662636,1.1778648650944916,0.0,0.0,0.0,0.0,0.0,0.0,0.0,0.0,0.0,0.0,0.0,0.0,0.0,0.0,0.0,0.0,0.0,0.0,0.0,0.0,0.0,0.0,0.0,0.0,0.0,0.0,0.0,0.0,0
26.110782719983806,0.5216532626781534,2.001167694235125,53.119145928645636,0.770167932217769,3.4502697860314697,23,-0.17102711030991813,-0.14947657018328186,1.2627061613741724,1.6194710476420724,-0.42354527864652525,-2.7177498409762464,-1.4286360913410654,2.8856865724118492,0.6726357941726526,-1.4978852180951847,0.8258482167842409,0.23820913046881032,-1.2007916954960471,-0.542223817703892,0.983669399368317,0.507317692467474,-0.051811113026662525,1.0554669692133842,-0.6831013407808548,-0.4002200996134988,0.34516476592305523,-0.22254129413090595,-1.0406003511922357,-0.3230507821349349,1.9302246325984989,-1.2275863828830609,-1.0397620128818197,0.48117844716347946,0.5564527802865911,0.40074854150925177,-0.09498585495041922,0.6407021528480072,0.3720197233122846,-0.31041903192796383,-0.8955920975012752,0.7310813134716696,0.31856306721501326,-0.4079015349047239,0.17764323754353128,-0.33542144783119454,0.15671619440797357,1.7771285757029034,0.14090637348922286,-1.4956276900138192,0.0,0.0,0.0,0.0,0.0,0.0,0.0,0.0,0.0,0.0,0.0,0.0,0.0,0.0,0
25.76450789214759,0.4425830974367178,1.6939325239952971,53.26476004555027,0.765740523665662,2.732000220023842,18,-1.0692273247786908,-2.732000220023842,0.27920835914537534,1.497892321873401,-0.22866071126625442,0.7160866984216412,0.1462133639873997,-1.0775212547417823,-0.21462575660099859,-0.6880591429507206,0.6000768900589506,0.8494656542543595,-0.751787233460508,1.308068979396424,-0.15580020081505097,-1.7143096837281462,0.39701509273862,1.6415754502763775,-0.11990742429938805,-0.9420132448540386,-0.26980480288841946,0.7790778397808324,0.5072360124025863,-0.8110648955680944,-0.6683723107765651,-0.5624470273963524,1.6939325239952971,1.6985885426746066,-1.6101744959249764,-1.1308997068546844,0.4231509325574727,-0.04704465360195087,0.1213722712269174,0.5129008766418153,0.0,0.0,0.0,0.0,0.0,0.0,0.0,0.0,0.0,0.0,0.0,0.0,0.0,0.0,0.0,0.0,0.0,0.0,0.0,0.0,0.0,0.0,0.0,0.0,0
26.175155595270944,0.47275638685484445,1.7974310478088036,52.72343597915824,0.8329572200364045,2.95684611648894,25,0.5364577019133705,0.4603847790058708,-0.8452351808650462,-0.68477893207546,0.4626204721806495,1.415860274652438,0.13133755836659589,0.7895592721924132,0.1970716011734268,0.6278518370400548,0.09858802201506833,-1.142609817341004,-0.9181284849633791,1.2436166121212153,-0.20473603944887486,-2.406973603028952,1.405895496317065,-0.2586247849122074,-0.47268140495945943,1.3182677923668251,-0.5404002742680731,0.35169051826874664,1.1498192560395388,-0.33340815762672094,-0.7177386706148319,-1.6277978815566314,0.5318112748854844,1.582657648421673,-0.5558893513268579,-0.9722795687936525,0.9966147217359378,1.5793136394679124,-0.15270354121939178,-0.2424594421865507,-1.0021524954611394,-1.045182425939359,0.6102675497167169,0.3408102951925258,-0.16309750068460716,-0.4362772836418074,0.36162780397360095,0.7972275396926278,-1.1667775090562245,0.814257134219524,0.8254874602892706,-1.5526946934694266,0.18618651342557513,1.1918180494827126,0.0,0.0,0.0,0.0,0.0,0.0,0.0,0.0,0.0,0.0,0
26.071619318535348,0.4772329329715036,2.0203641914478006,52.991930021759046,0.9808257965927211,3.8810202959367928,30,0.7742751393366802,-0.6259486776519978,-0.6405863005791446,0.5989530340730127,0.07954794956117439,-1.2407660320270821,0.8798451867006314,-0.21557587478763907,0.3493551650675073,1.413756301906993,-0.7978014193979313,-0.4451785791663383,-0.5365870265677337,-1.408732608154665,-0.043760615466382546,2.7630386714063278,-0.22200782848121747,-2.120604709033188,0.09671940088251318,3.104785616235354,0.17581422002479385,-2.557873344799212,1.1189313552494333,0.8204618376116599,-1.0807373189242107,0.9963107538089488,-0.5144156666722886,-0.13401206604668658,0.6338591356617407,0.40536198271844626,0.06823157931784252,-2.807370116085785,-0.07124648295530633,0.30976859309848237,0.3820278813673781,1.0894902172810248,-0.36534285561308977,0.49100013104294504,0.34986099039414853,-0.6807799050218861,-0.7745354231025203,-1.3014132738669986,1.2805363961014677,1.7076577557425523,-0.7641248249008186,-0.5526636377590677,0.07386959103172686,-0.009590056577465589,-0.5923654321101708,-1.6573691670837505,0.6281694425398499,2.4603476978310965,0.08961903270195393,-0.5218241153542849,-0.9104167452476979,1.3199683970828033,-0.24466157728128124,-1.495737762536109,0
26.129535597228642,0.5826453458331808,2.3777501307054543,53.075604770404865,0.946433856768571,3.289576791593987,29,2.1814307526313925,0.6148088770943119,-1.5237461672621038,-0.0656093272331546,0.4626794950325497,0.21244441037387674,0.07300770240333421,-0.0999044734217236,-0.7276830674697266,-0.8643192591458089,1.3308822297189522,0.7209140371762501,-0.7905125310465841,0.15575165308469963,-0.2397139531308845,-1.5556193014908786,0.17599029964788926,0.8136640253741447,0.31287211811028826,0.7057265987594903,-0.37672701689966104,0.8809428828090304,0.4355658727867713,-0.7075138468807154,-1.2834010246754914,0.757982240679091,0.46845107457062696,-1.736601101723636,-0.6954151624914147,0.5188511059396745,2.0679042358261306,0.44443584582278106,-0.0065080145790048505,-2.5056696104207177,-0.6786880300759748,3.069723945291443,-0.8196170692230069,-2.6973704791753335,1.7012481715656769,2.286279959306434,-1.4971463751750171,-0.24808662218860178,0.19560367561327396,-2.4211398344460306,0.1863702663179403,0.04042539646551546,0.145991268144126,2.9772345395084017,0.09614332984267193,-0.17420788621276984,0.02007951788506901,-1.6764685633398457,-0.41424286141418065,-0.0008122004446420306,0.4063125185553105,1.1155870939362273,0.0,0.0,0
26.10556336653656,0.45047382272994224,1.5709946959440728,53.078135628641974,0.9314860861611555,3.974632995880768,19,-0.44193356840339604,-1.0714797790122006,-0.2847249475369722,0.43637682230050956,0.4456077913002261,0.5468068628418266,-0.7476054979863882,0.5319769558152316,0.13719449901628877,-1.3811269926407874,1.1633863758602594,-1.1471010552010625,-0.5538684162063525,2.0042004026062727,-0.37478060690993686,1.970432593274495,0.5883327091791095,-2.277134242454963,0.2289181396321638,0.19980932369632853,-0.8658062610476165,1.3881985468686509,0.008614807898080556,-0.953511199579431,-0.06261891544876264,-0.2987308656630745,0.7582480460311807,0.18020450266442367,0.004853564402381494,-0.15349818619186095,0.206172936885487,-1.1119986885842792,-0.18865018572113001,-0.16135258371439676,-1.3204105146386773,2.582618615939147,0.0,0.0,0.0,0.0,0.0,0.0,0.0,0.0,0.0,0.0,0.0,0.0,0.0,0.0,0.0,0.0,0.0,0.0,0.0,0.0,0.0,0.0,0
25.99621284954479,0.5482893786829662,2.4297142378578087,52.85135186985441,0.5944811895536243,2.3402920874411564,18,0.43565046583633205,-1.0499932724565681,0.878808917060514,1.6988673242502514,-1.0073692173148459,-0.7693224027802543,-0.556019746711172,0.9901390098958416,0.22734298421150356,-2.3402920874411564,0.6021986625483997,0.6621704558005632,-0.8268985343091266,1.2270891833548063,0.7175235452216349,-1.0526239035787057,-1.5864919315042023,0.5076599302204556,1.045428901265872,0.13218782048549826,0.4290097924635283,0.1260454907169546,0.32099276654752273,-0.6686577549496633,-1.044299881809053,0.6614822209649489,-0.342145400294104,-0.7454642149655655,0.6210149263693907,1.1654593391850057,-0.43234192142753614,-0.6312995905838434,0.48819117050868144,0.2159045144628351,0.0,0.0,0.0,0.0,0.0,0.0,0.0,0.0,0.0,0.0,0.0,0.0,0.0,0.0,0.0,0.0,0.0,0.0,0.0,0.0,0.0,0.0,0.0,0.0,0
31.038674134731018,6.758001889507164,21.04803086409313,50.737302660927796,2.849757607562803,8.916172625872463,21,-1.8385156471451758,0.6616487420681807,1.247843361820152,-0.1832727388996389,-2.0239668130448294,0.5046581323262771,0.2904873510652166,-1.2429889920525028,0.41886828861568404,0.5620617542129622,0.0315558562063174,0.09717238106016168,0.6906150817068948,0.8344639677417547,0.04307023301480939,-1.4034221461532042,-0.272331766270419,0.9400526237783922,0.05247165080495364,0.014482801906240184,1.8496621300693903,-0.6719011094916354,2.0410175120304253,-1.0789685934494173,2.1229328134843293,-1.2797050802205874,1.9070248457152488,-0.45230514295859336,1.9495954219054354,-1.3480971718683392,2.492632888382353,-0.41607033247086633,1.2141967635844395,-0.38527158269961603,2.386424024656506,-1.6914735508419483,1.4643509423552885,-0.551859561927138,2.3654568267662555,-0.5916337794757496,0.0,0.0,0.0,0.0,0.0,0.0,0.0,0.0,0.0,0.0,0.0,0.0,0.0,0.0,0.0,0.0,0.0,0.0,1
29.42924120354904,3.5728658765654147,10.763677503184887,51.495388933703715,2.0051067749318676,5.847103882130831,9,1.090728320642917,-0.5347183037220233,0.7268551951652249,0.7717557903871111,-0.643991232923451,-0.3383834352775352,1.6822609614687636,-1.1143919400534301,2.065064984384282,-1.0270051601476666,1.9655716931081493,-1.0125712787283518,1.8010063295312762,-1.237430847960951,2.076181251807725,-1.1173212199628964,0.0,0.0,0.0,0.0,0.0,0.0,0.0,0.0,0.0,0.0,0.0,0.0,0.0,0.0,0.0,0.0,0.0,0.0,0.0,0.0,0.0,0.0,0.0,0.0,0.0,0.0,0.0,0.0,0.0,0.0,0.0,0.0,0.0,0.0,0.0,0.0,0.0,0.0,0.0,0.0,0.0,0.0,1
25.97932199175503,0.48505155586733845,1.86894714125091,53.06627687870411,0.7094910684518523,2.5727625677750083,23,-0.32671617747234905,0.5340853229557325,-0.5153942001484566,-0.17924700999270726,1.3383397131034904,-1.2127633275601255,-0.6696475918641482,0.8693487538639246,0.2973467046060527,-1.727594796392971,-0.03133750344223074,1.1749175634879734,-0.2573488455520838,0.7011117135810565,1.1549398130034447,-0.5477096643140271,-1.0111460031298947,0.25023366181686413,-0.7553438325238275,-0.527929685986301,0.5787854787466742,1.0738734508007468,0.4500594901477122,-0.9675881689953059,0.016428744629223502,-0.30802752695605307,-0.8101880223161579,1.0815740759784873,1.0086317213032672,-1.8333418679468068,-1.346174718107907,1.524954612705443,1.4535010657437297,-1.234814574195589,-1.2317415458769112,1.856329362772243,0.5465513350643647,-1.2311632659879663,0.6454069485176888,0.31680957925318154,-0.4724815045698172,0.22206854065954929,0.3485464244132501,-1.8738039943666251,0.0,0.0,0.0,0.0,0.0,0.0,0.0,0.0,0.0,0.0,0.0,0.0,0.0,0.0,0
25.78315979349048,0.49656894087345793,1.8538912648386372,53.08574692754291,0.7950343798575382,3.1418693621520433,26,-0.2923664093878351,-2.3788957351622813,-0.8162478884103699,1.4647998623442433,0.9674835161420532,0.36320451472326454,0.06394806467343273,-2.5528551163560493,-0.3331911885408516,1.3151386413847277,0.5880768687338573,-0.4731972919854286,-0.9533013703607907,-0.06511259652089052,0.08678710631507514,0.9234409706929938,-0.9873770007929217,-0.9425978505841499,1.7022195446167387,0.10152116007744638,-0.30298277333876555,0.2622833205609396,-0.997841144301681,-0.164227498201015,-0.038389337430459136,-0.6401367509084466,0.44298418631156977,1.5755813694876792,0.8331442846756829,0.20209954692810328,-0.5470092150344925,-0.5639298791779055,-0.25221321428584886,-0.5761369924459885,-0.10066448821158502,-0.2629264682460146,-0.022398032372343835,0.0012725387226666385,-0.4413831716396892,2.448797142367326,0.3631412347305947,-1.135630450772851,0.06840887598460199,-1.4223587041199863,0.8766006580671579,0.8038463248163836,-0.4241731448018804,-0.42178628202920265,-0.3299308949354227,0.7570683210045246,0.0,0.0,0.0,0.0,0.0,0.0,0.0,0.0,0
27.14541739686113,1.889030802032205,6.174717245992468,51.996309262181065,2.068215460619797,7.394404158624283,13,-0.3537238054120593,-1.2859793010542333,-0.3526614230824947,0.18284788182531742,0.9404430395992023,0.37094675507647423,-0.6051535034504134,-0.830431163236959,0.16879282153786335,-0.561176685343689,0.22446941230243667,0.1309660124847909,-0.25609506877647803,0.007710924496770133,0.0021970434106712844,-0.3886592341553836,1.4989105439549277,-0.6645481122022829,1.1395368572609854,-1.0746511662575386,1.8906511963737138,-2.205514183258387,1.1709649037795593,-1.0759158869991623,0.0,0.0,0.0,0.0,0.0,0.0,0.0,0.0,0.0,0.0,0.0,0.0,0.0,0.0,0.0,0.0,0.0,0.0,0.0,0.0,0.0,0.0,0.0,0.0,0.0,0.0,0.0,0.0,0.0,0.0,0.0,0.0,0.0,0.0,1
26.122160178398016,0.4110278220776319,1.307349619379611,53.151879454406476,0.9270224022500967,3.997472955551544,28,-0.13974649869051703,-1.0630312700208648,0.3120055981524281,-0.18298675615123727,-0.14174718219603477,1.1636658746915458,-0.010612979343683548,-0.24024422793908684,0.729264561079777,-0.15002606416430808,-0.2751048838347323,-0.46959680965291994,-0.6305366554848426,1.5143182595712759,0.07417395874350774,-2.1326362246241217,0.523669894106515,-0.043805764381701806,-0.0006867418484226562,1.6908076119158437,-0.5470999053824173,-0.06565609681661044,0.18489478607995125,-0.4050668841209628,1.0403983534945667,-0.5133720007157407,-1.2166770643041538,0.632299480874579,1.248676338490064,0.9747265343432971,-0.4035688229664913,0.6357727286037544,0.31087466626483007,-3.337567930679505,-1.1772441235624456,0.9899948689812845,0.23025804900333213,-0.050282514989035576,-0.14030396735640238,1.6866341877476216,0.7879585003508858,-3.2862515666119094,-0.847218482299148,2.396104143704598,0.6494496330074817,-0.6165164011876669,-0.02645804107541494,1.5159384463733403,-0.3631644709531088,-0.10965912763454355,0.6733446324392567,-0.908425684142216,-0.595489932218868,-1.556183844430791,0.0,0.0,0.0,0.0,0
25.87052399000329,0.491999355215529,1.9636388141980525,53.130710924885236,0.7167375879052306,3.071537116219055,20,-0.4045780361928344,-1.8000941410974747,0.7608476032318023,1.4356459887229605,-0.7466337641455567,-0.3478454923817651,0.10322027304380654,-0.2557086095176899,-0.7216786488653781,0.5764157736071667,0.7186172058482292,1.663029455788383,-0.9857865036899405,-0.9254749324660096,0.4199882515716169,-0.969617480839851,1.1721587398150106,0.9150094169111682,0.0126927512532653,0.661418124183875,-0.18017129843293134,-0.3797774029385863,-0.6962168524570913,-0.6920026503940733,0.4596323934936173,-0.5652537181005997,0.02205440852570817,1.0761280730553295,-0.5773810750509902,-0.2437903425534742,1.3308814954798471,0.4013662676847858,-0.31301800559574033,-0.20801713467660932,-0.549163232202666,0.3315047309098915,0.12392500641209736,-1.2678303415039238,0.0,0.0,0.0,0.0,0.0,0.0,0.0,0.0,0.0,0.0,0.0,0.0,0.0,0.0,0.0,0.0,0.0,0.0,0.0,0.0,0
26.470436851693332,0.51488339876836,1.414427286086518,52.9877303262116,1.0366907249744077,4.096568916291432,11,-0.4918228310330335,2.07828484024904,-0.636531118471801,-0.1567541319593957,0.7996939145251432,-0.7505959417235033,0.09354173127704257,0.38491435203808066,-1.0729718728065052,-0.9834962229496398,1.0962553483397457,2.0077327704054397,-0.328566215724841,-1.3505155418880008,0.6467381534716132,2.8669987921194107,-1.3962988549893431,-2.6157202530655894,0.035305919131751295,-0.4672140322698155,0.0,0.0,0.0,0.0,0.0,0.0,0.0,0.0,0.0,0.0,0.0,0.0,0.0,0.0,0.0,0.0,0.0,0.0,0.0,0.0,0.0,0.0,0.0,0.0,0.0,0.0,0.0,0.0,0.0,0.0,0.0,0.0,0.0,0.0,0.0,0.0,0.0,0.0,0
35.531946857527004,10.057889538678307,30.293861955826248,48.22196910275523,4.371990410289318,10.938183215407491,26,-0.705603768227121,0.958626472200649,1.0339035982414337,-0.5033030917319437,0.12398640854873122,-0.7313715893444339,-0.5651912010010562,0.9138504341875588,1.028586612794701,-2.896193065022736,-1.399876213146186,3.197846656801744,-0.1193046086037377,-2.310783583320159,0.8444133493848938,1.1018182698999723,0.41132324202609283,-0.6057831625784118,1.6717664553774227,-0.2949253949952606,1.575406722175643,-0.7473261933642945,1.6311735958357616,-1.4395082227228997,1.8238911257687818,-1.4430068180434716,1.9435425904815418,-1.2047831286840562,1.7771724937752253,-1.268027951579569,1.813239296768117,-0.7188009801774129,1.711332076384565,-1.2955340899472816,2.0493946600403135,-0.692351304784836,1.7490860906139574,0.0,1.2407611150478886,0.0,2.199898350316211,0.0,1.8107625772414053,0.0,2.1954739399321213,0.0,2.0699182789365125,0.0,1.673201398885908,0.0,0.0,0.0,0.0,0.0,0.0,0.0,0.0,0.0,1
26.05109685234915,0.3888465731538816,1.7144206725476536,53.09341297631411,1.0095613597286013,3.518321433488026,27,0.03802490825020399,-0.3530935811043818,0.3476312380823856,2.0039705995003416,-0.592682496209445,0.13894445636381647,0.4451465274016684,0.19860693096907056,0.066809786286818,-2.88474354330895,-0.15436319355766415,2.4727651674807163,-0.2289475999106685,0.9126323192087682,0.22012564336245788,-0.8801628764592309,0.28554740455906824,-2.610573865345053,0.04372229716136644,3.1356223410139563,0.488093908555296,-1.381287417011869,-1.4026994605665841,-0.2192705149059293,0.2750094226554296,0.5467955224667591,-0.5867306346364991,-1.2000817753227722,1.27223906229813,0.8414314347936553,-0.6327584853423005,1.294117819345992,0.2703492441930351,-0.798426219664627,-0.40526477573798303,-0.4511963187364927,0.13881728723440645,0.024965350259947172,0.7749470502022433,-1.0168017145811277,-0.2644783474703374,0.8251248735192647,-0.4028777340724652,-1.1874459553840353,0.4396679885676704,2.125389030418866,0.011043080280739304,-2.5665211478953296,-0.5906627983623061,2.4324886896768447,-0.5388270219747362,0.0996084169706819,0.0,0.0,0.0,0.0,0.0,0.0,0
29.700430498339482,4.374479676140399,13.319272844179068,51.464289688801756,1.6640727563500108,5.4467498340578615,15,-0.23886858290869384,-1.538606865221226,-0.08849516000875113,0.606283394833028,-0.08339711592569898,0.6197481992172627,-0.3456857304835772,-1.2147172431105488,0.23664475599995427,0.8589759688076768,-0.7061408686643063,-1.1515208008513298,3.1473917789343275,0.5788330116591993,0.9470714150854178,-0.38801655583793604,1.2244271088962186,-1.2849349817439801,1.7289369742917309,-0.20825730728303427,0.9986822505525197,-0.5794039185109554,2.343517259839551,-0.9987103407232496,1.3468104767174296,-0.07074082439297769,1.5824355798618726,-0.6756815708997905,0.0,0.0,0.0,0.0,0.0,0.0,0.0,0.0,0.0,0.0,0.0,0.0,0.0,0.0,0.0,0.0,0.0,0.0,0.0,0.0,0.0,0.0,0.0,0.0,0.0,0.0,0.0,0.0,0.0,0.0,1
26.12464407230082,0.5336748899186753,1.9747561586166995,52.96392463953129,0.7846400724561318,2.3213128646709578,14,0.7487095646282711,1.954233098731045,0.16197808535253344,0.030867206905895728,-0.10998889174030069,-1.7850312446275467,-0.29954337816459997,0.8980570567146131,0.02773347957213801,0.8475308351546076,0.08681608585627032,-1.6060194912928196,-0.09540673680379896,0.1404379047081008,0.5554405592116964,-0.30248044307702315,0.6233219423982241,-0.3464606533953756,-1.3840073932995942,0.29238334850148817,-0.4061555972856219,-0.4597301773570024,0.6407604656139121,1.006418988017188,1.3339956930027874,-0.6432453594542977,0.0,0.0,0.0,0.0,0.0,0.0,0.0,0.0,0.0,0.0,0.0,0.0,0.0,0.0,0.0,0.0,0.0,0.0,0.0,0.0,0.0,0.0,0.0,0.0,0.0,0.0,0.0,0.0,0.0,0.0,0.0,0.0,0
25.858887281167156,0.4321131773844188,1.1447955750291428,52.36019221150416,0.5207885216449804,1.446084904394759,6,-0.3990273783899809,0.9345390093319281,0.6165892472306993,0.03645529984517282,-1.0939536270284869,-0.3081197271854066,0.23066625935015495,-1.1379651772093524,0.9141293156789878,1.0577516669281337,0.0,0.0,0.0,0.0,0.0,0.0,0.0,0.0,0.0,0.0,0.0,0.0,0.0,0.0,0.0,0.0,0.0,0.0,0.0,0.0,0.0,0.0,0.0,0.0,0.0,0.0,0.0,0.0,0.0,0.0,0.0,0.0,0.0,0.0,0.0,0.0,0.0,0.0,0.0,0.0,0.0,0.0,0.0,0.0,0.0,0.0,0.0,0.0,0
25.974686883758604,0.4038533943202072,1.4953045257995043,53.062082697715134,0.7581364122348258,3.252717546847549,26,0.8100529867622441,-0.6023364786900203,-0.7721863263347402,3.0054099687268376,0.4981179552748607,-2.6297569470873796,0.7510940913085342,1.5742213949183892,-0.9451227091277303,-0.6440454765975048,0.8103949337576317,0.17603101084616668,-1.2642764821851529,-0.20228491731382547,0.340317194204804,-0.30663310088898044,-0.43661746244905686,0.679051331896467,0.740070391094136,-0.7220475913446052,0.35354071187161296,1.2839119627952726,-0.35244554605519696,-0.4782893927845109,0.5759314861819824,0.024922485620272994,-0.988114650299643,-0.8853737386704665,0.4872609971591011,0.2166146583740769,-0.3764060386514636,-0.7612464572424571,0.44457295451875467,0.6679174015332023,0.07102973039438609,-0.5468478877045868,0.03932995688581897,1.8797155455560102,-0.8264951491098316,-1.0100261599957676,0.09042411822451513,0.09596913555714082,0.09272919679769132,-0.31651500991236503,0.23270348016229647,0.33818035952114656,0.16303357603651136,1.8138389710450156,0.310451358825123,-2.2120143362001343,0.0,0.0,0.0,0.0,0.0,0.0,0.0,0.0,0
25.889047451988567,0.48032071993349257,1.8275440480402985,53.02323999060692,0.9166949499800618,3.7149612559237113,26,-0.20126977181488925,0.4672576574145779,0.3129505627447635,-2.236559126169233,0.24376685386597785,1.5203561375097507,-0.5291666202851673,-1.0870640441582466,-0.4955871828966991,0.024865375732737505,-0.26478134140988985,0.9538465051574292,0.8086838731248065,-1.2148311897091233,0.10287826309170711,1.1988042931909888,-0.6056952955167603,0.20760860458775454,0.8476453563415056,-0.9301164945670024,-0.5923618544938059,1.4076882909701425,-0.5987379896732854,-2.0799221712601366,1.4564346037581686,2.0945846421385426,-0.05622421157151436,-2.631514896077441,-1.5797936779326278,3.7149612559237113,0.7264995775047005,-2.4847331032330757,-0.01949169988029098,-0.6048839342126229,1.120536170415889,0.7437081982940938,-0.8693906847295807,-0.6510448272835418,-0.6982927440068778,1.146754593183175,1.1889914901481475,0.7845536260924817,-1.0564401640034795,-1.8888908460214608,0.48521752752215974,1.2582843721845478,-0.2547141935795594,-1.6897076864558116,0.10465688980047005,2.0525520816994955,0.0,0.0,0.0,0.0,0.0,0.0,0.0,0.0,0
26.079851411096868,0.4981967688588529,1.8854348055711228,53.22046733658678,0.7658164796021345,2.8694504093143394,30,0.2973006743870421,-0.9101500101529751,-0.22985556559346776,2.1528820938229813,-0.5463246546478544,-1.5014815331551077,1.0848202212730236,-0.40148550591587906,-0.6775505373457307,0.4400014857416181,0.06561251675851665,-1.2254452763156891,-0.452981709781632,0.30040980081523827,0.24499285394084325,1.7376223571640637,-0.22076023141769596,-1.4858465495326598,0.35592832705173905,-0.31201336296843607,0.9423272700328837,1.2668509881673842,-1.5418048115368492,0.5192411217085677,-0.1208301274726935,-0.3734006751983472,1.5423658626851768,0.22167550011260317,-0.8402470023227373,-1.402274219500221,-0.22987453075402442,-0.5320124625379066,0.8544887130279939,2.3385154549578644,-0.8227601135664706,-1.4592107926380962,1.2158126266419025,0.05747745790966974,-0.5740419211038343,1.2632217266432804,-0.5829186397424877,-0.6175713059587196,1.322609810705604,-0.0802737898552408,-1.381511568134421,1.3672916582555814,0.6739051475063249,-2.246816460224977,-0.22140139580140783,1.2570866867690995,0.5012243544961521,-0.6966616025473229,0.1298849536640283,0.16926332317294168,-0.7647535238305423,1.007900918039418,-0.3927110097059767,-0.8165061360983259,0
25.565396957150742,0.4392525440991574,1.2523521770480812,52.99437092524669,0.28707017802075263,0.8506029635266898,6,-0.3835954996680222,-0.34539459811238515,-0.1922030479973067,-0.5052083654143047,-0.3432607094605977,0.121883867053171,-0.2282160407872169,0.43354147140409793,-0.10507687913493768,-0.30002689003126193,0.0,0.0,0.0,0.0,0.0,0.0,0.0,0.0,0.0,0.0,0.0,0.0,0.0,0.0,0.0,0.0,0.0,0.0,0.0,0.0,0.0,0.0,0.0,0.0,0.0,0.0,0.0,0.0,0.0,0.0,0.0,0.0,0.0,0.0,0.0,0.0,0.0,0.0,0.0,0.0,0.0,0.0,0.0,0.0,0.0,0.0,0.0,0.0,0
26.100732639845596,0.4592621026988576,1.9232211449431809,53.09509808467129,0.8475556286737576,3.916909216466223,28,1.1739711476060002,-1.1291114703537133,-0.7427315717585934,1.4414285005903906,0.4497264598265751,0.13831010841383318,0.7897358816234323,-0.899874684135149,-0.7201342660300867,0.7724450093781456,-0.15809115694771236,-0.29218062411542434,0.6133133126796864,-0.35395850728200173,-0.23716184527809148,-0.8768849639613023,-0.9620963603773127,1.8971917109595395,0.5469594093076431,-0.25499431614873913,-1.006010238297307,-0.14025976443561916,0.5886711728832559,0.7685117674422273,0.42710317798705333,-0.4794658213316012,-0.4580791601905574,-0.20690217668962418,0.4377360493765927,-2.3198346833427195,-0.14337568081248264,2.728097839863402,0.27490067402403895,-0.891051550016293,-0.4803078772115761,0.18352893278007087,-0.2579749462042997,0.005473207548995163,1.2091378703049855,0.3635996431591124,-0.9869117844316015,0.2786738281275305,0.5778536679035327,-0.39034710859397137,0.38761821667770846,-0.12716444299146445,-0.6362885137375045,-0.1950182800194611,-0.509488284220339,-2.8664986049601993,0.33884829744790324,2.4512155979635963,0.5980754455770487,-0.5231987983203652,0.0,0.0,0.0,0.0,0
25.982585621334003,0.7244262897822454,2.1595040488245125,53.805496582750884,0.6784909840854506,2.100600940235033,8,0.35395305306060365,0.5990391214835427,-1.1754782824030627,1.0860469194966669,-0.1712215395238701,0.37118634847300314,0.11757624870534045,0.0443285507818203,1.3941202089986362,-0.6825098768346081,-0.907221124659813,-0.14744296382534117,1.5550287157803488,-0.3452284612882224,0.0,0.0,0.0,0.0,0.0,0.0,0.0,0.0,0.0,0.0,0.0,0.0,0.0,0.0,0.0,0.0,0.0,0.0,0.0,0.0,0.0,0.0,0.0,0.0,0.0,0.0,0.0,0.0,0.0,0.0,0.0,0.0,0.0,0.0,0.0,0.0,0.0,0.0,0.0,0.0,0.0,0.0,0.0,0.0,0
25.940369889870972,0.5535287757158469,2.317684323291541,52.82323072590892,0.7944006671892396,3.4094259553585715,23,-0.8825838157206434,-1.4075750739376787,0.7985456904565709,0.18908317705692923,-0.13289567639664313,0.5173549300166158,-1.72779865647869,1.0393726849294112,1.7872497512714567,-2.1339230665784896,-0.6163662141348354,1.6530105627757479,-0.22712333284573205,0.6901324679923277,0.021390925018966556,-0.9823273244654089,0.3540088543308535,-0.13910801693086228,0.307651237859357,0.616481209720888,-0.9227608011394324,-0.4751058682240128,0.777654929202324,1.266088667169754,0.19345511499030366,-2.001530234700148,0.6425238587382793,0.8478150855754762,-1.469247976447381,0.20586442410061778,0.3635389912236633,-0.4673123414457123,0.3056375797371409,-1.9942628888888052,0.4428731787475648,2.168302203926615,-0.725816605681711,0.8488655159693295,0.7514326265814333,-0.09765424062916139,-1.5680018442337555,-0.33866456316464877,0.3420070616772861,-1.1621126724155388,0.0,0.0,0.0,0.0,0.0,0.0,0.0,0.0,0.0,0.0,0.0,0.0,0.0,0.0,0
25.91182739056167,0.44280410925018177,2.0888117412506624,53.11899886192694,0.7771325848981738,3.143618284596421,29,-0.11598894727347542,-0.9250607526786183,-0.5489401413425448,0.3945239842254722,0.04195971596323389,-0.0891938181126477,0.6237391468892106,-0.09206229662903098,-0.28806777485500845,0.9398373913427776,-0.3095841676843136,-0.8660302317880877,-0.041274379534851136,1.1736618138475734,0.3094996708703057,1.3165448968285105,0.9359678213522145,-2.366978872213096,-1.0470914134650826,0.35828540297853806,0.2560292469771852,0.18173323487110338,0.05783191297354762,1.1456182043424121,-0.6163353395907265,-1.5153220781053705,-0.3159030461753751,-0.5970953076961365,0.36809587455348236,-0.34985886877387173,0.6368590562710175,0.9666852465547748,-0.07987315994544986,-0.31231701729731753,0.3075377556178296,1.9667116066831056,-0.3028283370959741,-0.1921174948984259,-0.10314959321415884,-2.243388198880453,-0.24723149172796255,0.25889017949953796,0.7443095323939097,0.6276241691488522,-0.9018934642917067,1.0587650517374954,-0.09560968928765234,-1.0721706289501682,0.8387275173420647,-0.563403019487275,-0.9501064140208797,0.470687062468258,1.8739741546561426,-0.4556824431946609,-1.1673988090497431,0.9847696586684265,0.0,0.0,0
26.09018844256807,0.4165229979323346,1.2379010806404054,52.50104074989879,0.6754339665422209,2.715644202337124,11,-0.6540530900646182,-1.1182466982697434,0.04147159266551981,0.2888546861560286,-0.5974716693276427,1.749159479153377,0.16991021046312582,-1.3821945950479417,-0.09550242476101545,-0.2721591436710469,0.38728818646042384,-1.0612904636181355,0.27635510722726764,1.0532977822352194,-0.13577539001299854,0.48645949887514917,0.6104059283236829,-0.9216981484729843,-1.2379010806404054,0.8756956566429963,0.0,0.0,0.0,0.0,0.0,0.0,0.0,0.0,0.0,0.0,0.0,0.0,0.0,0.0,0.0,0.0,0.0,0.0,0.0,0.0,0.0,0.0,0.0,0.0,0.0,0.0,0.0,0.0,0.0,0.0,0.0,0.0,0.0,0.0,0.0,0.0,0.0,0.0,0
26.116049818161166,0.42336289590863974,1.414210177783449,53.374612945698146,0.7779555044683449,2.9256772450183064,16,-0.7936865100570962,-2.5040462667979355,1.2707209308782694,0.8734018967416262,-0.3966248552514493,1.1104008789941346,-0.7636849806867012,-1.1934895573289168,0.8641691286969326,0.42561054999636383,-0.6065804256038554,-1.2118122595172949,0.39245908229741033,1.1925605002836264,-0.18402042891387538,-0.49236108976975856,-0.665544736142671,0.9382994085475289,0.10140341133670461,0.16132484470790587,0.836755324949312,1.1217420723630909,-0.6823680748438505,-1.6079443750440277,-0.03443656556773078,-0.2030694853051287,-0.2757370580536751,-0.10512961200386428,0.6893608224714072,-0.43804047551041947,0.0,0.0,0.0,0.0,0.0,0.0,0.0,0.0,0.0,0.0,0.0,0.0,0.0,0.0,0.0,0.0,0.0,0.0,0.0,0.0,0.0,0.0,0.0,0.0,0.0,0.0,0.0,0.0,0
25.936309727455786,0.5617889632408856,2.0239630286593453,52.9705188458026,0.8006215795902898,2.6293870595429354,13,-0.7285454915221905,-0.20160409020841286,-0.32722334981440326,-1.0935680767013167,-0.8258074512180507,2.234611974687546,0.8949387040832946,0.3947750848553895,0.73568446773535,-2.2204071205230633,-0.6985695184416869,2.209841501240845,-1.0744403894816585,-1.077500907186824,0.8708437531635269,1.0625244396520728,0.7455254655526211,-0.9497455295019464,-0.22343568217538845,0.07807532469454515,-0.6928490355363763,0.1895120438588691,0.13729806005582645,-0.9300007776939907,0.0,0.0,0.0,0.0,0.0,0.0,0.0,0.0,0.0,0.0,0.0,0.0,0.0,0.0,0.0,0.0,0.0,0.0,0.0,0.0,0.0,0.0,0.0,0.0,0.0,0.0,0.0,0.0,0.0,0.0,0.0,0.0,0.0,0.0,0
25.89510961336123,0.2640293277270902,0.7380600802204142,53.09557908792467,0.5473535132009806,1.6306904303365997,6,-0.7380600802204142,0.3216339674190749,0.391152916165165,-0.2486570710633771,-0.18496079498619267,1.5577135339809018,0.12909861957850666,-0.8811074138885218,0.3843540543515651,-0.09803421219773867,0.0,0.0,0.0,0.0,0.0,0.0,0.0,0.0,0.0,0.0,0.0,0.0,0.0,0.0,0.0,0.0,0.0,0.0,0.0,0.0,0.0,0.0,0.0,0.0,0.0,0.0,0.0,0.0,0.0,0.0,0.0,0.0,0.0,0.0,0.0,0.0,0.0,0.0,0.0,0.0,0.0,0.0,0.0,0.0,0.0,0.0,0.0,0.0,0
26.10006381248765,0.4188711818426735,2.0362757404546237,53.11542173392856,0.7290565231442867,2.7635954281853685,21,0.23748918669722485,-1.2406449488461249,-0.34994059251385323,1.6171366545757024,-0.32553815577352907,-1.297556449031262,0.4569156779106365,1.0752169947161576,0.6136541168462415,-0.35261638790384353,-1.0162578406388931,1.176717090715023,-0.4209477791440328,-1.6493197273335767,1.0408049869788059,-0.10068065099707724,-0.613730916620284,0.2639177521843692,-1.0261441910302196,-0.22700814155723492,1.5100456115822283,0.8824973478210651,-0.691374931552172,-1.933002008302914,0.22239745182488235,0.45010255143218814,0.2112568064365874,-0.011296401946275125,-0.07074032539497566,1.6144884108422204,0.2594760686799873,0.6082446244866802,-0.5724690938544406,-1.452050072895517,0.47429608437296267,-0.05149800372203117,-0.3863262378800023,0.191099109042554,0.49917857923571063,0.8734609115960055,0.0,0.0,0.0,0.0,0.0,0.0,0.0,0.0,0.0,0.0,0.0,0.0,0.0,0.0,0.0,0.0,0.0,0.0,0
25.947365823374717,0.5186812251827605,1.6153444431852613,52.989360001257765,0.6222657680106317,1.8659575453669817,9,-0.7291520984546764,1.3384721704053675,0.8515572496705524,-0.234009351666991,0.7637871935147089,-1.1774335691328304,-1.4147919464449146,-0.11188923769742587,0.5052424722707158,-0.31471947696661573,-0.43835063463469126,-0.027905909903118697,0.25902802636477773,1.0272708709609972,0.9503765377173217,-0.29839416777824823,0.0,0.0,0.0,0.0,0.0,0.0,0.0,0.0,0.0,0.0,0.0,0.0,0.0,0.0,0.0,0.0,0.0,0.0,0.0,0.0,0.0,0.0,0.0,0.0,0.0,0.0,0.0,0.0,0.0,0.0,0.0,0.0,0.0,0.0,0.0,0.0,0.0,0.0,0.0,0.0,0.0,0.0,0
25.6760369903226,0.3934729898823038,1.3298921304841684,53.0176737717527,0.9108310435884692,3.914469163313086,12,-0.03941329935739546,-1.3296077412645033,-0.1276160301573377,0.8461409837839398,-0.8840811026753954,1.8005768776009603,0.9937781446873046,-1.8828132243682703,-0.9238300497140166,-0.44627239335589053,1.2599440355108804,-0.47892949039733423,-0.8460468185281798,0.4678560852063782,0.17286383469108557,-0.5535110385512638,0.11246121412793286,0.9239054162345468,0.23223757850965399,-0.13209383043550815,0.10590164637613952,-1.8126106876457442,0.0,0.0,0.0,0.0,0.0,0.0,0.0,0.0,0.0,0.0,0.0,0.0,0.0,0.0,0.0,0.0,0.0,0.0,0.0,0.0,0.0,0.0,0.0,0.0,0.0,0.0,0.0,0.0,0.0,0.0,0.0,0.0,0.0,0.0,0.0,0.0,0
36.469369038633374,6.499558988880717,20.89905901007555,46.68040539066529,3.5010461793575134,10.335732418078457,13,2.2356236580628384,-2.0345974335762307,1.4451663880136003,-0.43079331781077457,1.788446060015385,-1.2153726389625987,1.6390454379209203,-1.593084116437069,1.2093671886305586,-1.148905523249148,3.0485638829994812,-1.1306944809052268,0.34475167549333463,-0.8131797956266382,2.580456775844098,-1.0122674478456446,1.620657253919319,-0.9568376636651266,2.1467732947526414,0.0,0.9007813533323699,0.0,1.9394260410910036,0.0,0.0,0.0,0.0,0.0,0.0,0.0,0.0,0.0,0.0,0.0,0.0,0.0,0.0,0.0,0.0,0.0,0.0,0.0,0.0,0.0,0.0,0.0,0.0,0.0,0.0,0.0,0.0,0.0,0.0,0.0,0.0,0.0,0.0,0.0,1
26.02817193432776,0.5378824064204298,1.7846772549579981,52.55835675613471,0.8007737488153813,2.374847860469906,6,-1.7846772549579981,-2.374847860469906,0.5097533930937281,0.8998617489511531,0.29557553785722845,1.048923086075348,-0.2522781065514792,-0.3587811184351537,0.09875842829463721,0.42690261619936365,0.0,0.0,0.0,0.0,0.0,0.0,0.0,0.0,0.0,0.0,0.0,0.0,0.0,0.0,0.0,0.0,0.0,0.0,0.0,0.0,0.0,0.0,0.0,0.0,0.0,0.0,0.0,0.0,0.0,0.0,0.0,0.0,0.0,0.0,0.0,0.0,0.0,0.0,0.0,0.0,0.0,0.0,0.0,0.0,0.0,0.0,0.0,0.0,0
26.025116446436577,0.5850639461552442,1.5395610015054508,52.991640201458665,0.8810581381886328,2.279945356342523,5,0.04268753233517231,1.4165773596749176,-0.9789259186841299,0.5205849523606219,0.17647307641689025,-2.279945356342523,-0.7371081592382112,0.5135076901816191,0.0,0.0,0.0,0.0,0.0,0.0,0.0,0.0,0.0,0.0,0.0,0.0,0.0,0.0,0.0,0.0,0.0,0.0,0.0,0.0,0.0,0.0,0.0,0.0,0.0,0.0,0.0,0.0,0.0,0.0,0.0,0.0,0.0,0.0,0.0,0.0,0.0,0.0,0.0,0.0,0.0,0.0,0.0,0.0,0.0,0.0,0.0,0.0,0.0,0.0,0
25.751691640096908,0.41647810549883274,1.6788065897775546,53.03192073572521,0.8846426994623048,3.5508239278692955,16,0.19511781161164166,1.1240836334797422,-1.092742215789162,1.8424675866452063,0.15816204533474476,-3.5508239278692955,0.3063884742157832,1.0314907087180814,0.197289004746235,-0.1282104275519771,-0.32625236011050873,0.19459619036927478,0.5300638063804151,1.1625475704676163,-0.1888568778486892,-0.3816784162223641,0.7423021995071153,0.24475195462991906,-0.7728344384116603,-0.6546167982822624,-0.9059721513658943,-1.0820758597587599,1.20623456037546,0.16593116694789956,-0.06997459847338305,1.488756054981259,-0.4239259284965762,-0.46034224724263595,0.47852488245076685,0.8715004061324336,0.0,0.0,0.0,0.0,0.0,0.0,0.0,0.0,0.0,0.0,0.0,0.0,0.0,0.0,0.0,0.0,0.0,0.0,0.0,0.0,0.0,0.0,0.0,0.0,0.0,0.0,0.0,0.0,0
26.114071073298486,0.5732785978857451,1.721164055658921,53.36220286723634,0.9279813765310633,2.589218686984786,5,-0.4681507723637566,0.8489810408102443,0.45143871985134965,-0.6666664231890351,1.2697253358075713,-1.2602181782893922,-1.0211509090635111,-0.6623340855063589,0.0,0.0,0.0,0.0,0.0,0.0,0.0,0.0,0.0,0.0,0.0,0.0,0.0,0.0,0.0,0.0,0.0,0.0,0.0,0.0,0.0,0.0,0.0,0.0,0.0,0.0,0.0,0.0,0.0,0.0,0.0,0.0,0.0,0.0,0.0,0.0,0.0,0.0,0.0,0.0,0.0,0.0,0.0,0.0,0.0,0.0,0.0,0.0,0.0,0.0,0
26.04182395827437,0.43937684604816013,1.646818993441233,52.833719907709806,0.6553891661427067,1.9951624700292498,9,0.8827231419543224,0.9272958297500722,0.012480650384933512,0.3231957753841286,0.751615201101977,-0.10819960812115426,-1.0654398845500523,0.6324986624658493,0.3209422289031316,-1.9951624700292498,-0.4728034018298324,0.4842510256206012,0.7693274226918412,1.1860239374483825,-0.4988936134417976,-1.0920450478052928,0.0,0.0,0.0,0.0,0.0,0.0,0.0,0.0,0.0,0.0,0.0,0.0,0.0,0.0,0.0,0.0,0.0,0.0,0.0,0.0,0.0,0.0,0.0,0.0,0.0,0.0,0.0,0.0,0.0,0.0,0.0,0.0,0.0,0.0,0.0,0.0,0.0,0.0,0.0,0.0,0.0,0.0,0
26.046192363968064,0.5949562392932752,2.2196768792142088,53.344530423443814,0.793057007014959,2.8392069184149165,19,0.4481140113753064,0.5794632541273685,-0.06900493460493351,-1.665815719998264,-0.11472683246245197,1.8519468301904851,-1.2532742129300516,-1.0447957220864978,0.2435856304681181,0.8546617803018464,1.6149797833140944,-2.1190641314759446,0.08890471190290938,1.2961178079876419,-0.9009904121530425,-0.028275591861358862,0.7485393829213862,-0.6115801454088867,-1.20682762027484,0.745884235781368,0.11440085633730845,0.9811904146033967,-0.15392713419723236,-1.788607365571707,0.12618038808724918,1.3264053721344453,0.7863077776056357,-1.6714219298811557,-0.7925241912930332,2.589494120631173,1.5510477064956554,-1.0598754209646017,-0.889836216790215,0.7524136110574915,0.3122282200738269,-0.8424454505318408,0.0,0.0,0.0,0.0,0.0,0.0,0.0,0.0,0.0,0.0,0.0,0.0,0.0,0.0,0.0,0.0,0.0,0.0,0.0,0.0,0.0,0.0,0
25.78954839294131,0.45367731744405015,1.4707162510166576,53.224459289460725,1.022132015149243,4.623337755785521,17,1.0534541871633643,0.8666253263043657,-0.10604411600535713,-2.1355831959662055,-0.4091470532152073,-1.368553405361375,0.7381671497502964,2.562689360459615,0.13916223459707666,1.2933293094057277,-1.2725650009977656,-0.4492518628571318,0.42241754290137834,-0.8234295501318485,-0.0032087856105391666,-0.5610364807253418,-0.08538037566078671,1.0390070258154864,0.8846889715203083,-1.4245350370734187,-0.5116504903522774,1.1599231752485508,-0.035344351268904006,0.023289911848323186,-0.8696737615480714,0.4437917986658064,1.31964019730799,1.3595601051297521,-0.9373382125313476,-1.8937952573858468,0.6495955125599018,-0.7211036743090133,0.0,0.0,0.0,0.0,0.0,0.0,0.0,0.0,0.0,0.0,0.0,0.0,0.0,0.0,0.0,0.0,0.0,0.0,0.0,0.0,0.0,0.0,0.0,0.0,0.0,0.0,0
26.156653613455436,0.3952210719110056,1.9880697935139153,52.88915251218902,0.7028380574229275,3.7330790775146596,22,0.1280111009708591,0.8727486979637575,-0.7345751907183491,-0.2107041966222738,-0.44072969923531247,-0.5065763053866803,1.122593714140919,-0.2300230158128329,0.1117193634641076,1.0023010611450047,-0.02263138508041962,0.11169537050658818,-0.3379620779816257,-0.7281017373460443,-0.5880687367949662,-0.17592393700645204,1.7024189157659002,-0.20025452249941367,-0.9789910725377773,0.970008102545691,-0.3268370422866731,-0.9489856102285259,0.002218702052900312,2.4360893141291697,0.15952335777846116,-2.121132803993376,0.4600053920422127,-1.6119462735212835,-0.43999006942626195,1.9160340889947705,0.3344425150710215,-0.03428945055173216,-0.3535577327771442,0.9478016378743916,-0.13187578968179636,-0.6588738646371866,0.3768021423993879,-0.8975691361340097,-0.01898217982729733,0.4379546479544203,-0.386460076384477,0.49104931611821456,0.0,0.0,0.0,0.0,0.0,0.0,0.0,0.0,0.0,0.0,0.0,0.0,0.0,0.0,0.0,0.0,0
26.207909529480265,0.4614509200205886,1.4229061138925232,53.19589550033829,0.7533121645440252,2.3333634379869537,9,0.43959310432525456,1.3540443033057272,-0.42655728595052267,-0.37162365699265365,1.2371983075999289,0.21209090529261232,-1.1884129264267145,-1.9551043833825048,0.3190725863545154,2.3333634379869537,0.3029079596969275,-1.8475258377670585,0.31565594711502243,0.7629604171413575,-1.172129680632274,-0.27241268458693213,0.0,0.0,0.0,0.0,0.0,0.0,0.0,0.0,0.0,0.0,0.0,0.0,0.0,0.0,0.0,0.0,0.0,0.0,0.0,0.0,0.0,0.0,0.0,0.0,0.0,0.0,0.0,0.0,0.0,0.0,0.0,0.0,0.0,0.0,0.0,0.0,0.0,0.0,0.0,0.0,0.0,0.0,0
25.83167159227595,0.6313842637335176,2.3283582320465683,52.84035550820018,0.8869178200902044,3.0568530833153886,15,0.931433261343436,0.6753756920478011,-0.8221687481437137,1.1414506310715709,0.19575174757328284,-1.4282121757748527,0.4578898584443323,0.3439439111078926,-1.2103863110308382,0.6308949479537986,1.7088941061519485,-1.3784663754632902,-1.5944339395754028,-1.135464650502044,1.1662578878870171,1.9337071896252525,0.046195808963531704,0.5864764125165038,0.2615212467937589,-1.87209194739998,-0.2898712612858496,1.6173325297354495,1.0297943831115646,0.005397192049755972,-0.9007955411323678,-2.3603701171638747,0.41864775883757943,1.069766101366831,0.0,0.0,0.0,0.0,0.0,0.0,0.0,0.0,0.0,0.0,0.0,0.0,0.0,0.0,0.0,0.0,0.0,0.0,0.0,0.0,0.0,0.0,0.0,0.0,0.0,0.0,0.0,0.0,0.0,0.0,0
26.134772452880448,0.43185086765661257,1.513655885668058,53.282686829227615,0.8256755795913139,2.45123022991001,8,-0.0810689638657891,-1.4252156505936924,-0.3849329287341412,2.308530969534317,1.513655885668058,0.045506179097827726,-1.117391740008177,0.09719308127786519,-0.3076595780497655,-0.9159112108001466,0.297171939772646,0.2696394413025729,-0.06309606237449827,-1.2229664065374095,0.0,0.0,0.0,0.0,0.0,0.0,0.0,0.0,0.0,0.0,0.0,0.0,0.0,0.0,0.0,0.0,0.0,0.0,0.0,0.0,0.0,0.0,0.0,0.0,0.0,0.0,0.0,0.0,0.0,0.0,0.0,0.0,0.0,0.0,0.0,0.0,0.0,0.0,0.0,0.0,0.0,0.0,0.0,0.0,0
26.039806533170477,0.4896766089316298,1.419059272741496,53.223384274328644,0.8439947539889794,2.9577597990502653,11,-0.36197636713932013,0.4167809137142129,-0.8345745088310785,-0.850628432185303,0.6789813676845178,-0.19511719968985375,0.1258584850323885,0.37728441240286514,0.3209636450122417,-0.7895207151030093,0.22019582402355553,2.3397452986598353,-1.2978174391981234,-2.9577597990502653,0.10211834030876688,1.4339212848110279,-0.22336017385213935,1.4710925122671341,0.511778999903818,-1.6134450997357135,0.0,0.0,0.0,0.0,0.0,0.0,0.0,0.0,0.0,0.0,0.0,0.0,0.0,0.0,0.0,0.0,0.0,0.0,0.0,0.0,0.0,0.0,0.0,0.0,0.0,0.0,0.0,0.0,0.0,0.0,0.0,0.0,0.0,0.0,0.0,0.0,0.0,0.0,0
25.960879011209087,0.6836834079206533,2.332306750402914,53.12807665674054,0.782042709632373,3.030420630732152,9,0.7496176378128929,-1.0879500646908369,1.0486432989892123,0.8572523926533933,-1.9228554177959651,-0.2714496123941075,0.7495776910816083,1.8462142080568995,0.5904236442696629,-1.385310164316607,-0.41081003843511255,-0.5274553224229308,0.19317385208121962,-1.1176551439926143,-1.5318164816043272,1.3046717288827594,0.0,0.0,0.0,0.0,0.0,0.0,0.0,0.0,0.0,0.0,0.0,0.0,0.0,0.0,0.0,0.0,0.0,0.0,0.0,0.0,0.0,0.0,0.0,0.0,0.0,0.0,0.0,0.0,0.0,0.0,0.0,0.0,0.0,0.0,0.0,0.0,0.0,0.0,0.0,0.0,0.0,0.0,0
26.006999134352085,0.2067401111702444,0.6443663242285851,53.158108641767754,0.8462819349949291,2.2444632482852143,9,0.436847225730844,0.22546844700044488,0.002844916718476753,1.4338725551479286,-0.06068268113027386,0.44929587093056256,0.2536646076995943,-0.17375124409481657,-0.5649271567175269,-0.7545017264656124,0.30391355128027797,-1.1482308414069848,0.2727058606471928,0.9574248361950595,-0.32849129845363834,1.2548853509786326,0.0,0.0,0.0,0.0,0.0,0.0,0.0,0.0,0.0,0.0,0.0,0.0,0.0,0.0,0.0,0.0,0.0,0.0,0.0,0.0,0.0,0.0,0.0,0.0,0.0,0.0,0.0,0.0,0.0,0.0,0.0,0.0,0.0,0.0,0.0,0.0,0.0,0.0,0.0,0.0,0.0,0.0,0
26.134081827235097,0.7271251196978469,2.479641874013396,52.92431670947304,0.8621346307241059,2.8191004280100955,13,0.909412908323926,0.17828835636355933,0.04865579653835539,-0.47017221843503165,-0.5668922343468203,1.1640923495403968,-0.08644202472611795,-1.7780891022783862,-0.6917964688190388,-0.32044385849926726,0.35787234037931626,2.7604004524902237,0.6841479921529157,-1.9313151425484705,-0.6590249711610277,1.2400484146773323,-0.4497787845153134,-1.465235357148721,2.4763578294967132,1.4351016958326355,-2.479641874013396,0.7801003647070957,1.8600786774304048,-1.768534307354848,0.0,0.0,0.0,0.0,0.0,0.0,0.0,0.0,0.0,0.0,0.0,0.0,0.0,0.0,0.0,0.0,0.0,0.0,0.0,0.0,0.0,0.0,0.0,0.0,0.0,0.0,0.0,0.0,0.0,0.0,0.0,0.0,0.0,0.0,0
25.964495270542347,0.5056601724797226,2.1107132157978796,52.99037266179807,0.7558302759473083,2.77176511407054,28,-0.7564283187227048,0.5678883973197131,-0.501569992923173,-0.8971186850806632,-0.21576478870792926,0.0011366479820935638,0.5705966174809767,1.4121587294733473,0.5553852513507458,-1.462533854492122,-0.5245996161509972,1.452085228854294,0.819352025312444,-0.16297696644421222,-1.4811653101494535,-1.750718417315639,0.7195433711027519,0.8385936611639551,-0.6201522482835315,1.4973392443064242,0.8080126635190403,-1.7402199473496438,0.26162775373616753,0.4134090150642322,-0.6538245918891761,0.7411721244490295,-1.0917260314730406,0.2570636928245591,1.4015810017118149,-0.8279435162616764,0.11889520246850793,-0.2767770469177151,-0.016221898385907707,1.6159040451121243,0.41574371843022817,0.25322384167925094,-1.1534179357356003,-0.6080332904126209,0.8756348925497477,-0.7148319265734173,0.25614570351376287,-0.7148670913647663,-1.4855475482422449,-0.0177429479325113,1.0491197049627452,1.0823668094578593,-0.41191582846332153,-0.08329270750165563,0.21132857895301171,0.7865602976461972,0.21459957831999077,-0.6009188003282304,-0.41745252382594344,-1.7228243154367675,0.0,0.0,0.0,0.0,0
25.94094292479764,0.525945894959454,2.034599341630848,53.04135050642066,0.9298819897619442,4.204954734274665,24,-0.615664160066796,2.295548153610646,0.886186901022171,-2.0935566098671003,0.12353866277657133,1.228855351665601,-1.0829503174676418,-3.3402534760731655,0.5123779948979639,2.9460618640598994,-0.046716944224705514,-1.2244000154769523,0.24741080494852952,-1.4140694157053701,-0.21265268728107145,1.8951138949243145,0.06852300985056559,-0.5788005177699489,0.3548466511573345,0.7064070291459643,-0.8778343149214116,0.3448185672823527,0.9256131174309772,-2.0001812594501374,0.20187979813521295,2.0032552793733984,0.24650113097881032,-0.8067515985875531,-1.8887511588131147,1.0770893523780458,0.9802328335110708,-1.2463915229529121,-0.8910994586191876,-0.21220853082684243,-0.2349815577096166,0.3979703465763009,1.289578368690151,0.059845332552718844,-0.271622420228919,-0.6117164062972691,0.3495013723105522,0.1331840564291582,0.09313836915828588,-0.5844566428468028,0.3808841340103015,0.6337843557788787,0.0,0.0,0.0,0.0,0.0,0.0,0.0,0.0,0.0,0.0,0.0,0.0,0
26.07994324315734,0.44809439436236553,1.4994031527889362,52.723754420594304,0.8225406681933218,2.695978097865428,16,-1.043094757451673,-1.6120961464611128,0.09161741569636916,0.16041285917866333,0.26682537142471574,-0.18701770084751956,-0.2760495472782658,0.01676910586355973,0.8178171522630429,-0.9291007491100345,0.4406820985115978,0.27210928035679416,-1.2353880547679559,1.1246309361618287,0.11259715919425517,1.1488994047324397,0.1344585159403664,-1.7015670297368501,0.35218878538826814,-0.023517192344222337,-0.3472705212242495,1.8754226986954379,0.7703708450042264,-2.2478228257893775,-0.12031674724533303,-0.44238856071235233,-1.1660431350785139,0.6661821812551381,0.8532152595849638,0.13258476587451185,0.0,0.0,0.0,0.0,0.0,0.0,0.0,0.0,0.0,0.0,0.0,0.0,0.0,0.0,0.0,0.0,0.0,0.0,0.0,0.0,0.0,0.0,0.0,0.0,0.0,0.0,0.0,0.0,0
26.082423234193428,0.5857972273018928,1.8958110605679543,53.154152048630706,0.8481324021011143,3.186495961261393,29,0.6548543086001786,-1.1769901793900033,-1.4641372240565005,0.5224323310902932,0.6265383609973156,0.028253515592723488,-0.810792960069378,0.560961408952771,0.7654040087413811,-1.8324052996555409,0.7104061291002424,1.2231888540917026,-1.1967962404460941,-0.5780762453249721,-0.12903554942640483,1.7045486181197376,0.39739003988801613,-2.3520329962693225,1.068495760803426,1.6046324214079135,-0.6373891840675157,-0.6568676548283818,-0.8379767860046314,-0.04198854801789764,1.179987617268889,-0.19506829452682695,-1.5550617874074781,1.0341160774314346,1.8958110605679543,-0.8662512974102796,-0.6400542243937828,-1.4306136313559321,0.4535533799957818,2.195135125466578,-1.7056777741953795,-0.14664138926441694,0.9086199696218635,-0.3592513183350974,-0.15166537871270336,-1.3724890511683157,-0.436545273440462,0.12428661562098142,-0.14452207340237422,-0.72346202001183,0.901552439505469,1.870218206732737,0.04532522467703615,-1.447902977083345,0.3511211693060652,-0.29536163575023977,-0.9016975500262916,2.3949920097297692,0.18090562158550938,-0.4054476438697563,-0.6204250573951384,-0.8810809834350195,0.0,0.0,0
26.014292531126912,0.5168002905891966,1.993798333225456,53.01108953051018,0.6562805695689752,2.632602027053501,23,-0.8047381917739536,-1.673365641460343,0.5115111638109155,2.632602027053501,-1.4094265624623148,-1.679450295535318,1.7330651469765144,0.35407992577483327,-0.8652064007736335,-0.520304729911409,-0.31159874720181335,-0.17666440871525424,0.5182203146504918,1.3112583225982988,-0.12839679172356,-0.7167263948786982,0.8353314154226759,0.16087937277959696,-0.7473313676357449,-0.8370988945136091,0.891506074487495,1.4879602421727043,-0.5162372054121462,0.08138440931185897,0.2821126357116519,-0.9333745776131579,-0.44826717022013085,1.181480496169172,0.6371127177838858,-1.097637030045128,-1.2128414863112802,0.7071037204106787,0.6336242238884999,-1.9221464616951351,-0.25503014346287145,1.5810867578532068,0.8965321544693658,-0.49992986727468036,0.051202962576056166,0.34160311484954775,-0.7493065727111521,-0.03587201623933822,-0.6459661801664645,0.012013933216927342,0.0,0.0,0.0,0.0,0.0,0.0,0.0,0.0,0.0,0.0,0.0,0.0,0.0,0.0,0
26.086293743968557,0.5613910847933153,2.6022796876754732,53.05161704780575,0.8561857480390942,3.0434671896798022,18,0.226666892081127,-1.1793593262626771,-0.12099325893301227,0.4010557583048069,-1.1525966895204327,0.09782151949374196,0.9947503710861696,1.0167253068660926,-0.31080340184255917,-0.04588982032183253,0.5133089265844113,-1.7313374563110386,1.4050237918474515,1.0405211899569835,-1.3088886685645562,-0.6116111725992184,-0.3405056758233478,-0.43914004474092394,0.6176655940748219,0.8331902882007682,-0.21955680738401995,-0.073172590425159,-0.03129669837868576,2.188159419841071,0.09337805138191513,-1.595005328787856,0.7248464858069354,-1.4484618608919462,-1.5937160000777268,0.6502747972666327,0.8022602560686849,1.2689258396802714,-0.7000066033964956,0.8536475819524227,0.0,0.0,0.0,0.0,0.0,0.0,0.0,0.0,0.0,0.0,0.0,0.0,0.0,0.0,0.0,0.0,0.0,0.0,0.0,0.0,0.0,0.0,0.0,0.0,0
26.25547358824541,0.43193195309262417,1.6490403374041485,53.40568966247643,0.7701600762324626,3.22277342336254,19,0.20496082781089342,-0.9814376538211818,0.3493399525222358,2.092764758667869,-1.0037514761829236,-1.5775538401001015,-0.05006956184355715,0.5012986097086696,-0.22194429261383775,0.21705146420308097,1.6490403374041485,-0.2223677140837168,-0.42591359133392714,0.4463962440101241,-0.7133369162462166,0.12636872086897455,0.9868202727195516,-1.0385691402909956,-1.0166512727463584,1.4802406760023175,0.41313693289959375,-1.5138967168935267,-0.3571192848554041,0.4829220824336389,0.1938167750138753,-0.5795417859880132,-0.053022004608461515,-0.2286362712372494,-0.3583734079550993,1.374131689153323,0.7587419557310007,1.6621646469081455,-0.18827306020072498,-2.786925428597087,0.155871087908789,1.2616651703987145,0.0,0.0,0.0,0.0,0.0,0.0,0.0,0.0,0.0,0.0,0.0,0.0,0.0,0.0,0.0,0.0,0.0,0.0,0.0,0.0,0.0,0.0,0
25.91089735403536,0.40953684682353536,1.6162988439898953,53.42940542586019,0.6558757884671516,2.6035176107818643,19,-0.25680543492314456,1.2577947276862602,0.21124667008536946,-0.25711231079151275,0.608199168371776,-0.9415685041317232,-0.22226561911237397,1.8552717898477127,-0.22594846612441088,-1.4732812764966496,0.07363566304785607,0.9955802236313431,-0.3756408865201557,-0.09312989953818374,0.1828965365764148,-0.7855591251811802,-0.23467746066593165,0.26918629016085305,0.18426251873738764,-0.10164754614910265,0.8204787739631847,-1.4146662772089442,-1.2120250375019097,0.9612414286757769,0.19457707247713785,0.8135655035933169,-0.28279059825641895,0.36155126673359916,-0.10830494712592298,-1.7974607913548866,0.6420684214961554,0.9995767789159729,-0.21541863380274862,-0.3023688708283885,1.1896490562964885,-0.21499542228730206,0.0,0.0,0.0,0.0,0.0,0.0,0.0,0.0,0.0,0.0,0.0,0.0,0.0,0.0,0.0,0.0,0.0,0.0,0.0,0.0,0.0,0.0,0
26.04494343414398,0.45348050157366004,1.643315790865305,53.0263777538595,0.6254050113495672,2.3685317587495547,30,0.45015459603873254,0.16626645445709443,-0.3287945850426759,-0.3229984054094004,-0.23676816599599704,1.371601729334479,0.7770168989751873,-1.7816928358743738,-0.3773477304713708,1.7150436153897317,-0.6011640172418424,0.3413113486231154,-0.5623609818747788,-0.4058684468941607,0.11464486071621849,0.1403600449765392,0.9605315646180514,0.03753438858528568,-0.7817724637843071,-1.3671766370430447,-0.1888714989294833,1.907327445112088,0.12498507521237201,-1.5158489870382752,0.03535050729825073,0.31495090923482394,0.7690159899364737,-0.21299976060878834,-0.5036948717822618,0.6593435513826122,-0.6078162622585666,-0.8236634912117893,0.7017097490308828,0.48396237389983554,0.09561061734294185,-1.0418076331066999,-0.35080149694454477,1.920007220518059,0.8176109728167731,-0.39513941004108943,-0.788411984942492,-0.7704005662815803,0.7646382861647183,-0.14151141449923443,-0.2557774534810875,0.8910218210748084,0.16491136418471797,-1.0815373015629248,-1.0125781744254034,0.6661269571209019,0.5984305165222494,0.828826777332992,-0.07556909840643655,-1.578124725254881,-0.6845892601663799,0.9438863586059156,1.2635336273552191,-0.042300449747770585,0
25.888951915654978,0.3284772568389841,1.208957103466183,52.89718654128123,0.9618902826399327,3.22727194544391,17,1.1983219712202668,1.3348852780749567,-0.2331334214622025,-0.6370041976650995,-0.12004941490134513,1.1895425228812826,-0.061451333945907294,0.2284469174517909,0.07696892205527917,-0.7488430209325116,-0.099678285077065,-1.0445776741576722,-0.14589885353269239,1.7012547460009912,0.3838113596437367,-0.6845526832613871,0.1222851191043901,-1.3486709077419547,-0.6273635166595639,0.07073305956954812,0.18491617259939375,2.3323731502190626,0.09805690896126151,-0.13264870115793315,0.10471752932082623,-3.0946232442859767,-0.0664993884812759,0.9274817974706906,0.39395333462108084,1.99891711270363,-1.1560441076801027,-0.9274784672117633,0.0,0.0,0.0,0.0,0.0,0.0,0.0,0.0,0.0,0.0,0.0,0.0,0.0,0.0,0.0,0.0,0.0,0.0,0.0,0.0,0.0,0.0,0.0,0.0,0.0,0.0,0
26.264631386516886,0.5286626015195904,1.5107473887936997,53.126179077029875,0.8426892983060068,3.6132969515149966,14,0.35795182580381635,-1.1541561709411283,0.9153048688973549,2.2935003721611977,-1.2299520690061136,-2.0144256076091267,-0.27658044139733207,0.15666649331241445,1.2702854947596016,0.5419804925288574,0.24046189403409812,0.9694580689801242,-0.9794457593414734,-0.5601475553300403,0.5038836817802519,-0.3512883809522549,0.16500644006126208,0.03873842380495773,-1.0419800740346297,-0.33581908917970793,0.12858919858525653,0.41169987670002683,0.858090174261303,-2.4701596737702474,0.22706988277688467,1.7863620948996086,0.0,0.0,0.0,0.0,0.0,0.0,0.0,0.0,0.0,0.0,0.0,0.0,0.0,0.0,0.0,0.0,0.0,0.0,0.0,0.0,0.0,0.0,0.0,0.0,0.0,0.0,0.0,0.0,0.0,0.0,0.0,0.0,0
26.050782638087583,0.3663736984679934,1.5159376027132225,52.96563595255162,0.854170839254179,2.9125102780113536,17,0.29814498895235175,-0.995347913989626,-0.4347237545397604,-0.04356784243885414,-0.23592179087318144,-0.35794349760344346,0.24729230133800684,-0.051130694604808014,-0.5151903718217703,0.8049890403885698,0.22816547628769257,-1.3677658853675538,0.27870911877597493,2.1174979854538947,-0.006626488369512629,-0.17432432129632502,-0.13536860595200295,-1.409270403524367,-0.6408829150856086,-0.4078424152047617,1.0122971282974618,-0.9210731379858998,0.09890943008941733,0.6110336926969495,0.40473104432634344,1.585060292293683,-0.6009572493317528,-0.3316557071857744,-0.2201570811986251,0.1426493651243419,-0.5072456719008152,-1.8713865605041988,0.0,0.0,0.0,0.0,0.0,0.0,0.0,0.0,0.0,0.0,0.0,0.0,0.0,0.0,0.0,0.0,0.0,0.0,0.0,0.0,0.0,0.0,0.0,0.0,0.0,0.0,0
25.54247435331978,0.2933709177492909,0.7494937890226439,52.6935215239426,0.5359520114390202,1.6534638908601949,6,-0.022633092648131736,1.331671762514567,-0.512514688955676,-1.6534638908601949,0.7494937890226439,0.2029987371961326,-0.7356515061992255,0.3037297964983239,0.6196987898702488,-0.1588956098489689,0.0,0.0,0.0,0.0,0.0,0.0,0.0,0.0,0.0,0.0,0.0,0.0,0.0,0.0,0.0,0.0,0.0,0.0,0.0,0.0,0.0,0.0,0.0,0.0,0.0,0.0,0.0,0.0,0.0,0.0,0.0,0.0,0.0,0.0,0.0,0.0,0.0,0.0,0.0,0.0,0.0,0.0,0.0,0.0,0.0,0.0,0.0,0.0,0
25.996058992117995,0.45059017567987364,1.4645829078639352,53.241249721882276,0.9765665082084319,3.6911337824166495,21,0.3247510774710278,-2.321069225301194,-0.7883340687873144,3.624503322900459,-0.5706496751886512,-0.9921660012792302,0.25592101360550856,0.9675958272939127,0.8567780195116441,-0.692555733630897,-0.44578185329082487,0.159833466176579,-0.10873850877265667,-0.868198820215575,0.20704424339753302,-0.3740503246327336,-0.1753548267192926,0.50862175993759,0.7916861205923276,-0.8658130143829581,-1.1474277811764075,0.914132744917417,-0.05740792607080536,-2.4485336866007543,-0.2597472006167223,2.1357748020520972,0.4217329411714843,1.0413950999101758,-0.27599391947023477,-1.000294032938534,0.6550254916594405,1.3065393272816195,-0.09856407156378921,-1.5929825007036769,-0.5500114327965626,1.013117040669151,0.8341074295479771,-1.504736789328959,0.4638367540509485,1.4721813545830003,0.0,0.0,0.0,0.0,0.0,0.0,0.0,0.0,0.0,0.0,0.0,0.0,0.0,0.0,0.0,0.0,0.0,0.0,0
26.125345374714932,0.6193319092843306,2.3044574082151676,53.988899867199095,0.6528431431931061,2.2273548065821203,10,-0.2261727020352744,0.834975648449138,-1.1770658096108448,-0.17544080895670788,1.1597526696294373,0.8869851996348501,0.2339148975426788,0.6808347674548401,0.30762820797005475,-0.1697673788893539,0.36612018193957496,-0.6185935962399043,0.2370414511334218,-0.7728284406843571,-0.3943826791214633,0.6571379312023566,-0.9041788342135924,0.24969276062604706,0.0,0.0,0.0,0.0,0.0,0.0,0.0,0.0,0.0,0.0,0.0,0.0,0.0,0.0,0.0,0.0,0.0,0.0,0.0,0.0,0.0,0.0,0.0,0.0,0.0,0.0,0.0,0.0,0.0,0.0,0.0,0.0,0.0,0.0,0.0,0.0,0.0,0.0,0.0,0.0,0
25.713219973196153,0.5009502233315348,2.06792131046684,53.02039362016291,1.0393840663439122,4.84544334899482,21,0.5478472252901376,2.319018957151144,-1.2727068610767773,-0.44224856894035725,0.7512046439724358,0.23429770737464395,0.27677939889315084,2.7343752534093895,-0.43931224205546826,-4.808280516747935,-0.013411478903879726,3.0470476714077606,0.13436340916035405,-1.6097153353291702,0.47998614239762816,0.4598211390426883,-0.23976087336637164,-0.26627291976340217,-1.0254511074593005,-0.30297927047743656,0.05876554034495385,-0.11647727587257606,0.7569174873889466,0.7194733310494144,0.5322758819553641,-1.4773459457957472,-1.6025957143893947,1.8142022913547535,1.1238873332868025,-0.9334188579256164,-0.013258840182896137,-0.571099947324079,0.9572928173629336,0.5440451848356318,-0.8866797949606529,1.3657296598867106,0.3840053982268934,-1.4339874431030353,-0.12086592232673254,0.71503096418067,0.0,0.0,0.0,0.0,0.0,0.0,0.0,0.0,0.0,0.0,0.0,0.0,0.0,0.0,0.0,0.0,0.0,0.0,0
25.916295565256686,0.5719992309968657,1.9468713481084379,53.026310802669116,0.6836009707450106,3.2026933110603295,21,-0.47456074540103543,-0.27578874549474364,-0.8065279296212466,0.7207987583653264,0.18856626233747775,1.0348383872812548,0.3126045539253397,-1.9413801147914427,0.9983717252424,-1.2613131962688868,-0.9056852016298116,2.1117649718505405,-0.11090913034966121,0.6487650947639523,-0.6024579384389597,-1.3549790800991843,0.5084000047830024,-0.32102215889590724,-0.28812578194035865,0.21422245980956944,0.1148782615340167,1.029971818007148,0.5615652555407706,-1.0437330467329744,-0.26055744288496285,0.6265769933022582,1.0503293291412632,-0.24076590768232364,-0.31074553998193366,-0.08254602253016685,-0.8434436552589091,0.6213375513400052,-0.15396695196508858,-0.9438977812931455,1.1497298887023533,0.0383946717455359,0.13870027690964548,0.9825515281456205,-1.9271453665145053,-1.4276225393347204,0.0,0.0,0.0,0.0,0.0,0.0,0.0,0.0,0.0,0.0,0.0,0.0,0.0,0.0,0.0,0.0,0.0,0.0,0
25.995821243677035,0.3733929717897639,1.3961693777734787,53.14103179902185,0.8102101523888112,3.1564290337811016,28,-0.47712394067890784,-0.8472888885190173,-0.6041890889989006,1.4368619348178413,1.0837118541940676,0.5361100372689549,-0.7046753619422539,-2.739876075403444,-0.1580679586307241,0.30966251912347786,0.3379997599799687,1.0069448031829111,0.8372010841724205,-0.23970719086180736,-0.9368429029822316,1.7223707090605203,0.485150530306079,-1.3413024658786554,0.0758705781676845,0.9382087442411944,-0.1419033612222762,-2.7533353121436406,0.41389917583392943,2.290634695828757,-0.989093827153269,-1.2237490420725337,-0.16810941920903133,-0.012820600289074946,-0.009815906487329329,0.38654763456602836,0.45924912036260324,-0.9409804906551713,-0.40128912127037,1.4938953320423565,0.5472937848529291,-0.20165644688405138,-0.035276246070218065,0.06038182517638546,0.47079244173057333,0.49667101915650846,-0.36371449747499796,0.5022008192489977,-0.3536480820487462,-1.502794476225361,0.4135005301470649,0.6728493510592131,-0.7205216121653102,-0.14748994512119395,0.4960266659368102,0.06770103839517105,0.17877096080994903,0.011986526509630835,-0.09504181772272702,0.9583245440790833,0.0,0.0,0.0,0.0,0
26.033721678634645,0.3205942817092175,1.3392780986377275,53.075645303093,0.7144194736807831,2.697971919547541,26,0.727570351075645,-2.6143656147979684,-0.36696871244411255,1.0044003726972122,-0.24546442457108952,0.467242850134852,-0.30444896395732,0.2851413550101185,0.6488916950700876,-1.6047457936204381,0.21161007677163823,-0.2356450889713173,-0.1693171100888904,2.101231696452352,-0.27960119312549025,-1.4489313670354065,0.199985807726204,-0.03349412095478499,-0.0028991588700222337,1.8500257446155857,0.02442698233012308,-1.1844378864322778,-0.6870009411183915,0.005228730359803535,0.6908156508170009,-0.20483013826648744,-0.3189614095405382,-0.8353460972733089,0.7406075372379775,1.5197432129100505,-0.4538499821297428,-0.2129971419750163,0.35128029003631056,-0.1926073572689475,-0.5686303044363221,-0.22801149169255552,0.018033774719146578,-0.140797288049626,0.8799825419338951,0.9638424311085672,-0.5289580289204139,-0.8430211622028096,-0.5754248604106209,0.061785619737761976,0.805744485513106,0.4751633547341285,-0.715139586024172,-0.25754577936270806,0.3795014356196944,1.1474521014880423,0.0,0.0,0.0,0.0,0.0,0.0,0.0,0.0,0
25.585374795469704,0.33344662837910644,1.2686769294847018,53.059177846375995,0.6956745373161841,2.6406052325959806,18,-0.11824037714137958,0.360412726928665,0.24251116435528886,-0.919657754242273,0.2558718072630555,0.10477542603207723,0.022194833720824647,0.21486896971232028,-0.8081876458009525,1.2607784487409006,0.4881111930003392,-2.517193096350418,0.4111526905771363,0.9225744543625609,-0.5790760011300549,-1.0459865906081234,-0.11892672696643203,1.6674331382946264,-0.5706742013882149,-0.40502148201886,0.796469429558794,0.2775604053792762,-0.24321787528772632,-0.03989564027600068,0.08284815792037747,0.6700685528899513,0.3560562899152018,-0.36206023130804255,-0.16400428663162359,0.23389999447329757,-0.28320450865820135,-1.5168341180456224,-0.47480183568696077,1.8069644438976695,0.0,0.0,0.0,0.0,0.0,0.0,0.0,0.0,0.0,0.0,0.0,0.0,0.0,0.0,0.0,0.0,0.0,0.0,0.0,0.0,0.0,0.0,0.0,0.0,0
25.948233319538428,0.515528701081696,1.8721225601088634,52.86469103945557,0.48174723511955214,2.1907354108881307,21,-1.2434142779432875,-0.5744142780417008,1.2627431819898298,-0.10688746586371423,-0.9105075828291689,-0.06930540914119376,0.27388998057229585,0.3901453425426382,-0.20490659117576016,0.15176209548948805,0.8093710686130038,-0.4827649711418971,-0.09731181544092848,0.128967321849899,-0.32211906132461365,0.22179448742063812,-0.7976850525856491,-0.0807162469761522,0.2184232582782677,0.17079528193163895,-0.1567773287379417,-0.5661974160984187,-0.6097831806430207,1.3450109698996044,1.7547304943211053,-0.7262117853735788,-0.794570814096371,-0.48053994418751955,-0.005335218974799716,0.6785847761627295,0.9172980988589288,-0.33500225295779984,-0.986045417905963,-1.327566204531962,-0.1822411666497814,1.659823235764236,0.3078626575854706,-1.0883671140846474,-0.4539617156809541,1.563147188492394,0.0,0.0,0.0,0.0,0.0,0.0,0.0,0.0,0.0,0.0,0.0,0.0,0.0,0.0,0.0,0.0,0.0,0.0,0
25.686320077530773,0.32363129170562727,1.1495875957801651,53.04931082098526,0.804469964985127,2.7160500607471505,11,0.7306810590174706,1.6508204411089196,-0.12205291121414064,-0.3775074603813309,-0.3255501784449635,0.34790456128770586,0.18310295153326805,0.08926573459815046,-0.049214994741785034,0.8170973381934203,-0.282374621754105,-1.6747957309052879,0.13679473671048825,-1.0412543298418626,-0.29184859005152575,1.382916383806112,1.1495875957801651,-0.7520339389135557,-0.894721756008444,-0.23080052834858122,0.0,0.0,0.0,0.0,0.0,0.0,0.0,0.0,0.0,0.0,0.0,0.0,0.0,0.0,0.0,0.0,0.0,0.0,0.0,0.0,0.0,0.0,0.0,0.0,0.0,0.0,0.0,0.0,0.0,0.0,0.0,0.0,0.0,0.0,0.0,0.0,0.0,0.0,0
25.87576848892879,0.43614728814563714,1.5412018553953786,53.203873447874535,0.9147585469512098,3.3318416356779395,27,-0.11775502947207883,-1.7914454354764686,-0.22988114953491845,0.8976070017677245,-0.2987330692593666,1.2554637415669418,0.6809525500961371,-2.319434810778027,0.2739885982397894,-0.7339188564789296,-0.12733857996751397,-0.27597582910032514,-0.15967162896623321,2.074177650215276,-0.2648895663747126,-2.0766897895359335,0.7769961261908769,1.2086649240965315,-0.9626890558157761,0.6477057919815081,1.0465799168950305,-0.20171012016724177,-0.8891224663850998,0.1922154618834071,0.12489089078684401,-0.16252400670665423,-0.35717497663132036,0.8452607660100355,0.48269152186501785,-1.7849457552417576,0.7383573026818091,0.22025699382421493,-0.22984218501701292,-0.07653144544983093,0.23139701179204053,1.2822810057067429,-0.22813978304704818,0.056165421225962575,-0.812906187232155,-0.3593386152612439,0.38644030210140556,0.5858146780571403,-0.22470495239495136,-1.8892276274130495,1.0553870165782513,2.2762119831420122,-1.2636817752326763,-0.11518839187110075,1.0452431679077137,-0.6300932995732111,-0.0003719096401724187,0.8369415292202547,0.0,0.0,0.0,0.0,0.0,0.0,0
26.06792015871264,0.5690485931170175,2.4471054643890717,53.16316124237799,0.7505548504643608,3.039295110289629,24,0.728391392219649,2.18186223100966,-0.8858100316797426,-0.9852242138242744,0.9038179444698144,0.7557775137865121,0.3065204973296147,-0.26449040250994926,-0.3376666219563589,-0.9395706790473923,-0.2057259382112484,0.7697220716554725,-0.6358121822811249,-1.669518275086105,0.07051118738769091,1.968919161575748,1.0482349357110152,-0.2440712276646977,-0.2351349506956666,0.2724013621220607,-0.40918426164143895,0.33556652515524377,-0.1894450131941703,-0.5523987879019572,-0.803949163672744,-0.1756243363291432,0.4774777272134685,-0.8233262051676533,1.4911357529120792,0.13507805840978904,-1.595937329071095,1.5191643070611036,0.7349676961117737,0.199680628422918,0.40898207598706193,-1.3395566736144247,-1.1311833205987476,0.22729054685226657,0.7198165713916893,-0.7604936977976351,0.37660253136478516,1.661896976208972,-0.4627081078017028,-0.4058720172605348,1.4279518668797593,1.0206404902175734,0.0,0.0,0.0,0.0,0.0,0.0,0.0,0.0,0.0,0.0,0.0,0.0,0
25.824054103777623,0.5626051665277221,2.0551874964441446,52.98138421361041,0.6353182240045452,2.032603135525939,11,-1.5522089274556308,-1.0944558382818173,1.9352237798044243,1.3109261197803903,-0.4986498504577419,-1.388140110560613,-0.5167449783357441,-0.6444630249653258,1.1353585454332062,0.1708392232521163,-0.14309889454760594,0.8558969730733352,-0.4818429620138929,-0.002482375938498649,-0.4124245916225817,0.31470051984761227,0.6651000570996963,-0.3345881374953805,-0.02746232504588164,0.8541540377462198,0.0,0.0,0.0,0.0,0.0,0.0,0.0,0.0,0.0,0.0,0.0,0.0,0.0,0.0,0.0,0.0,0.0,0.0,0.0,0.0,0.0,0.0,0.0,0.0,0.0,0.0,0.0,0.0,0.0,0.0,0.0,0.0,0.0,0.0,0.0,0.0,0.0,0.0,0
25.95168472771955,0.49011449946778785,1.7126676870791684,53.11954410271448,0.7241417615426978,2.7896505161916707,30,-0.9428409996503468,-0.07196595096971947,1.1390848343820927,0.1638420646822496,0.3929010089936078,0.5727203613470877,-1.0217087426337166,-1.1443386196558052,1.2023905863371844,-0.6810825502291777,-0.28786272083171127,2.572229974495862,0.18182445534331393,-0.4804704072909658,-0.5084581494902132,-1.7544478365915595,-0.591164516093226,0.991415904020279,0.8867903017829804,0.7000561246481283,-0.7027081672912416,-0.20932657604805627,0.3712427064358508,-0.22962450767740705,-0.14461774945348793,-0.5057921612168172,0.6480234248002574,1.5180246533229607,-0.1971844254367845,-1.2051560420820024,-0.40544640211784966,-0.5886545054241168,-0.9355206976138923,1.1088279905330296,0.658189863505477,-0.6200136695153446,0.6697248780068108,0.2029912682417674,-0.2120560142189163,-0.11731882052993825,-0.8916660977297255,0.23490109774056123,-0.15168301902801318,-1.18018546173289,1.0010485613131728,-0.3781201070166418,-0.6262831589366158,2.308191288322874,0.04813035343909888,-0.9476385291555331,0.8167020948101147,0.4170101724955302,0.2648155258165126,-2.024485198068966,-0.9764704037259868,2.261153863113705,0.35297085971206243,-1.2705350032562137,0
25.862275399629226,0.5333647010807546,1.8941156329809168,53.036962555044056,0.8112806124725389,3.4700895133804224,23,0.48812425615846067,-0.05448806211252588,-0.06730332439444098,-0.14777070354289634,0.5983671261241845,0.6293346738733234,0.22647429845279277,-1.7058363030334505,-0.015914354648941753,2.1923951527819128,-1.8730153861188512,0.6502691221670958,0.6646740747764177,-1.5707130651097359,-0.6698599669895415,-0.015619107556808842,0.5406722446936669,0.35712693786119587,0.27201203176560185,0.6898733838012348,0.5300399130653872,-1.0749437550219625,-0.4652474248597436,1.0065911063351791,0.013931581771949197,-0.356360394918795,0.33691737707420444,1.4984934172411641,-0.9455371642037882,-2.1522187673335935,0.4353582461219716,-1.3178707460468289,0.16751826357324617,0.434449061628257,0.15057731859301526,1.155893886468533,0.13967798942844567,0.8127630852964813,0.7118478997537458,-1.344312987553181,-0.29615681432597185,0.3372613524363146,-0.8388230927865159,0.7326201497655234,0.0,0.0,0.0,0.0,0.0,0.0,0.0,0.0,0.0,0.0,0.0,0.0,0.0,0.0,0
26.122202867635885,0.45609203320701286,2.0414788346045114,52.83493285247525,0.8284504018404911,3.547051139575885,30,-0.686553705438353,2.6146686241128094,0.35607604655102065,-1.3559640690475163,-0.19569723598937117,0.4200079781718955,1.5631553341372708,-1.5366707619085318,-1.05089652845297,1.4794969028399265,-0.17249141413871172,0.4780809861316797,0.14295050061423709,0.6659140830845942,0.4532497660603916,-0.4279364334424969,-0.73127136631798,-0.6769400726793933,-0.2532645767136472,-1.6788816458355456,0.7170962629815882,1.3413201150766483,-0.5096138970493662,-0.5798258845682795,-0.44747538153959354,0.6619899520233403,-0.09739555133777955,-1.1610429660890773,1.396991491297797,0.8049271400025617,-0.6988259919601241,-0.2456129408113341,-0.3606059754558437,-0.024786617730548244,0.17761623647517055,0.007944135982477007,0.520889814525205,0.3219051756823248,-0.5504251169251972,0.33763958034901975,-0.5780071066676875,-2.2277506775355818,0.8876302906626741,0.09764858522687092,0.44125348271281695,1.6301932131327916,-0.033441749800655174,0.11273783617300381,-0.8503971280547482,0.3095042090476454,0.9142512972978132,-0.7334268571681335,-0.5281113413933802,0.5897100391031245,0.5140986851035549,0.09364640879630315,-0.3337301569380884,-0.6888650415068227,0
26.104197399054666,0.49899733256481965,2.1087999606527426,53.01350867082171,0.6804664520092469,2.473450278303652,17,-0.07530881442343329,-0.36865900839738686,0.7032780836580521,1.1717091573677507,-0.04201975344846787,-0.5291064016462315,-0.2335948404183199,-0.20762823615073245,0.43352955541447,-0.04175226496848694,-1.4427615610789175,1.5366831938899992,0.6984665073304654,-0.3980097742344171,-0.2959612354139729,0.7021707546291935,1.70629468873625,-1.0411020449888468,-0.7715262223709338,-0.3776494877097676,-0.39614090202713115,-0.06588551279985921,0.43202628125221665,-0.7959192772132369,0.1656425424544814,-0.19289395559194134,-0.005321986115522037,1.4150080109154217,-0.09196410321186121,-1.1536157859009037,-0.592121904191206,0.9169091714803912,0.0,0.0,0.0,0.0,0.0,0.0,0.0,0.0,0.0,0.0,0.0,0.0,0.0,0.0,0.0,0.0,0.0,0.0,0.0,0.0,0.0,0.0,0.0,0.0,0.0,0.0,0
25.970720536767008,0.428562206693249,1.7298383969230784,53.046076621591446,1.1807678177928476,3.6712914577113906,19,-0.08676133156328802,0.6840997855193152,0.7686570233160097,-2.7970700072913814,-0.9039771792017248,2.175650917475906,0.3362680774756406,-2.396812502256715,0.0029875964405512434,1.2220848134454982,-0.27649104734630825,2.0758649347393217,-0.4353406775362849,-1.7687587186344018,0.8477200257508848,-0.47367834481352844,-0.1919892377365251,0.7807537883394318,0.2806222206459772,1.812675253718588,-0.5169203879378692,-3.119670868295664,0.8772108026261094,0.6242978684533398,-1.0487975400124476,2.0389932758551836,1.2944070326148704,0.28821652828648325,-1.7298383969230784,-1.5689068542624156,1.0912032871925774,-0.9084971825890875,0.020330308984863876,2.6679169634686417,-0.6354938752337524,-0.40112088804796997,0.0,0.0,0.0,0.0,0.0,0.0,0.0,0.0,0.0,0.0,0.0,0.0,0.0,0.0,0.0,0.0,0.0,0.0,0.0,0.0,0.0,0.0,0
25.928955435243687,0.36563131080421407,1.464990064936515,52.762981041702524,0.7061354799173458,2.469175330351412,22,0.6264169040820668,0.29400829336780276,-0.655653714511697,0.41358499317560415,0.2800217520052364,-0.9918134510001977,-0.503654194999708,0.11582800478204547,1.134441890732468,1.8141088693615046,-0.8857660773785199,-1.3928325011377822,1.0340452710666455,-0.1510434208995619,-0.7310257290302964,-0.633848637308219,-0.7339643359062187,1.7556393944268152,0.617986415708728,-1.5252827607880661,-0.4458750404602725,0.8325065220395089,0.826063102422161,-1.3543139266841067,-0.42535607985250934,2.021086295744567,0.21228651867710724,0.28694675460356933,-0.26628168253695605,-0.5538687185124544,-0.09299459690838319,-1.6152003815066465,-0.20913985287614878,1.8985938202516195,0.9049224732185763,-1.332888914839664,-0.5046880193106134,-0.27489830326501163,-0.07076889594934244,0.6300086663711681,0.05823849762811051,-0.015925302071067904,0.0,0.0,0.0,0.0,0.0,0.0,0.0,0.0,0.0,0.0,0.0,0.0,0.0,0.0,0.0,0.0,0
25.887992347339647,0.6100971464643056,1.8487772609959094,53.256548748887326,0.5381245915189755,1.9017260463093564,12,-1.1786849752549422,0.8854190587135449,0.13941900165832521,0.7230989240393981,1.7093582593375842,-0.919373403655257,-1.2939216066657195,-0.21951695491850387,0.462555786072965,-0.22458403442131925,-0.8445806345354399,0.36043813470074326,0.7916353428442022,-0.8107334066791054,-0.40656546773534075,0.06982681946255553,-0.4220414152395051,0.5820217954991662,1.450004967862565,-0.7398049962976359,-0.07717735525192282,0.0864521578928219,0.0,0.0,0.0,0.0,0.0,0.0,0.0,0.0,0.0,0.0,0.0,0.0,0.0,0.0,0.0,0.0,0.0,0.0,0.0,0.0,0.0,0.0,0.0,0.0,0.0,0.0,0.0,0.0,0.0,0.0,0.0,0.0,0.0,0.0,0.0,0.0,0
25.894226021284403,0.5124668227900488,1.9126337084818275,53.01933819766675,0.6068820445923788,2.3267900003218998,17,0.3773113477369243,-0.18209138693238458,1.5353223607449031,2.3267900003218998,-0.9379306239478922,-1.3229361155935138,0.02076878098268864,-0.18789795986992175,0.22981405136876276,0.566790218559241,-1.0888380204445625,0.03959082971781669,0.07327206332568892,0.4680636399718807,0.47444950996058566,-1.4899898136585534,-0.22923330549942023,0.9171070641916685,0.4142024962691444,-1.0511169545789159,0.2802526301557684,0.5768128260896788,0.45180687628423044,0.19752040872062793,-0.28903735404050224,0.07819314284560619,-0.902682525739273,-0.03533031189749636,0.30965631687057993,0.5532079013581779,-0.13599054665090904,-1.1190554988165502,0.0,0.0,0.0,0.0,0.0,0.0,0.0,0.0,0.0,0.0,0.0,0.0,0.0,0.0,0.0,0.0,0.0,0.0,0.0,0.0,0.0,0.0,0.0,0.0,0.0,0.0,0
26.069605104780905,0.42704648757704533,2.1495043488841645,53.230386036537055,0.671693350368732,2.9025673830020935,22,-0.022960685998860697,0.3846670838897879,0.285066979545455,0.5526161309413311,-0.6069996522618375,-0.12571368125592386,0.4195892082059274,-1.612267753681742,0.07137236271845637,1.5705419990633729,-0.05301188222103548,-0.7078774334304043,-0.635213745316868,0.11005016243842647,0.48750858253666607,0.00025831438894385883,0.10738840689173657,-0.17875198383996604,-0.17848091457335968,1.0735603887242604,-1.0468280626395163,-1.0203403655650192,1.1234836411722853,-0.828662534827167,1.0260207077118793,0.5808130179307511,-1.2862851540771132,0.4577796582241618,-0.18401891454916708,0.8404160539892658,0.5507128287833574,-0.5008960794785793,-0.03048517462241307,-1.1629039709566982,0.4401784774749231,2.668580156340745,-1.2253016606626517,-1.7763316845607307,0.9946242042419406,0.8084923416168337,-0.07047909566176358,-1.1416841372609952,0.0,0.0,0.0,0.0,0.0,0.0,0.0,0.0,0.0,0.0,0.0,0.0,0.0,0.0,0.0,0.0,0
26.251904487622898,0.32697303575564113,0.8949703768551593,53.081035885352925,0.6677469291289925,1.895150131647675,7,-0.08041320318801581,1.030314133192796,-0.0925856526526232,0.3099558238174325,-0.5936418656335434,-1.895150131647675,-0.12832965538097696,0.06352017222170758,0.45217677614012786,0.5572365159127557,0.3002602810084376,0.35839018167563097,0.0,0.0,0.0,0.0,0.0,0.0,0.0,0.0,0.0,0.0,0.0,0.0,0.0,0.0,0.0,0.0,0.0,0.0,0.0,0.0,0.0,0.0,0.0,0.0,0.0,0.0,0.0,0.0,0.0,0.0,0.0,0.0,0.0,0.0,0.0,0.0,0.0,0.0,0.0,0.0,0.0,0.0,0.0,0.0,0.0,0.0,0
26.02735663560864,0.6174160376946034,2.6481730908120333,53.10365546753716,0.5728129821849569,2.181495040801593,28,0.10973625938173015,-1.1112530665557898,-0.7088273912982643,1.1126761203663094,0.6973810192998506,0.05695761968321733,-0.12483526465178585,-0.4218029389563682,-0.5588814125404795,0.20565466202743465,0.29417859176551175,0.10506772590049707,0.27091508447701074,-1.4043265121387307,-0.2390234634976629,-0.056941915171371704,-0.9024108600512868,0.21651312489241548,1.7442507223296424,0.7374075143879537,-0.6092387073492667,-0.28057085267514026,-1.0659301670734393,-0.6019195155596222,2.2044565744579714,1.4007078211540716,-0.4467853041831056,-0.39381551230653145,-0.7951871911907595,-0.09129266301250283,-0.2467577201491835,-0.34153463723583144,0.6228443510636126,-0.09619103775330728,-0.10043219793819347,-0.37048244755472126,0.16988155495811696,1.420057163477047,-0.6908550990277114,-1.309786539352416,0.9686961471133415,0.7303066786768042,-0.7856170720735918,1.162095943663374,0.577113935915559,-1.5954145127691106,-0.738852504556295,1.0343679083268356,1.7225416231052542,-0.3135944997468201,-0.9763103183941126,-0.2057931622196918,1.0943544638041942,0.0951047029149592,0.0,0.0,0.0,0.0,0
37.19461868144272,10.577857016484735,31.807523966055992,48.718681507078855,3.7637009799743217,10.388001033218579,26,0.8583216063701933,0.34247400253777016,-0.7571900017863484,0.08615588532848051,0.15326507999870742,0.5387421480571533,-0.02404525317159667,-0.9438792791522204,-0.9369366497854479,0.9686796991675024,0.9570052576877544,0.13229489248459458,-0.42555158657814474,-0.7622587794843909,1.7281446399720863,-0.25221440128985506,1.5813480481110034,-1.2230063093650472,1.9682524641773291,-0.15496000870225402,1.69928934777424,-0.9738637441644826,1.7030822884197718,-0.21977566733917797,1.8102499085773118,-0.6818113771746255,1.5161814478752191,-0.35900819534509054,1.5519306581445704,-0.8610205458689961,2.411167427829156,-0.6577689218815195,1.2884235029672908,-0.9585348024037401,2.075331662408054,-0.9241766241597773,1.1018845255469714,-0.3481481126491772,2.366081504342219,-0.4225756401203853,1.0420382441680545,-0.8627958630079107,1.8098648832989213,-0.7260820402621491,2.181711909770655,0.0,1.8927154881280046,0.0,1.548372343435524,0.0,0.0,0.0,0.0,0.0,0.0,0.0,0.0,0.0,1
25.77174928957491,0.5442789561359092,1.8497057279330704,53.121628274939816,0.8994829326291769,2.9477877477146066,21,-0.04835045058230136,1.7525345544531632,1.3156895425394666,-0.2052023831410068,-1.3389912150990604,-2.069869333181387,0.5149013203268353,1.4147948186960022,0.46753458945893556,-2.0253254135188925,-0.17065889311778193,1.0272711742719167,0.28680492309938543,-0.38417751344407236,0.630338322157808,1.597475048347917,-0.43719466470228596,-1.8879975818886834,-0.5389006065716941,1.3760542041687103,1.096880737281868,-0.3429120910852035,-1.3916491546642327,-0.14092716103638026,0.8253703726581456,1.4776254243791271,-0.8809847418919041,0.07049139327192933,0.8962019403711246,-1.5232720086298244,-0.2854726548115707,-0.16121878571762238,0.7004326577094844,-0.9287656145625363,-0.1807742201660716,1.202091465251165,-0.6539144015929459,1.5660497943881637,-0.09590015441228772,-1.665630876219133,0.0,0.0,0.0,0.0,0.0,0.0,0.0,0.0,0.0,0.0,0.0,0.0,0.0,0.0,0.0,0.0,0.0,0.0,0
26.10765380832316,0.5014575946381127,2.206615029315362,53.00055722661697,0.9109558146602129,3.6227240189444316,18,-1.162006033908341,-0.35568003133501946,1.7991072980156027,0.011751515969486093,-0.4756362574909829,1.9954610870317353,0.8831439887907422,-2.1455774556546245,-0.557654124196926,1.6268949238819133,-0.46957670124835715,-1.9416815380564927,0.8039977304554426,1.2986977127074866,0.042129658791072444,-0.15265759486668173,-0.6850806101553317,1.0593147425883132,0.7063383399628513,-1.8205030199157974,-0.874476460479638,-0.22100985823349362,0.3574779123969769,0.6513230716907188,0.20588030915543953,1.4250497660699537,0.10668659814770365,-2.0391682473473765,-0.08162986769914937,-1.3634065218083506,-0.4770895145895331,2.118547575661985,0.7131774106273063,0.7118040644701864,0.0,0.0,0.0,0.0,0.0,0.0,0.0,0.0,0.0,0.0,0.0,0.0,0.0,0.0,0.0,0.0,0.0,0.0,0.0,0.0,0.0,0.0,0.0,0.0,0
25.904513454506297,0.5402997644108798,1.9946880945478753,52.86514866621752,0.8166257509334752,2.5673521766750014,17,0.047776596866278,-1.6496260326920549,-1.9946880945478753,1.0537875743589638,1.5873432776675998,-1.2434234132913389,-0.9033040745331711,2.0732339536869873,0.10101574937298707,-0.6268565658836422,0.08696508988444407,-1.2707866514565396,0.34712873589226945,-0.005274001478674961,0.4815878803775391,1.3921283275108394,-0.10823506786549686,0.7898936343831267,-0.2232856039121529,-1.9772678016100116,0.36763241201177976,1.5067119568523424,0.030401440193070783,-1.0630734613151276,-0.1704310661793791,1.0923454565765738,-1.0835644876540655,-0.11200255386206237,0.49258599835903283,-0.42231285510629846,0.3828303116496876,-1.5917529182104175,0.0,0.0,0.0,0.0,0.0,0.0,0.0,0.0,0.0,0.0,0.0,0.0,0.0,0.0,0.0,0.0,0.0,0.0,0.0,0.0,0.0,0.0,0.0,0.0,0.0,0.0,0
26.198436512072515,0.5398884965875221,1.9524622012783972,53.26381416083271,0.6805098106414057,2.194307443155317,12,-0.46520880289295263,-0.5640595394478964,-0.4590239543262875,1.1598650834075244,1.3110362120321533,-0.20869113151132268,-0.9205661768177791,0.21517699931906265,0.35976567222433786,-0.13127324189530754,-0.6885330917068302,0.25173087448946774,0.48567106759464096,0.7528517680687017,-0.02600281830066109,-0.7033619954105248,-1.100379641619675,-1.2942069632308701,1.9524622012783972,1.9297746812979142,-0.36231532476904604,0.22244136862067165,0.0,0.0,0.0,0.0,0.0,0.0,0.0,0.0,0.0,0.0,0.0,0.0,0.0,0.0,0.0,0.0,0.0,0.0,0.0,0.0,0.0,0.0,0.0,0.0,0.0,0.0,0.0,0.0,0.0,0.0,0.0,0.0,0.0,0.0,0.0,0.0,0
25.907312630595655,0.4686768708674738,1.6296337889382677,52.91036924254702,0.5727776027943892,1.9523694053765013,13,0.1356479589123154,1.25321298306568,0.6170654082221247,-0.20335676791416546,-0.11103689742765965,-0.7384862316674727,0.12072808204903396,0.9785734627595843,-0.787619987936985,-0.5384513604838403,0.4402848380391582,-0.5140152645776581,-1.282298639040441,0.2571149226550915,1.4259834485912641,-0.21807230456659,0.09098863785990119,-0.582686607605595,-0.481261420880859,1.9523694053765013,0.3235274897913527,-1.4597681913557494,-0.9051770435459154,-0.2114690248034563,0.0,0.0,0.0,0.0,0.0,0.0,0.0,0.0,0.0,0.0,0.0,0.0,0.0,0.0,0.0,0.0,0.0,0.0,0.0,0.0,0.0,0.0,0.0,0.0,0.0,0.0,0.0,0.0,0.0,0.0,0.0,0.0,0.0,0.0,0
25.967281178699178,0.37187416547612995,1.167903836933771,52.838223238444634,0.8451474676522485,2.7397196074491106,11,0.3168410820127363,1.2157191228464583,-0.29416359242576107,-0.39276487042082664,0.05258122888275096,1.789310198235441,1.0926451184640449,0.12745515678803798,-0.7732993301588422,-2.463343349414579,0.04471058883172674,0.09050180550822517,-0.39620127587008014,0.6766668822036337,0.9258676425539072,-0.43177460821425484,-0.6950616763790798,0.826763576864785,-0.1541425185811427,-0.4352320518178203,0.0,0.0,0.0,0.0,0.0,0.0,0.0,0.0,0.0,0.0,0.0,0.0,0.0,0.0,0.0,0.0,0.0,0.0,0.0,0.0,0.0,0.0,0.0,0.0,0.0,0.0,0.0,0.0,0.0,0.0,0.0,0.0,0.0,0.0,0.0,0.0,0.0,0.0,0
25.932467411447433,0.5251720752724116,2.2873451726078926,53.087056811359865,0.5226442871578846,2.121061587075694,15,1.0207995201749078,0.4155451894706701,-1.3013761992835136,-1.282692337823967,-0.985968973324379,1.4267029028441627,1.1417809504293253,-0.5431128986290616,0.20137324063722417,0.5241421347218775,-0.8890577016485679,0.12812770984494648,0.13617025290326978,0.5852017382937689,-0.050933151328447224,-0.8225574890378127,0.10800718094130346,0.7710115304523342,0.179600376292818,-1.1109055769475376,-0.3443689971077255,0.03818850221253456,-0.18746831642936357,0.14659947243259808,0.705106563513624,0.6920424588015095,-0.17851871276936038,-0.11453265892423303,0.0,0.0,0.0,0.0,0.0,0.0,0.0,0.0,0.0,0.0,0.0,0.0,0.0,0.0,0.0,0.0,0.0,0.0,0.0,0.0,0.0,0.0,0.0,0.0,0.0,0.0,0.0,0.0,0.0,0.0,0
25.847805053983002,0.3915587963639448,1.530721315963941,53.11846986608746,0.7695319643212616,2.8722521792194584,19,-0.2353162006035916,0.7514241086738949,-0.6150892839518782,-1.0654885595080827,0.6347158672430524,1.9014994783868886,-0.6551088341195914,-2.8722521792194584,0.17940819427775878,2.5782464387635073,0.4111042910885807,-1.2283891749445814,0.05395798304387611,0.8671230745773286,-0.7432383692286244,-0.6238267106278599,1.1216091181299994,0.8478032415733878,-0.2409897464412012,-1.2215340004626256,-0.6383673569556763,-0.569006768499996,-0.4164281804191461,2.0152997699590998,0.6963401086838701,-1.2271879465225624,-0.15051956738986405,0.268031295605077,0.27954208545709136,0.810554752336472,-0.2381285591042932,-1.8133657249113853,-0.8221700997947217,1.3019569117869523,0.8095549612219237,-0.9483085232817174,0.0,0.0,0.0,0.0,0.0,0.0,0.0,0.0,0.0,0.0,0.0,0.0,0.0,0.0,0.0,0.0,0.0,0.0,0.0,0.0,0.0,0.0,0
25.898098434237646,0.5484327231735323,1.6873093706755675,52.95409453397923,0.8490318749351485,3.0854982325552527,10,0.43585173957096046,1.7276597040906552,-0.22265419433549383,-0.9371316552561808,-0.3517280652710433,2.2949701837207783,1.1803273538220473,-2.3614916702150026,-0.9852044369190089,-0.1292111239891227,1.151493271457852,0.7742752887863062,-0.2949254856586343,-0.5075554456527271,-0.049865261247532544,-0.4396435440729789,0.6854839292208439,-0.16945105730877685,0.0,0.0,0.0,0.0,0.0,0.0,0.0,0.0,0.0,0.0,0.0,0.0,0.0,0.0,0.0,0.0,0.0,0.0,0.0,0.0,0.0,0.0,0.0,0.0,0.0,0.0,0.0,0.0,0.0,0.0,0.0,0.0,0.0,0.0,0.0,0.0,0.0,0.0,0.0,0.0,0
25.832866099137323,0.5859073931856875,1.6829628079462111,52.92512604357951,1.1966659285572985,3.454482512814259,5,-0.2616455517007168,0.557928372995157,0.9005878889924439,-1.902652068675735,-0.3775108925266011,0.6536165157113487,1.1598858114803683,-2.2054469598498727,0.0,0.0,0.0,0.0,0.0,0.0,0.0,0.0,0.0,0.0,0.0,0.0,0.0,0.0,0.0,0.0,0.0,0.0,0.0,0.0,0.0,0.0,0.0,0.0,0.0,0.0,0.0,0.0,0.0,0.0,0.0,0.0,0.0,0.0,0.0,0.0,0.0,0.0,0.0,0.0,0.0,0.0,0.0,0.0,0.0,0.0,0.0,0.0,0.0,0.0,0
25.986057417906352,0.5342043687583354,1.8122584829307584,53.096639030760144,1.001414608152828,3.1099923256848925,6,-0.32571428321432094,1.0047480255799641,1.0113821052460636,-0.47494699351167924,-0.8046506123584223,-2.168933238307318,0.048723919319524356,1.3647326932775101,-1.0563317898918605,1.7452596324073824,0.0,0.0,0.0,0.0,0.0,0.0,0.0,0.0,0.0,0.0,0.0,0.0,0.0,0.0,0.0,0.0,0.0,0.0,0.0,0.0,0.0,0.0,0.0,0.0,0.0,0.0,0.0,0.0,0.0,0.0,0.0,0.0,0.0,0.0,0.0,0.0,0.0,0.0,0.0,0.0,0.0,0.0,0.0,0.0,0.0,0.0,0.0,0.0,0
25.985851508585334,0.33096999609130456,1.4820700172021475,52.875188914092384,0.5725060375066129,2.684968733406656,20,-0.24159998025552198,0.04079414138284676,-0.2099792218169334,0.986207926736391,0.3791564395505418,-1.3586797865318871,-0.15196696669162435,-0.6646639927871831,0.5940919899154018,1.1057376789739237,-0.52083469118746,-0.2588342653785958,-0.41651707666457227,-0.38565789480361445,0.8685447620147286,0.6326942910836522,-0.6036486569527462,0.533507282516382,0.3718338793092535,-0.40063536705168445,-0.501973694932552,0.2530157074032431,-0.0862080896523203,1.2051413006633496,0.36699755784156807,-1.7250292480583909,-0.03566979332100573,0.496981996961793,0.2334991959115733,-0.6300495977950433,-0.37423639433828626,-0.26971708583027265,-0.7838570152303284,0.2091616531753644,0.7017929500910043,0.08491926551685935,0.6132961753661021,0.6705874952550559,0.0,0.0,0.0,0.0,0.0,0.0,0.0,0.0,0.0,0.0,0.0,0.0,0.0,0.0,0.0,0.0,0.0,0.0,0.0,0.0,0
25.68321301617952,0.573650749374778,2.1458640668209377,52.92398553875382,0.948291148322743,3.408619235885503,24,0.17675114625210497,-2.125744441244656,0.22946093091049846,1.5238625983926468,-0.06612401837747939,0.41027595750475854,0.510272490996666,1.0386488106802005,-1.8552439322416632,-1.8707307261243429,0.019731100169767757,0.6449796603567961,0.9455258490927605,-1.7026571175319063,0.7965891797769302,-0.4704747294005287,-1.3314741095746534,2.5893844640757777,-0.7209921540440796,-0.6802677355438149,1.7894058729564826,0.9472583867571913,-0.16376109125824811,-2.0415324630145335,-0.6669328152510694,1.514644022798798,0.05233440303925008,1.0791325608120843,0.007897940543127646,-1.159289785749273,0.5401395185543052,-0.11449928221297512,-0.36842529682847314,-0.2144203398133584,0.5601895975792637,-1.2635500303602072,-1.6743452909399572,2.341163514269006,0.9988873988882965,-1.5731444604123297,-0.13460104789162486,0.8922727169504654,0.4348566412692776,-1.6540140503634149,-0.14085354005882067,0.30685971365078046,0.0,0.0,0.0,0.0,0.0,0.0,0.0,0.0,0.0,0.0,0.0,0.0,0
26.111055145927146,0.5395200427836262,2.0190604575553266,53.08525668894685,0.6085889202870721,2.0128967947248455,13,-0.7657530675505306,-0.0009073879522532025,-0.8818335569496689,-1.040927521937519,1.3669826863447874,1.0603785583589627,-0.7409799587436616,0.6412763125018799,0.6442905656363251,-1.497204454813577,-0.3367389729884813,1.80844637867758,-0.7841645477414758,-1.2129614763136587,0.85370649665672,-0.6368507899147318,1.0159641883911128,1.508321270767027,-0.8516183418191687,-1.027541050126814,-0.27525210575996084,0.8370472985795061,0.5664305774811815,-0.8410188157957208,0.0,0.0,0.0,0.0,0.0,0.0,0.0,0.0,0.0,0.0,0.0,0.0,0.0,0.0,0.0,0.0,0.0,0.0,0.0,0.0,0.0,0.0,0.0,0.0,0.0,0.0,0.0,0.0,0.0,0.0,0.0,0.0,0.0,0.0,0
26.00949101428351,0.4249426657728319,1.6577822219508285,52.6719922857672,0.6792946832531704,2.5510771888934443,24,-0.10925118061099681,0.21080553942974234,0.22841461629027648,-1.5688208100221246,-0.06270362390600326,1.1433719939397378,0.4216519616214889,0.5031146094371053,-0.5075161226001157,-0.7129331177225922,0.34376183971608754,0.48587316026694083,0.7549156970537503,-0.5947052243830981,-0.7364063686656337,1.1173985869952006,0.6973007870238632,-1.3667856524526414,-0.15734284352791406,-0.2742340201824831,-0.30500818218265735,0.9368040825247448,-0.47309651331957525,-1.1699622690800382,0.6973303836438092,-0.5372681726194344,-0.6452414479935875,2.5510771888934443,0.12398263180555702,-1.6543678236918709,0.16610416459627686,-0.27954168081839015,-0.16778307327953712,0.41751424450735897,-0.35745012300852963,-0.03591348356894741,-0.40341559828616624,0.5716313361978038,1.2431159226541766,-0.761100218017944,-0.19439540175956083,1.2733383007537,-1.1454765596513496,0.1184383911212521,0.4869118214797403,-1.5369804654186012,0.0,0.0,0.0,0.0,0.0,0.0,0.0,0.0,0.0,0.0,0.0,0.0,0
28.329393154724798,2.1341815327566076,5.758953387661315,49.87992298439082,2.021891396870646,5.878240611884166,6,1.3811698862775366,-0.728266352067017,0.8982110772291385,-1.497978930684539,1.920282503972654,-1.0990236951522618,1.3210552318137765,-1.001834738574317,0.23823468836820894,-1.5511368954060316,0.0,0.0,0.0,0.0,0.0,0.0,0.0,0.0,0.0,0.0,0.0,0.0,0.0,0.0,0.0,0.0,0.0,0.0,0.0,0.0,0.0,0.0,0.0,0.0,0.0,0.0,0.0,0.0,0.0,0.0,0.0,0.0,0.0,0.0,0.0,0.0,0.0,0.0,0.0,0.0,0.0,0.0,0.0,0.0,0.0,0.0,0.0,0.0,1
25.83455873009697,0.39463248192100875,1.3650174432612943,53.14216547379247,0.8413333387539235,2.9391838823275194,15,-0.29896839834094635,-1.6187836677127265,0.2686843750545478,-0.4540292750575219,-0.5974462409831816,-0.1696960262317262,0.3862943417759084,1.329100312642474,-0.28196180841630536,-1.194574955920082,-0.5814451876269793,1.0948594600035477,1.142962213971181,-0.6071983437313477,-0.8578653144016215,0.8949343164456067,0.5345159557257269,-1.726982009533387,0.5454045879660079,0.11158096670950357,-1.2119408511841705,0.49764634005274644,1.051248776745016,0.06635105320423662,-0.45224877695913435,-0.12519242493778648,-0.33335497197920105,2.3887979472988192,0.0,0.0,0.0,0.0,0.0,0.0,0.0,0.0,0.0,0.0,0.0,0.0,0.0,0.0,0.0,0.0,0.0,0.0,0.0,0.0,0.0,0.0,0.0,0.0,0.0,0.0,0.0,0.0,0.0,0.0,0
26.144450067878783,0.34003327487329693,1.038773182114614,53.1193835506323,0.4802183545968102,1.3912275558559912,6,0.4443989268144328,-0.16847074260219586,0.48473938461413724,0.9541882512436857,-0.26378668662987437,-0.5802687383547394,0.03219725485569924,1.017308042967045,0.34122430246021906,-0.6019441044661278,0.0,0.0,0.0,0.0,0.0,0.0,0.0,0.0,0.0,0.0,0.0,0.0,0.0,0.0,0.0,0.0,0.0,0.0,0.0,0.0,0.0,0.0,0.0,0.0,0.0,0.0,0.0,0.0,0.0,0.0,0.0,0.0,0.0,0.0,0.0,0.0,0.0,0.0,0.0,0.0,0.0,0.0,0.0,0.0,0.0,0.0,0.0,0.0,0
26.086780975941675,0.514491958299695,2.688050572191294,53.29172889067116,0.8652282099709594,3.836877958793032,30,-0.2981249990405459,0.12381027371458941,-0.17114602034769888,-1.4359135697170018,0.2325589871917657,1.7352252429827288,-0.807929333297988,-1.0150822460948987,-0.5197181480718776,-0.2426554461424999,1.4407838790149228,-0.19216913363509747,0.4239855511153614,0.8065667118146038,-1.5279740720607116,-0.24225757360140676,0.3434609474701631,0.3003430995561658,0.9024024850119226,0.015530879021433464,-0.19671756654028982,0.17469108882536233,1.3021093481799255,1.7341595766422984,-0.9437254937404056,-2.189273887056963,-0.12011649846642314,-0.6194121151235379,-0.799606585943966,-1.028191956612531,0.6442972481927818,0.6595972273181232,0.48530393304234565,1.9445323591547918,-0.8299022137741403,-0.4123393151838428,0.023588095667889775,-1.6559284426304757,0.12928405017203204,3.0513587900113706,-0.40292610403958307,-1.7099583706701722,0.4667310977977728,0.10684179377506808,-0.012495687923816945,1.4271267680445874,0.6180071374524871,-0.4038155672862942,-0.834689427845678,-0.7666545959968403,0.4320604942871036,0.0384611719952801,-0.4171469140277786,0.0748569242756858,0.3996623618871489,-0.9310017823063035,-0.44490894878707365,0.4222080234049699,0
26.045084439272348,0.5375161336966844,1.4095818801234508,53.345017763686926,0.6820418278847148,2.404622366504192,9,-0.42654754017421936,-0.8050054472505082,0.48553728632883164,0.2557865961693935,-0.4894617540890671,-1.3942839281509336,-0.7229223108615521,-0.46111958727214386,-0.08800586803226906,1.605196119329129,-0.10919194714056246,-0.3459188641425186,1.1067820419087013,-0.2481891023188112,0.26327249416426923,0.2239416850336795,0.0,0.0,0.0,0.0,0.0,0.0,0.0,0.0,0.0,0.0,0.0,0.0,0.0,0.0,0.0,0.0,0.0,0.0,0.0,0.0,0.0,0.0,0.0,0.0,0.0,0.0,0.0,0.0,0.0,0.0,0.0,0.0,0.0,0.0,0.0,0.0,0.0,0.0,0.0,0.0,0.0,0.0,0
26.003225537870236,0.4169582430023595,1.4840527539060986,52.97420856582246,0.9014840295112295,3.9318554897898395,24,-1.3138523967009093,1.0410116141037236,1.367466585496235,-2.353029099554668,-0.8938984715369536,1.0990302142081134,0.4528246995101277,0.06009351196610879,-0.38021814374913276,0.3892885697585413,0.563246495567256,-1.276314876316249,0.22601453601735955,1.4953801287446211,-0.18896859589063553,1.0940996396058011,-0.3254957569380963,-1.1497000478523987,-0.23593709354986458,-0.30533195571361915,0.2032766536111552,-1.176263847079106,0.36263674716537864,0.48256903477467716,0.01714746710663917,0.5747209701873999,-0.06971990849839926,-0.3791452560160451,-0.9167020618665838,1.2448263176910572,0.6297775415608164,-0.3940425802418801,-0.3052032528808688,1.726940309342666,0.649178992051489,-2.9385896192570087,-0.7149503866422116,0.8111784382528171,0.608512755731411,-1.1332855871408185,-0.36712075944937794,-0.6711587216448294,-0.7984542112256072,2.3561294032347817,1.4050277345768727,-0.1808844771886342,0.0,0.0,0.0,0.0,0.0,0.0,0.0,0.0,0.0,0.0,0.0,0.0,0
26.364778962902193,0.48055476268565095,1.6170113032851994,53.34223613830255,0.6056764301774819,1.8468757873313493,8,-1.3039276416433943,-0.7704786994563975,1.6170113032851994,0.6687079640293803,-0.7788170761975088,0.08751260709843223,0.30935709337266104,-1.8326176590027643,0.216590422987462,1.508158177559821,-0.24722699616778954,-0.7809544403922999,-0.541576619857711,0.2560660442379117,0.0,0.0,0.0,0.0,0.0,0.0,0.0,0.0,0.0,0.0,0.0,0.0,0.0,0.0,0.0,0.0,0.0,0.0,0.0,0.0,0.0,0.0,0.0,0.0,0.0,0.0,0.0,0.0,0.0,0.0,0.0,0.0,0.0,0.0,0.0,0.0,0.0,0.0,0.0,0.0,0.0,0.0,0.0,0.0,0
25.97108466781408,0.44789931252517445,1.620578150170111,52.879446835901625,0.7166407428575933,2.9379512991569214,23,0.763305270564004,0.499551225350352,-1.411538936230155,0.061866557065641814,0.7263613689607631,0.6035304742733416,0.09641427844997708,0.5339105402112807,-0.45596470022517366,-0.9720052945675164,0.33077312830391037,-0.16902427199118364,-0.39826992865529576,-1.0762624299756638,0.7744227657516944,1.2762984461012437,-0.9876878631029413,-0.6101449598345141,1.2002701589622191,1.0149890564761748,-0.5678194097548079,-0.8224963998534349,-0.1873643511720786,0.1352369078783653,-0.27833162011027923,-0.975703968170798,1.0176774478208692,-0.2809472553431789,-0.841259965010714,2.9379512991569214,-0.2576932127302598,-1.3850425044946704,1.1093559392513015,0.2197212544522671,-0.9778845662513902,-1.0533043526506916,0.4049117496750867,1.4302548562890962,0.4566430449408756,-0.14430696901940365,-0.3304230864781559,-1.1980536722617359,0.7864469715445104,-0.20566259313806512,0.0,0.0,0.0,0.0,0.0,0.0,0.0,0.0,0.0,0.0,0.0,0.0,0.0,0.0,0
25.908315914991654,0.48279564572401523,1.596543398771157,53.58418378722775,0.5454802114318855,1.530088520674454,9,-0.0513002690617661,-0.3485067853109882,-0.6892858134656663,1.255054476265144,-0.3100928377542438,-0.69559501181201,0.23312742120934615,0.7107294670640201,0.40491427301475724,-1.2209219427449014,0.17477288643281952,0.9227504102857225,-1.3586790591464037,0.5580711216164786,1.08172910157435,-0.2586983562038867,0.0,0.0,0.0,0.0,0.0,0.0,0.0,0.0,0.0,0.0,0.0,0.0,0.0,0.0,0.0,0.0,0.0,0.0,0.0,0.0,0.0,0.0,0.0,0.0,0.0,0.0,0.0,0.0,0.0,0.0,0.0,0.0,0.0,0.0,0.0,0.0,0.0,0.0,0.0,0.0,0.0,0.0,0
25.92930574845333,0.5000141870204945,2.2282686711377337,52.84579411534836,0.8254587836828103,3.578455075611565,30,0.19137232629922707,0.5708429241534958,-0.7098360948657891,-0.2783845210228222,1.1008743248967967,0.3343916742520605,-1.4392013216875803,0.10291690293900047,0.6799030741450238,0.214881814570262,0.5369206875907402,-2.7429230380584073,-0.7705476520765693,2.614109958163475,0.8683803622448956,-0.6123357560828708,-0.7416616290010225,-0.24481350801196555,-0.1784383071323532,1.199355673914944,1.2562763287303902,0.5380541905941598,-0.5662759357727332,-0.6222570178906892,0.18255294247530784,-0.9660438010020016,0.24958675325153834,-0.4459632343422584,-1.818754267026815,-1.5441910223766158,1.627040794735624,2.5510083397528334,-0.6979039122323343,0.31720008897045915,0.06587619686021995,-0.5447036943139665,0.53335693421975,0.8284877751488153,-0.40024092553752055,-1.803149155736385,0.4787809244329857,0.9191610235019496,-0.3176820214863021,-0.06324960250626788,0.10452599110007199,0.11215382026545484,-0.32921530334967386,1.022432277767983,-0.28735584857142626,-1.0182191096421391,0.16230785920531687,-0.1519601813390139,0.318746720133781,-0.5135208232304009,0.9700312616272413,1.8122183609855895,-0.18266599683049733,-2.2078205552000654,0
25.905419506255903,0.47284118714477047,1.5844975544717386,53.279253954992605,0.5987732315452623,2.440572345949242,23,0.9948128986936133,0.26075579754494527,0.09983424691856513,-1.5287727333618477,-0.09967984491160209,0.18171558267140853,0.15032345309061412,1.3133987073551552,0.26567166627296857,-1.0930910526680506,-1.3689871382542549,0.5690376295532218,0.19270110022880615,-0.5444406718019223,0.8431077507275795,1.3188902258248376,0.1163381007668427,-0.8529822081830218,-0.9022813627047022,0.04606091493415221,-0.03477155587683001,0.014920613451515408,0.04583628769754,-0.8971362200490347,-0.47644073705671985,0.07349967952414005,0.16684189093493274,0.9859878211860078,0.0120592685719636,-0.5142662481010873,0.47659708561225855,-1.043219069796308,0.2824674948197945,2.440572345949242,0.0813181579042066,-0.7160260458621437,-0.47101754245902683,-0.7523564347616656,0.012287568497402646,-0.2489018445159914,0.3038243057160699,0.37774147146404147,-0.8098380261503451,0.25507539330187257,0.0,0.0,0.0,0.0,0.0,0.0,0.0,0.0,0.0,0.0,0.0,0.0,0.0,0.0,0
26.121489810161734,0.3930377026699316,1.6841175550455567,52.77926835370941,0.7688306752567817,3.447525265072315,25,-0.14051754333978295,-0.8069816160698551,-0.6939698992249177,0.6448329740577066,0.5880822103916863,0.12259160823508353,-0.5433152793137204,-0.12732269858184964,0.6930635273822112,-0.37003094935516145,0.15993751062569217,0.7032931942208975,-0.7630648330509402,-0.9693612377497018,0.837641460022482,-0.18841774694573132,-0.5084788808263596,1.4948246170003472,0.18851040643964012,-0.0734287941113223,-0.9007532880663973,-1.5402837270141134,0.7709239348228536,-0.41756045260168406,-0.4538994466847832,0.6566504008287168,0.5751089207144204,0.7043544407386904,0.4962646078185422,1.026118855390969,-0.5888212301674542,-1.0456753140624215,-0.5951875578747661,-0.49329318473240846,0.7636604991053844,0.7343578222488674,-0.11233867299493383,-0.21008187546610912,0.8284065003062935,-1.013592953762732,-0.9023168927496812,0.004755538027424677,-0.41972147606250587,0.02149230624273457,0.6780581084352235,3.062439229618583,-0.4491596489759857,-1.2958960757074536,0.0,0.0,0.0,0.0,0.0,0.0,0.0,0.0,0.0,0.0,0
25.76497362312774,0.5976184815233273,2.9659607784579514,52.928492237413195,0.640709903778763,2.6730923479013526,25,-1.0407166471765983,0.35613135439005816,1.7278938357705904,-1.0665177767100857,0.006239909168396451,0.6854922484407027,-0.9911176521442115,1.1130871969599312,0.356086040869922,0.6199800208900328,1.866858644793254,-1.4773920935582154,-1.530414178936855,0.9407384855797218,0.5182847952650107,-2.136438739922859,-0.6908094018723006,2.0588090493608675,-0.7198215357423834,-1.1707197246728782,0.9600223260286249,0.889035225148362,-0.04767315674510186,-0.44407842795813934,-0.06713683919113222,1.254533142418829,0.14261870158098944,-1.7558797264989963,0.18945455357601304,1.2016335567213972,-0.20719261144972023,-0.7256910086866952,-0.5569446083467788,0.09696158822949741,0.875095479754652,-0.020438732119636427,-1.2177782734421818,-0.529455369067918,-0.05049285098088774,0.6652593108699492,1.3947689759928856,-0.03883940497211569,-0.11608011128310736,0.24311077642283863,-0.28220781860469657,-0.1253880821710922,-0.6690265698405184,0.5707915231354974,0.0,0.0,0.0,0.0,0.0,0.0,0.0,0.0,0.0,0.0,0
25.94320807584645,0.6152908833703115,2.7004348806522884,52.90829606984098,0.8499945522958187,3.1116202371772346,22,1.3119709452471113,-0.6399316956035292,-0.5014202366604827,0.7980804192223019,0.7805442115613097,-1.1972294884349282,-0.19719425828525416,1.2188823921058258,-0.304664276269655,-1.0716998492230871,0.4906006228480706,2.251084795044733,-0.004308775740827997,-1.5682074732513627,0.707672443224741,0.47177828653313725,-0.4161032695048483,-1.148710521379968,-0.23472235520493,1.2820488988363934,-0.5822436318441326,-0.6632608699163711,-0.06296232272804758,-1.1194173158558698,0.8361435632720493,0.9384711907469594,-0.39945868993851974,1.7358990310006277,0.22471748178351802,-0.8577072342553862,0.3643174665224791,-0.9903616759598393,-1.2455696496566873,-1.1921525536755553,1.455087080085402,0.8293396662162493,-0.21382679903999957,-0.4591862606430652,-1.5119110044683204,-0.35082720191923045,2.2037663354493127,2.104479309279043,0.0,0.0,0.0,0.0,0.0,0.0,0.0,0.0,0.0,0.0,0.0,0.0,0.0,0.0,0.0,0.0,0
26.026831075857228,0.2858846471412623,1.002519545346523,52.66768285998418,0.5904207178256419,2.3169247117106195,19,0.03852499555981126,-0.41549145860241055,0.41114220993133443,0.75812180391015,0.014867430660984837,-1.0138968167370876,-0.6792134432669066,-0.539355390650293,0.16509393934392236,1.345695339496352,0.42973845826894674,-0.5218473745164971,-0.6220124553757351,0.32260755283282805,1.002519545346523,-0.570062852379678,-0.29847160066702116,1.7405320462776146,-0.21883284262269953,-1.4963399069045664,0.10971552504303972,0.18359469260585826,-0.4289156076108611,0.647906116603238,-0.07970040262340916,-1.4035980527247318,0.1007846030244508,-0.05914837994082234,0.4623444541992825,1.465202087153699,-0.14947585577559508,-0.660720372924466,-0.3118647202006848,-0.36523798114559014,0.5861481015001857,1.2038946238731825,0.0,0.0,0.0,0.0,0.0,0.0,0.0,0.0,0.0,0.0,0.0,0.0,0.0,0.0,0.0,0.0,0.0,0.0,0.0,0.0,0.0,0.0,0
26.027645827220336,0.48327192948062714,1.5965580610244459,53.077731937989,0.572123290125277,1.616137672584621,11,0.5997838271111675,-0.21439648024495028,0.5143195032334766,-0.7975410343943494,-1.5965580610244459,1.4114060045825951,0.9868488090413798,-0.04423050959314878,0.37196537656785367,-1.558412105606223,-0.6390330945960621,1.2020304372014081,-0.3547823134950576,0.23067531813863695,0.7760029507116464,0.18343191724457597,0.290344988124847,-0.7656827129621817,-0.05556566286581699,-0.6260623640151408,0.0,0.0,0.0,0.0,0.0,0.0,0.0,0.0,0.0,0.0,0.0,0.0,0.0,0.0,0.0,0.0,0.0,0.0,0.0,0.0,0.0,0.0,0.0,0.0,0.0,0.0,0.0,0.0,0.0,0.0,0.0,0.0,0.0,0.0,0.0,0.0,0.0,0.0,0
26.087579395951597,0.5112087451348412,2.298015366908274,53.076724073266575,0.8146249735989356,3.745701516744113,27,0.2085312389881544,0.5565953619042361,-0.04635570909455211,-0.22115268034009006,0.16377362289247444,-0.4403409895277903,0.17347919787879107,1.690288166307269,0.17170452674181647,0.14081515324176053,0.6754967669277292,-0.14437673985077737,-2.298015366908274,-0.892470775131045,1.2455425463243834,0.04941838818369604,-0.5985223665183739,-0.8326324402779761,0.48953303579564533,1.1822450007845475,0.633118665672491,-0.19600095124457084,0.15846259572414922,2.139452552272047,0.023461027338015583,-1.4054760276079534,-0.004711030983994391,-0.6174859483559132,-0.7046137932354242,-0.2854833900513398,0.786232673163795,0.8343326784564411,0.09915975994934101,-1.5336361659662003,-0.7290246700321674,1.6443011859156442,0.5192180735130272,-1.781425049801065,-0.5679997915254944,0.42049571441805256,0.6844977485171526,-1.0213245137517788,-0.7859478764572181,1.9618045779628375,-0.2239286221648129,-0.2913177574287218,-0.25523547428921844,-0.649129640823368,0.4731811985169827,-0.29412461296783476,0.1290086137829789,1.8462888141407063,0.0,0.0,0.0,0.0,0.0,0.0,0
26.048206730351648,0.4927272911108124,2.454276686836927,53.22295525453301,1.0051020305519442,3.5992891250411745,24,0.3407869874716205,3.3175419330029996,-0.6120721400894524,-1.5094823290682626,0.30420376156813944,0.19425781273850617,0.38018780516197026,-0.3648440119995584,1.2007498107891728,-0.5417672406781406,-1.1524370058208824,0.4393538558206558,-0.8280508937162914,-1.1307762249964384,0.21215295800390166,3.101185008198094,-0.014827213180574006,-2.8092787971805606,-0.6711145321230809,0.16203657166017393,0.732776490464289,0.47336566356862164,0.5314596367615927,1.3826679433910272,-1.0035306004492703,-1.018853380471782,1.1613573850636918,-1.0005158362344915,-0.28035391498312734,1.9923793254302424,-0.6110040715276881,-0.41867018717749005,0.2963518423165965,-0.15405253565521804,0.869925722489441,0.14183942716351083,-0.4323869970675851,1.3429021275292854,-0.3623820793038597,-0.16741360443707265,-0.12323348592956407,-2.297448190431524,0.1571461937063212,1.8484802686515565,-0.29418631419698116,-0.9925734424418025,0.0,0.0,0.0,0.0,0.0,0.0,0.0,0.0,0.0,0.0,0.0,0.0,0
26.22389282179905,0.48529393490348893,1.4991798135764007,53.10824564439644,0.8245826247793573,3.079146187622996,9,-1.406697641851455,1.4731034249277712,0.8697005438027183,-3.079146187622996,0.2836416486932123,1.9945484827920623,-0.7776465856319952,0.7724575459742908,-0.4681777785888812,-0.989128351137758,1.1342534502102595,0.15761571855001222,-0.47606713961604896,-0.589096404467135,0.30496038127574465,0.36376025634690023,0.0,0.0,0.0,0.0,0.0,0.0,0.0,0.0,0.0,0.0,0.0,0.0,0.0,0.0,0.0,0.0,0.0,0.0,0.0,0.0,0.0,0.0,0.0,0.0,0.0,0.0,0.0,0.0,0.0,0.0,0.0,0.0,0.0,0.0,0.0,0.0,0.0,0.0,0.0,0.0,0.0,0.0,0
25.818423780932317,0.41439346361038315,1.4210252333196287,53.094037479960306,0.7961592372598361,2.571260600104104,10,-0.6647618063379852,0.5107247872091563,-0.4404183383126288,-0.30619864598985913,0.4157227494322022,-0.9508593209018343,-0.731567838101217,0.6826932856516734,0.3260901686536961,1.3295649777436935,0.696419460677216,0.5590023367087369,0.0418810381125887,-0.7496152863490053,0.03986357395730167,0.7139381734989811,-0.1516144832458366,-1.1666473206859678,0.0,0.0,0.0,0.0,0.0,0.0,0.0,0.0,0.0,0.0,0.0,0.0,0.0,0.0,0.0,0.0,0.0,0.0,0.0,0.0,0.0,0.0,0.0,0.0,0.0,0.0,0.0,0.0,0.0,0.0,0.0,0.0,0.0,0.0,0.0,0.0,0.0,0.0,0.0,0.0,0
25.921391910975256,0.3417653601359866,1.469032038702288,53.02305225697921,0.8191863055937673,3.3901215853067868,24,0.9774814025845089,0.38769405353273356,-0.06753155902264396,-0.5659370310179526,-0.25526700233582034,0.4622955592190223,0.45800967686774285,-0.8229555307109777,-0.22539523475475676,0.6184751776858519,-0.38828699451696025,-0.584140873906172,0.35442190767753345,-0.8802766473585848,0.615599842202684,1.017319564227499,-0.5110282412428582,-0.9936144659912927,0.22220832568672932,2.667540516287538,-0.45200392426761127,-2.138573688275393,0.3645585552153534,0.783300811379462,-0.8306392703173984,-0.5259608599796692,0.35474701553169297,-0.9769601636082541,0.19852594542693325,-0.5319276848229322,-0.5868336560303042,2.1180295881109643,0.22305960086713128,0.640261577357542,0.5716642437330819,-1.8273157071851358,-0.09163992614292837,-0.7375110498793873,0.3382667541848363,1.0652238297103764,-0.7034382214214361,-0.48956345025369075,0.32905662209520514,0.2294410923013146,-0.3647348184445356,1.0085515036699064,0.0,0.0,0.0,0.0,0.0,0.0,0.0,0.0,0.0,0.0,0.0,0.0,0
25.904051410254738,0.5411078915774196,1.3283773518227306,53.19437777558339,0.37083209810634754,1.0160464102073021,5,1.1126821598523051,0.4586129820677911,-1.3283773518227306,-0.50444639443662,1.084891367496688,0.5141045378650659,0.07701717344200176,0.5019418723422362,0.0,0.0,0.0,0.0,0.0,0.0,0.0,0.0,0.0,0.0,0.0,0.0,0.0,0.0,0.0,0.0,0.0,0.0,0.0,0.0,0.0,0.0,0.0,0.0,0.0,0.0,0.0,0.0,0.0,0.0,0.0,0.0,0.0,0.0,0.0,0.0,0.0,0.0,0.0,0.0,0.0,0.0,0.0,0.0,0.0,0.0,0.0,0.0,0.0,0.0,0
26.33644400186952,0.48538420439027674,1.3831685317534728,53.15068482327868,0.3649177148364137,1.0604678117372188,6,-0.7139163699268742,0.15639129445253985,-0.3838347434778875,-0.6293906184386131,1.3831685317534728,0.4230926449225265,-1.087263300020389,0.6097543061860762,0.0714118323790629,-1.0604678117372188,0.0,0.0,0.0,0.0,0.0,0.0,0.0,0.0,0.0,0.0,0.0,0.0,0.0,0.0,0.0,0.0,0.0,0.0,0.0,0.0,0.0,0.0,0.0,0.0,0.0,0.0,0.0,0.0,0.0,0.0,0.0,0.0,0.0,0.0,0.0,0.0,0.0,0.0,0.0,0.0,0.0,0.0,0.0,0.0,0.0,0.0,0.0,0.0,0
26.159240259462994,0.5403598036349548,1.893730271024367,52.70759540272956,0.6788614276654082,2.43860982957937,13,-0.04354922632776592,1.1225515575832574,0.47899779721006297,-1.8781206040326026,-0.2105167739075462,1.5861466039536793,0.975123805430286,0.08638565191954228,-1.56402503532248,0.6228600805200415,0.6851631725136471,0.143217493186107,-0.5236513559207445,-1.181753494668456,-0.1700429885885626,0.28236448342222786,0.42920992497683486,-0.49240545278458825,0.07410980822100299,-0.2895533793576206,1.3904105378265292,1.150365867350665,-1.5511596853716476,-1.2667842623817833,0.0,0.0,0.0,0.0,0.0,0.0,0.0,0.0,0.0,0.0,0.0,0.0,0.0,0.0,0.0,0.0,0.0,0.0,0.0,0.0,0.0,0.0,0.0,0.0,0.0,0.0,0.0,0.0,0.0,0.0,0.0,0.0,0.0,0.0,0
26.037805447084367,0.4590960031290588,1.4521676562886583,53.02073980214445,1.0584217516808356,4.004944385650411,9,0.07655602602954303,0.4851217579019931,-0.6765053796873062,-0.6885631092770339,1.2719840490136072,1.852755670579647,-0.4672947495014128,-1.6657469792899988,0.6474783567764639,-2.3391974063604124,-1.4391286987410936,2.37468435528136,0.5380912933501669,0.9418103812214511,0.1953819367904508,-1.7478160693733713,0.0,0.0,0.0,0.0,0.0,0.0,0.0,0.0,0.0,0.0,0.0,0.0,0.0,0.0,0.0,0.0,0.0,0.0,0.0,0.0,0.0,0.0,0.0,0.0,0.0,0.0,0.0,0.0,0.0,0.0,0.0,0.0,0.0,0.0,0.0,0.0,0.0,0.0,0.0,0.0,0.0,0.0,0
25.954617027338625,0.4172409900385139,1.4806205368604815,53.4516787226218,0.8842649074320311,3.3171249048917417,9,0.8334272046195501,0.9245430435066453,-1.1645403997514379,1.1496905921361957,-0.3160801371090436,-3.3171249048917417,0.9790396303618714,2.351134948598748,0.09220771599466815,-0.8995963436277208,-0.602992979563755,1.0263529902646624,0.11857074799076628,-0.5310771420707852,0.30633379095920077,-0.5305584410639739,0.0,0.0,0.0,0.0,0.0,0.0,0.0,0.0,0.0,0.0,0.0,0.0,0.0,0.0,0.0,0.0,0.0,0.0,0.0,0.0,0.0,0.0,0.0,0.0,0.0,0.0,0.0,0.0,0.0,0.0,0.0,0.0,0.0,0.0,0.0,0.0,0.0,0.0,0.0,0.0,0.0,0.0,0
26.13305321789526,0.5335741742953155,1.8521468197882243,53.00938592987691,0.776028061620656,2.5090516418240227,15,-0.4849770686500037,0.13051825219886126,0.4679864264953686,1.6144989873454207,-0.29071562252563865,-1.124062980829784,1.242417081784474,0.8873019892074652,-0.8401795395255363,-1.11148813355571,-0.9734246429979407,-0.5431507600921961,1.6905610436262535,-0.5494663172194478,-1.2268320520884153,1.6721757272176774,-0.1707939934114613,0.8368759146063454,1.5592118216618474,-2.0640568693267767,-0.8989249973739781,1.1194764615076167,0.17746467470496086,-1.5111906274550222,0.016147054333330857,0.6559352308950892,-0.4695249160549757,0.6589067699491551,0.0,0.0,0.0,0.0,0.0,0.0,0.0,0.0,0.0,0.0,0.0,0.0,0.0,0.0,0.0,0.0,0.0,0.0,0.0,0.0,0.0,0.0,0.0,0.0,0.0,0.0,0.0,0.0,0.0,0.0,0
25.86093339842419,0.4998088950900906,1.8247975757181152,53.09283101388268,0.9396186687263776,3.2467188198095513,15,-0.19774189284771282,0.6188966119617447,-0.6948360576539692,-1.6077527051468437,0.21360447978366537,1.5285694485140056,0.035907430672590834,-1.3120096705514896,-0.5081128100154864,-0.6303656799693442,0.33265101768864014,1.6479991707864912,-0.15807398010061036,0.4532974918463424,0.36067567245920884,1.037720439526609,-0.16310924322081277,-3.030107390896717,-0.4441537112685907,1.5189159601368019,1.8247975757181152,-0.88697674309946,-0.38502474977012824,0.9545279634540478,-1.0157800762746056,-1.8030786094042242,0.525720409086798,0.16617582042615453,0.0,0.0,0.0,0.0,0.0,0.0,0.0,0.0,0.0,0.0,0.0,0.0,0.0,0.0,0.0,0.0,0.0,0.0,0.0,0.0,0.0,0.0,0.0,0.0,0.0,0.0,0.0,0.0,0.0,0.0,0
25.915893997767792,0.528619119702751,1.6385905215196033,52.719948419104526,0.6677261010426678,2.450173958445788,15,-0.0038530522106441367,0.5713036367531146,-1.096680695947228,-1.6850921534257495,0.49590895644695365,0.5442063979081695,0.24440314594070145,0.9074514795201765,-0.8363176472985394,0.6330858249712676,0.47504639138141513,-1.0218159762330217,1.114130738361812,0.48317076804559633,-1.455254854067661,-1.1326791440927622,1.5046682458440372,2.036754608326362,-0.18205570059149068,-0.5699212181674653,-0.6909431561699932,0.07077085846258768,-0.17906788978159938,0.14376377227654302,0.7403503107564902,-0.3280984915920868,-0.809783891520464,-0.44952020965503436,0.0,0.0,0.0,0.0,0.0,0.0,0.0,0.0,0.0,0.0,0.0,0.0,0.0,0.0,0.0,0.0,0.0,0.0,0.0,0.0,0.0,0.0,0.0,0.0,0.0,0.0,0.0,0.0,0.0,0.0,0
25.902837035625307,0.4084959154040219,1.5935082058331282,52.77462173950427,0.8303637604548266,3.8856319916066653,26,0.7758278067568938,0.46271600640858424,-1.1779651393025077,-0.9335252616321554,0.2665924827672832,-0.7615719549114246,0.5528881418263332,1.7629223472505657,-0.28067348640274403,-1.5183073491340409,0.04100808469567596,0.9271940406637142,-0.570225644454279,-0.2285246683050275,0.4468464339985303,-0.1069899397139693,0.6015809615710097,-0.26272496627343145,-1.3705497173102508,0.8857000644827764,0.4561059161909746,-3.361769110322385,-0.5591162394131537,3.774826492683644,1.1762586632345382,-1.6391826262088571,0.34424742418536525,1.056371747315744,-0.7044402663032585,-0.042345033452576786,-0.41105501361162666,0.7359614112687112,0.014636781530381171,-0.861782597186199,0.33959462179089783,-0.8214866529376934,-0.001907418759390822,-0.6205166458215388,0.6063519119524443,1.004761466430395,-0.7903539064781917,-1.2874978192080277,0.5519771863144385,1.0637517780578065,-0.37027418371686593,0.26868406878443807,-0.21964346299598247,-0.31782828615897074,0.20719044594942915,0.5853517083150663,0.0,0.0,0.0,0.0,0.0,0.0,0.0,0.0,0
26.087256831484208,0.4413925940218037,1.7203590574207333,52.93522068177275,0.7754238254161567,2.588873170628098,15,-1.3804752831758762,-1.5104666802380962,1.3823125603950785,0.8933349909300361,-0.026995843323060598,-0.3058724071005159,-0.9011666742973183,1.1009603746608363,0.7684216368295012,-0.46449035848244336,0.3963911813924277,-0.5211564070476911,-0.2410632888324571,-0.8749111530696609,-0.6247676601470005,-0.2520455429423052,0.3467170223920988,1.5258007616523983,0.3585461440586144,-0.8220442377427304,-0.33545244849177536,1.1066713162645527,0.5974164274446245,-1.8474133865387685,-0.4293016661333944,2.588873170628098,0.17862055422386192,-0.7432696866217725,0.0,0.0,0.0,0.0,0.0,0.0,0.0,0.0,0.0,0.0,0.0,0.0,0.0,0.0,0.0,0.0,0.0,0.0,0.0,0.0,0.0,0.0,0.0,0.0,0.0,0.0,0.0,0.0,0.0,0.0,0
25.68381763433734,0.4407956194208411,1.1698331294497208,52.837801118994754,0.8430966471963217,2.1567335361632587,6,-0.42363130043188235,1.771369258944084,0.7392765960357011,-0.4508217795000178,0.4305565334140198,0.3947414105815952,-0.029419974386211578,-2.100653167244836,0.023241666563773578,1.763402429110272,0.0,0.0,0.0,0.0,0.0,0.0,0.0,0.0,0.0,0.0,0.0,0.0,0.0,0.0,0.0,0.0,0.0,0.0,0.0,0.0,0.0,0.0,0.0,0.0,0.0,0.0,0.0,0.0,0.0,0.0,0.0,0.0,0.0,0.0,0.0,0.0,0.0,0.0,0.0,0.0,0.0,0.0,0.0,0.0,0.0,0.0,0.0,0.0,0
25.873655714941478,0.4668904188803187,1.7457169843908424,53.45045728795371,0.7748142897480116,2.7721951273919174,17,0.18499048768755344,-0.6978322958051777,-0.014229356302834617,-1.0766368462005005,-0.5563521654957206,-0.01557722411774165,0.37127097134878895,1.3893688105725985,1.045776452052177,-1.1948780494147258,-1.2187127205386332,1.0172767875331985,0.12282276998217867,0.4751886238839518,-0.18445173597644526,-1.7657013663606165,0.6209671067739997,0.44493978700729997,0.9880441407487766,0.5024390549050892,-1.0090854713966841,-0.1700033164350856,0.09972817344073093,-0.005607444881619017,-0.4311046806106873,-1.6751716480785888,0.36691459553735584,0.3880456792127518,0.6453341755699462,0.28251976577648463,-0.5430704593547198,1.3677502595278952,0.0,0.0,0.0,0.0,0.0,0.0,0.0,0.0,0.0,0.0,0.0,0.0,0.0,0.0,0.0,0.0,0.0,0.0,0.0,0.0,0.0,0.0,0.0,0.0,0.0,0.0,0
26.07476066917434,0.42801896430761455,1.3912125130161463,53.02076448967395,0.7959758000392821,3.104009454617838,25,1.3793008071528625,1.134898609072458,-0.37169629655007697,-1.957892262106661,0.18719805532204603,1.1948612670161651,-1.0418816509838855,0.13929676896105292,0.5009177199675641,-0.16528176637351066,0.11332021172059115,-0.1616217972638907,-0.021987892054308844,-0.21695738251978725,0.020345199412009407,1.1376446442880237,-0.2860919406209135,0.19593366006438373,0.20586678072938724,-0.8652949927616262,0.4491784370007643,-0.8115812977319905,-1.1000381317530419,2.312469471526775,1.3567812136731483,-2.138997411435767,-0.28257558126847826,-0.46369986046021694,-0.9735504245258895,-0.44255972642929464,0.6745189680693287,1.689659050745945,0.25883136635135884,-0.25349462594231653,-1.0683960500218639,0.9986984277292592,0.6386358786311419,-0.33589766856063363,-0.0602468671058034,-0.25670667108840917,-0.2835326208359419,-0.4492547360382275,0.3689686896354516,1.1050755741283282,-0.3463217063634012,0.6059301036438924,0.9872968224667638,-0.6867285620981036,0.0,0.0,0.0,0.0,0.0,0.0,0.0,0.0,0.0,0.0,0
25.96593267036179,0.45514524952463975,2.026930961989457,53.08773166388878,0.8595152719731607,3.560065743961367,29,-0.9939701967480374,-0.674557056604165,0.4592237102637071,-1.127068511087387,0.05347342972698499,0.805131867117538,0.05830765804666527,0.7399619876598464,-0.3367165250839008,-0.6091061305199545,0.11682624887837534,-0.3400247485037937,-0.003269275590671583,0.7807161839216192,-0.4596524256924255,1.0295785685604386,-0.5638861953288767,-0.9254141251844459,0.26943468183600316,0.6716133440585423,0.5574739241335784,-1.5028445847172804,-0.3412843386991753,0.45540168539267256,0.0011552922534256993,-0.016151898729297898,1.2918735590378674,0.11778485488270007,-0.4701781245131613,0.25747241785057895,-0.5554853812849245,-1.0875909819485514,0.462055455782707,1.2530414452546026,-0.5461517756231693,-1.8201748995749583,0.26549601988869753,0.23370342115882892,0.16545260711620813,2.777106210943934,-0.4296173080953949,-2.11659747252169,-0.1338222898826089,0.9917120723720672,0.9545911830027975,0.7750168331525984,-0.3049094256351985,-3.2101971769643427,-1.4343619227454099,2.7525618071473446,0.793237474130553,-0.3818420591171474,-0.056568284831392646,0.7931629397390125,0.08006720544099721,-2.257536354078134,0.0,0.0,0
25.92407200555583,0.5321036747763174,2.5693107028308084,53.21313768753676,0.8701491472474426,2.967012053592512,22,-1.09533454427865,-2.447576990410248,0.8970961229396721,0.8725596747056841,-0.5453994250155461,-0.6478178067125597,0.4033949210947867,0.8798780046629062,-0.36094981156499273,-1.257139684279032,-0.944135383745941,1.6917935667235753,-0.6405712193785327,0.956639489938631,1.6652297784636438,-2.3005563387676062,-0.23682528580742002,1.645206479825589,0.33097799452582066,-1.2790785656616066,-0.3251872086319345,1.5101363723774242,1.1351154242806984,0.5461662920159185,-0.8937701274447569,-1.9377631982435588,-0.3387424277054869,-1.0292488553489534,0.39215539696476753,1.9746803746645938,-0.3830189316140853,-0.5789337435935806,0.26080251549764455,0.22189916786682318,-0.6552052106749109,-0.6733089676976078,0.6044474926881165,-0.43571822145306527,-0.23463359708778597,1.6358727997021347,-0.3224421146667531,-0.6724465491287503,0.0,0.0,0.0,0.0,0.0,0.0,0.0,0.0,0.0,0.0,0.0,0.0,0.0,0.0,0.0,0.0,0
26.04082775753687,0.44217411000078277,2.020573608976605,53.41543723273475,0.7453987157942757,3.091022000792293,22,-0.9133333477106724,0.5941911399568554,1.1635569870757578,0.5826775546504166,0.857016621900847,-1.136551060729559,-1.1556401668928658,0.5586775777608395,0.03302619402242968,-0.095455444548179,-0.3473938773552554,-0.89941187296143,0.6769937640036723,1.9921444361961207,-0.5761687311940094,-2.1472365258424944,0.8462426810816019,0.53378946322281,-0.8395412220768748,1.090500101799087,0.4996860073020599,-0.019729208479681404,-0.19406785708926222,-1.1321102758105326,0.8007279326844312,0.7808770798439753,-0.5728161165556251,-0.9715112674273456,0.48876396646343423,-0.21176524308440747,-0.6391919091738778,-0.5792881462555002,-0.13968190064572283,1.5493363508781712,0.06627476548952771,0.08427165263134384,-0.36660921592098106,-1.1176881814592932,0.6515389925405302,0.668791463632715,-0.6110135622536781,1.9063107151093561,0.0,0.0,0.0,0.0,0.0,0.0,0.0,0.0,0.0,0.0,0.0,0.0,0.0,0.0,0.0,0.0,0
26.001726223859134,0.5903795911096639,2.4768551333387876,52.743750114216475,0.8052658272359525,2.780386227310231,19,-0.9492120305070344,-0.4695537916536807,-0.9991782653020032,0.4764628206756498,1.437403084294278,1.3466547252796772,0.791806801429555,0.02030336034151503,-0.08287674957801983,0.4797675928935874,-0.5101063956721426,-0.4240007704073676,-0.4594822911712768,0.3972143570297533,0.5140895485812713,-0.5997863031594051,-0.3778049271117787,0.9320257375280718,-0.1222477608292003,-0.09640460343852908,0.7878289471374416,-0.7368020984248318,-0.7940189910080804,0.6877632436239267,0.8266361680933336,-0.5789258964968482,-0.8597112592199458,-1.0653439835555503,1.3253389583933526,1.9414580454205819,-1.849563197554005,-1.449050150384842,0.341932554290274,1.4405120013921575,0.40070079875712494,-0.455837746419796,0.0,0.0,0.0,0.0,0.0,0.0,0.0,0.0,0.0,0.0,0.0,0.0,0.0,0.0,0.0,0.0,0.0,0.0,0.0,0.0,0.0,0.0,0
25.743461914557844,0.4370038761939098,1.5008062569769685,53.06476824149755,0.5457732755764042,1.9649572636065074,10,-0.46492080671463043,-0.9496546376912391,1.3745917908323264,-0.7390884017488446,-0.8764091559019711,-0.2762142241664236,-0.3852321407731374,0.5121600502029793,0.5499388352438856,0.5742067593175335,0.11831535022760065,-0.5106278961347925,-0.9074191457733463,-0.15333174284132411,1.039057196352399,0.22042327836380338,-0.6894026179080157,-0.5297833776438807,0.0,0.0,0.0,0.0,0.0,0.0,0.0,0.0,0.0,0.0,0.0,0.0,0.0,0.0,0.0,0.0,0.0,0.0,0.0,0.0,0.0,0.0,0.0,0.0,0.0,0.0,0.0,0.0,0.0,0.0,0.0,0.0,0.0,0.0,0.0,0.0,0.0,0.0,0.0,0.0,0
25.894286518645252,0.40860733141110245,1.842642411313836,52.95631094519731,0.8759960968012602,4.287509977747035,29,0.2388695876222542,0.002793307630902575,0.21431947623564085,0.8761179979113933,-0.7722683807288213,-0.40258072172595405,-0.7694978824742691,-0.43741235455073024,1.0352746022687391,1.3017960732372984,-0.06930163009716495,0.5253404366038694,-0.23714753266521527,-2.5565739929838145,0.10607712589582974,1.4146020163553459,0.13859628395103485,2.053903629980695,0.10904077354306096,-2.247747253308951,-0.020976140931967535,-0.1318103239087307,-0.26874768487052236,-0.13694126084631364,0.30098224724353884,0.4367323659074813,-0.3346548416304067,0.21177411924731615,0.46352817490509324,-1.5997328325752562,-0.6347341685059114,0.9746265967042831,0.3502505138130303,-1.7944113889668643,-0.8483983871333933,1.6481449983007295,0.6269140563300404,-0.5546975817604576,0.4686995952935611,0.993492938366046,-0.8006117939190212,-1.596446485021211,0.3568171951789907,0.9152505733455456,-1.0424845367800621,1.1830892487837659,0.5184977206891084,-1.3143019215718894,0.13079977620904515,-0.9828821007789088,0.6041128034427707,1.7299751444374962,0.11582898081053727,-0.675249716977298,-0.19473228916645624,0.32051484561579713,0.0,0.0,0
26.124456075957514,0.49094976107480187,1.8051476791296572,52.917716556948974,0.8080120037910821,2.9676732061740125,26,-0.19921408967388743,1.193006957180188,0.19560609076708957,0.3661220900853337,0.43088921180191875,0.041165712487590156,-0.9951002027604545,-1.4530567696128642,1.5707452355866138,-0.09559644357179309,-0.5376558820748016,-0.19463953340282814,-0.5553692999865589,2.195495290598302,0.6746436110886052,-0.7854825362374669,0.2044709745933062,-1.1552779584405997,-0.7763435583377749,0.7587260503726654,0.056876629918686916,-0.2007010017265145,0.8550295016190361,-0.6791153244517218,0.3127504667225445,0.8070123303378267,-1.0447697446749942,0.12360907501106766,-0.5938250023285399,1.392446245545166,0.3438060960822078,-2.0695524963345378,0.7518089496968798,-0.8429694387432534,-1.0316155202414983,0.5283564710714899,0.41096604812738846,0.12504504953900408,0.2504340405953229,0.3725761979194644,-0.6076497839196477,-0.4956612424753999,1.009574624141873,1.4949005879568702,-0.20123352333585132,-1.5505238150627392,0.6577891971604579,0.908840585046967,-0.614042506833762,1.584139372178356,0.0,0.0,0.0,0.0,0.0,0.0,0.0,0.0,0
25.980297618450436,0.595243023585879,1.8673238052838705,52.77800121875613,0.8358615536293843,3.383585681324206,26,-0.6179020141179272,1.9832911857701063,-0.6238541914954041,-1.9786210196896263,0.1847975430250095,-1.2488077499709291,1.07048633165045,1.3385043649188972,-1.4037665028552802,0.42203931133791883,-0.40908627025026334,1.074923186984968,1.0277275173471878,-1.8726149629817854,0.011316752472001923,0.015814962760678952,0.17619710299101854,1.7593792246584457,0.0032955937410470426,-1.8686424173369502,0.5490399449309251,0.9569933412564069,-1.7444215705549198,0.016265806338147115,0.2576671478653516,0.3009845758495757,0.9325032642957609,-0.7739421973804497,-0.8839144178303151,-0.1417169410335717,-0.1754812357724589,1.0095110627414883,1.6612162627723137,-0.9847122359376641,-1.7428933419747779,-0.3711786695595123,0.6343350472768208,2.0702153423766916,0.1459522929396222,-0.5917636851780017,0.6842520465973401,1.0235256115089229,-1.5889698501228757,-0.7868277956387146,1.1421391048943619,-1.641689042278756,-0.6529261048831643,1.0916103133531934,0.7589941354262635,-0.8895979958225908,0.0,0.0,0.0,0.0,0.0,0.0,0.0,0.0,0
26.12403080088745,0.4427587051230926,1.6478569911786813,52.92971076955314,0.43895700751576405,1.5373531162779983,13,1.0348143615167231,0.9048206082450037,-1.156702264316209,-0.299909454933605,-0.12951389181389317,0.8928137068167885,0.4403442744123822,-0.2790437813642086,0.3658786345131091,-0.2473210284795968,-0.0038862855000978413,-1.010988306434193,-0.4516585202123906,0.9216752806683601,0.08615385820114341,-0.06325725918784997,0.0007244482838189015,0.2197585648188678,-0.709205435500273,-0.5217797938638498,1.0509731276971124,0.762284434736948,-1.1409649369433836,-0.6955028605603246,0.0,0.0,0.0,0.0,0.0,0.0,0.0,0.0,0.0,0.0,0.0,0.0,0.0,0.0,0.0,0.0,0.0,0.0,0.0,0.0,0.0,0.0,0.0,0.0,0.0,0.0,0.0,0.0,0.0,0.0,0.0,0.0,0.0,0.0,0
26.03964608353019,0.5710409251406364,2.2727714885139285,53.111134166445915,0.8274249058955458,3.0176486689980067,28,-0.42578146696563834,1.6738241202248645,-0.32049019697452863,-0.6162334801731788,-0.329295410499153,-1.2364350343484247,0.8456828969507093,1.6298542560800868,-1.3356460026683763,0.2725753863883824,1.259665862115252,-1.1477838060049521,-0.8724675859153805,1.4136344583392528,1.175664206755755,-2.2661439416355336,-0.5454920596469712,0.13760580827164404,0.2414121125937072,1.3050828336307134,-0.2810674770126944,-0.088969694093187,-0.9171829544828611,-0.5935670131170951,0.4458239658728296,1.2209343395167878,0.7665592505033629,-0.22296009740474432,-0.2528667601257695,0.26179580537444735,0.5071670439729132,-0.785020405029023,-0.3888576711342502,0.580573362664488,-0.6849882268699155,-0.8385844568066716,0.08531887649101222,1.999575194493275,0.44949076412193634,-2.293091568166865,-1.208480728261673,2.3342745596642374,1.9937429758115464,-1.65632758589512,-0.6158475746227126,-1.1283190693265226,0.39264393033565526,2.194872192045871,-1.4038192689290199,-0.9937423696749121,1.4125845505822134,0.5801781679882225,0.4934668753362459,0.298185456129886,0.0,0.0,0.0,0.0,0
26.060050722418,0.4982349292043933,1.903520105484997,53.37510685101563,0.705485049470214,2.23078718771351,11,-0.4874789351073261,0.29449098231108195,0.34255115557690985,-1.278765526294947,-1.4197941961999412,0.9579920464203369,1.3003561454006594,-1.7276414137969383,-0.5427837710774419,-0.18237229404196142,1.1459477311617796,0.6704306519631231,-0.5151111446447167,0.3152130317111812,-0.1916148010198988,-0.6631421756888116,0.1232261237504595,0.7454038972892789,-0.7423754231134687,-0.18510296663605175,0.0,0.0,0.0,0.0,0.0,0.0,0.0,0.0,0.0,0.0,0.0,0.0,0.0,0.0,0.0,0.0,0.0,0.0,0.0,0.0,0.0,0.0,0.0,0.0,0.0,0.0,0.0,0.0,0.0,0.0,0.0,0.0,0.0,0.0,0.0,0.0,0.0,0.0,0
25.96761205074582,0.35980689883480305,1.377664136849834,52.97011094054642,0.6476099250563766,2.475782765882059,22,0.8243293627994177,-1.9488673430845083,-0.20455742254116416,0.08968730673246483,-0.8194599029840468,0.5143568412217903,-0.014872802685982123,-0.4528587975816194,0.17939062181175558,0.5610101616215388,-0.0641368555899291,-0.24280359450303735,0.8518013890829224,0.49303830705402163,-0.29705429516422655,0.73572772009787,0.06102745909254281,-0.7494339377119061,-0.18305880180316336,0.072859964105767,0.02355053927028905,-0.9757417309028611,-0.9102940653388316,0.7386104391975721,1.18800053651254,-0.23015593423541247,-0.6788325691381054,0.8827163481999065,0.2651630737707258,-1.1569663574745448,-0.22000879454267164,-0.07687088744683024,0.309522243643503,0.9424678317268658,0.2136111810461614,1.3301390857804734,-0.790974479883662,-1.7248413426780829,0.6308021283836638,0.2753256241641253,-0.35087590149892733,0.6238507536994362,0.0,0.0,0.0,0.0,0.0,0.0,0.0,0.0,0.0,0.0,0.0,0.0,0.0,0.0,0.0,0.0,0
26.102970952078664,0.5611718959759566,2.146993463881973,53.81891793042676,0.7400482354904091,2.7823850081215724,12,0.07076129468885384,-0.28843108409243,-0.6240571125425731,0.635013235070339,1.166011910607189,-1.500681444952015,-1.2039543524499834,1.3502597903423066,0.23205454874983644,-0.6690281345507287,0.5932432477158898,1.2851536453211665,-0.36470102189246134,0.8159997070088281,-1.4036358860052545,-0.9981755990086185,1.1232412871597965,-0.8462494087554617,0.42816446289481647,1.472388254362862,-1.1027175178080206,-1.3740207635150554,0.0,0.0,0.0,0.0,0.0,0.0,0.0,0.0,0.0,0.0,0.0,0.0,0.0,0.0,0.0,0.0,0.0,0.0,0.0,0.0,0.0,0.0,0.0,0.0,0.0,0.0,0.0,0.0,0.0,0.0,0.0,0.0,0.0,0.0,0.0,0.0,0
25.979756156145058,0.46480918667896665,1.7273122530436424,52.93086227312988,0.8632666044298106,2.949632301939829,12,0.8839008918742586,-1.5291542701558853,0.20630864949110972,2.2528975748904756,-0.7598261372875825,-0.9984736231022211,0.8232811769682442,-0.9277296685044263,0.5736476719976125,1.3660354792972953,-1.1626473417790955,-0.8942725172297159,0.536403878209736,-0.16977322157050878,-0.10992004843887315,-0.3675710520829938,0.3798457004100939,-0.9578476987472584,-0.5385659522182635,1.9860572559189293,-0.47893736086886207,-1.7860154657475462,0.0,0.0,0.0,0.0,0.0,0.0,0.0,0.0,0.0,0.0,0.0,0.0,0.0,0.0,0.0,0.0,0.0,0.0,0.0,0.0,0.0,0.0,0.0,0.0,0.0,0.0,0.0,0.0,0.0,0.0,0.0,0.0,0.0,0.0,0.0,0.0,0
25.924008203942844,0.41681496127257817,1.4500293958457853,53.086636609637345,0.8528243857642107,2.670602158965373,9,0.6130694428508292,1.6126725607173071,-0.4667604776728993,-1.236977866209898,0.32891413614323284,-1.1205360170679128,-0.6854235923702987,0.34525980598856165,0.43261797040587524,1.0503840780216294,0.2559225390480435,0.6853571709016322,-0.5574291104469538,0.5896011040535498,1.3189179968388203,-1.313246723225653,0.0,0.0,0.0,0.0,0.0,0.0,0.0,0.0,0.0,0.0,0.0,0.0,0.0,0.0,0.0,0.0,0.0,0.0,0.0,0.0,0.0,0.0,0.0,0.0,0.0,0.0,0.0,0.0,0.0,0.0,0.0,0.0,0.0,0.0,0.0,0.0,0.0,0.0,0.0,0.0,0.0,0.0,0
26.002159686406703,0.5407478200056353,1.801543077236758,52.94595281595233,0.5868729250524539,2.0490878716013725,12,0.7416723667710059,-0.6592325488391495,-0.6226390444542957,1.482700596834448,0.9791040333462107,-1.3274646602682765,0.637487026177542,1.1111556910171316,-1.5992922735450605,-0.7168498300753257,0.6974823320382448,0.18370052517077795,-0.6304748836283451,0.20978262335918885,0.8838480393399024,-0.72766446324718,-1.1531062914414996,0.7777534281597909,0.8729225837564627,1.0559739606508174,-0.6767878626585322,-1.8467434801496978,0.0,0.0,0.0,0.0,0.0,0.0,0.0,0.0,0.0,0.0,0.0,0.0,0.0,0.0,0.0,0.0,0.0,0.0,0.0,0.0,0.0,0.0,0.0,0.0,0.0,0.0,0.0,0.0,0.0,0.0,0.0,0.0,0.0,0.0,0.0,0.0,0
26.071213293706766,0.4951897113477676,2.0517081853653067,53.040476690959636,0.9807094773475322,3.6207463131497803,29,-0.6651424145208793,2.0880838492915856,0.14647778334462203,-2.001452988327763,0.28284805520336675,-0.373775240691991,-0.6937450289530496,-0.42347555240880297,-0.844677629765819,2.199890570734965,0.82037708603794,-0.9582062570770091,0.6040405773547022,-0.4017350934482309,-0.03522501583060489,-0.7958819567739539,0.32005960584721294,0.8679100094918937,-0.8697505716410561,2.21655704899446,0.9888781384081362,-3.6207463131497803,-0.6979287062473993,1.2102632821828507,0.20967266605585877,1.939553896859806,0.14959979786531363,-0.43504873837814984,-1.1426391925940038,-1.4556789722806371,0.18838421713338604,0.6193766121732693,-0.01659666222015943,0.2074738462072787,1.0551538509580318,-0.2632790583097133,-0.6888368982940243,1.3204893022415263,1.166519292531973,-1.1557568033209762,-1.0121029992162285,0.6366096684040699,-0.737374911486878,-0.7631340174939396,0.3994781686881588,-1.7711900654576667,0.3948969369622546,0.6719808474959876,0.19890675048707607,0.16602792324036386,-0.7500137961379281,0.5884735936240162,0.7766592499443234,1.8621600770323212,0.1335309926198427,-1.3728022209111543,0.0,0.0,0
26.166524846430097,0.45668924426934693,1.2291573152916868,53.224038115876816,0.5555368259282781,1.7301458207563059,7,1.2291573152916868,1.0143152594098126,-0.6662610908089022,-0.5886287176735507,0.4290464110181844,-1.1415171030827551,-0.8900497837373536,0.818649492858313,0.31273184622345696,0.7981609636968443,0.7086338549586486,-0.2495742408705155,0.0,0.0,0.0,0.0,0.0,0.0,0.0,0.0,0.0,0.0,0.0,0.0,0.0,0.0,0.0,0.0,0.0,0.0,0.0,0.0,0.0,0.0,0.0,0.0,0.0,0.0,0.0,0.0,0.0,0.0,0.0,0.0,0.0,0.0,0.0,0.0,0.0,0.0,0.0,0.0,0.0,0.0,0.0,0.0,0.0,0.0,0
25.950499050521373,0.5247877365881654,1.8039610983124348,52.669010001755794,0.8479909480153864,2.2665549829283123,12,-0.6388182960630431,-1.9119869035371977,1.3987405212102892,1.86260713979501,-1.3569686833716936,0.06383282720064898,0.37939343033410466,0.1775867531778914,0.5922825055478604,-2.0951092809698437,-1.4186683508227063,0.09658043050991694,1.6597983773987544,0.9012476673364063,-1.2952766362200911,-0.8147601053153508,0.34794243624437016,-0.3545136944894409,0.3719286620176234,1.134803073754668,-0.16528188014153855,0.49564433494314386,0.0,0.0,0.0,0.0,0.0,0.0,0.0,0.0,0.0,0.0,0.0,0.0,0.0,0.0,0.0,0.0,0.0,0.0,0.0,0.0,0.0,0.0,0.0,0.0,0.0,0.0,0.0,0.0,0.0,0.0,0.0,0.0,0.0,0.0,0.0,0.0,0
25.909843758874594,0.4730026426483062,2.183848303491672,53.07264342256051,0.8274710644335057,3.8745409000128888,28,-0.41401901029061605,-0.5781746745166672,0.2054972150406762,1.8174344066777053,-0.37389255094148766,-0.3228955633063322,0.8268018320086341,-1.2270710219683139,-0.6044445703497843,0.8821560586767632,0.46555253988292833,0.031698954722081396,0.817831183064456,0.08391138575264279,-0.08540114034439128,-1.869245704805003,-0.6157882335121023,2.16068994962216,-0.027403916020265484,-1.2610444031666859,0.9834796377820787,0.169496823587572,-0.6795592145311495,2.396567748561175,-0.42428129011761584,-1.8688066972313493,-0.5491058286219648,-0.5505566849345556,0.9099456676425959,-1.455177517846984,0.217725277209059,2.87604680536181,-0.7304876485482517,-2.1879790438039635,0.4614271398258367,0.27341661384727445,-0.3273880250265293,0.5376692835293255,0.08977044785801169,1.3982112726305118,-1.1518948291816642,-0.5145374440276242,1.1330203269230985,-0.7448619972048149,0.5955753530620953,0.37290365878326526,-0.800385928987307,-0.7269422052079406,0.34196446189093876,0.5920315059491656,-0.4042385374536188,-0.053053555829770005,0.5581961914923461,0.716346520722567,0.0,0.0,0.0,0.0,0
26.201627598388487,0.27958153268062746,0.8266013599504021,53.01525972803119,0.9571225601226006,2.682243476786091,6,0.49018593855659987,-0.5612000264879597,-0.4077950794229075,1.7835730517448667,-0.24509298148851144,0.6079014478656006,-0.17371329903898314,-1.2429982886926396,0.03483568920986002,1.5337672658682635,0.0,0.0,0.0,0.0,0.0,0.0,0.0,0.0,0.0,0.0,0.0,0.0,0.0,0.0,0.0,0.0,0.0,0.0,0.0,0.0,0.0,0.0,0.0,0.0,0.0,0.0,0.0,0.0,0.0,0.0,0.0,0.0,0.0,0.0,0.0,0.0,0.0,0.0,0.0,0.0,0.0,0.0,0.0,0.0,0.0,0.0,0.0,0.0,0
25.999117072207852,0.39279714348625666,1.2444282450348396,52.99510013674249,0.7949368485454894,3.286937524920461,24,-0.6987687454838749,2.4186203476482007,0.7440334573790786,0.3125600190649962,-1.1431530807258277,-1.253955935555318,0.844785823039647,1.2478075964326436,-0.6062526228459824,-1.5174314569631804,0.5009329750533347,0.23923233694176105,0.2826009140065011,-0.09214679834192907,-0.11610284664073589,1.381167365754898,-0.23251658413189702,-2.1569918802163386,-0.7239134696211593,2.7080759301547275,1.054401643381997,-1.5560686337115683,0.15054312872191744,0.7358805762169922,-1.037213731076072,-0.0689633862348984,0.07348390492527201,-0.30198090652577037,0.9847932861694559,-0.6015342797472627,-0.6409994603010887,1.474446899524331,-0.3308358874181607,-1.4057790629191658,0.5713338754624289,-0.17311791359983886,-0.4555394007368463,1.2871671529955506,0.39978325968019846,-0.585568531189331,-0.2871244011261638,0.9696575644634677,0.04284792538290105,-1.136390933257367,0.7189541019690004,-0.4705666249921947,0.0,0.0,0.0,0.0,0.0,0.0,0.0,0.0,0.0,0.0,0.0,0.0,0
32.67359720305768,7.100583407599826,21.49996463558253,48.11633213126528,4.652054697167692,11.678985883240337,30,1.1198170682185378,-0.7936346016552918,-0.7540289095745472,0.8586623137948024,-0.43789721603573994,-0.20366403821908108,0.7748139407569425,1.5660615514873797,-0.17473500470451953,-2.7873133966948416,-1.1390361916521172,1.1317427005783642,0.3098525416050606,0.32166089277835397,0.4595255279075623,-0.5501981243280483,-0.734093816608894,-0.8645380418844368,1.8370689181959072,2.0753423108344293,-0.6341488599661353,-0.7361347604089161,0.7627517585329038,-1.7623186139856983,1.6883211027984224,-0.6056830804956874,1.0784289454811677,-1.9555216565513334,0.6074639239086039,-1.5353247834398616,1.7487690851912383,-0.8259217120611808,1.000138781149488,-1.6930833934004,0.34622939420864185,-1.7222968009237292,1.7118863680863399,-0.16939742325735097,0.9586262967496779,0.0,1.6626352412138488,0.0,0.4714460492835144,0.0,1.2457206208694913,0.0,1.4791834664408157,0.0,1.38886506609267,0.0,0.5256587600744496,0.0,1.6612871204411164,0.0,1.0574936710432183,0.0,0.8668546728834201,0.0,1
25.77265375107686,0.4393510076388018,1.6243835367888941,52.81886423755097,0.8663260672868182,3.9033356713959932,23,1.1425347370559393,-1.327066969767266,-0.05879114039338518,0.29338959632388395,-0.8410868213389797,0.8109336392663167,0.06599101196202994,-0.9552954241836318,0.15238907595104578,0.5608088132442859,-0.8957631721165171,-0.2818125504991684,1.2943807840859591,0.35524706839353115,-0.30440635989035414,-2.0080856897818578,0.6215098144539972,0.44084583225233587,-1.034292150265209,1.9565190570039377,0.23964313485631195,0.336971519681768,-0.44370115489459394,-1.5581344873444607,0.25111734727243373,0.5331666810883107,-0.08884571628698268,0.43099808405874995,1.0889778374573318,0.3187986790051198,-0.84711776379892,-2.1767158986636375,0.4112187667480036,0.9133096197539743,-0.2524695443032101,0.4427686937028028,-0.4443509310755047,0.8285756616687365,0.5505824214205859,1.4362322291883558,0.38370187751761975,-2.1811489684249707,-0.9034313622034738,-0.9431773882354122,0.0,0.0,0.0,0.0,0.0,0.0,0.0,0.0,0.0,0.0,0.0,0.0,0.0,0.0,0
26.078405357957994,0.45536148279965716,1.691487448868255,52.92459961545971,0.63957600143884,2.6502920775372942,29,-0.4137109874894449,0.2643038908888826,0.6673177877921006,0.3985679065328753,-0.29210127907443706,-0.4011420502344265,0.7334108392875223,-1.070141613831865,-0.1895041119012113,0.39286304467949407,0.5190327469812601,-0.07257684872696757,-1.1947243334439897,0.9321516653238007,0.9399362101307531,0.019635522267314798,-1.2812046288814685,0.10482754787272341,0.5276091343699214,-0.3148768267268167,-0.17730527667934481,-1.8881882915527939,0.5338462327718396,0.2666718651950646,-0.01208480733292916,1.2685376375481354,-0.7394476957357625,0.19061244144482714,0.779405883606195,0.9244701333492671,-0.519340628414156,-0.9406963513263591,-0.2181541385538992,-0.8429955830837415,0.4025079989046816,1.3104913109096117,-0.732531399610096,-0.5435332005132878,1.2040752556756473,-0.3078424741358319,-0.4934635802152485,-0.9700356979488589,0.010937594321841715,1.3598291328650731,-0.026710502644231582,0.11490472229458248,0.8670083568891442,-0.9799713720684124,-0.06398619893098356,1.3924032738498653,-0.08405829771531614,-0.0716487916442361,-0.7179013688290112,-0.4847073730064082,-0.5152916341155489,-0.029751779560747593,0.0,0.0,0
37.732615647462126,9.86561935935906,30.31579592586091,47.23296556923756,4.24595690136029,10.83403327367401,30,1.5602010655767273,-0.10901066378469437,-0.4135498190447251,-0.5021591098667813,-0.5725489342113548,-0.3805449915675254,0.5110552423104906,1.2426931287653034,-0.09564442905050541,-0.46350359537095187,-0.7634538048267459,-1.475675800327295,1.6212817601995226,0.3227035498724433,1.5539806869700605,-0.49315679344537955,1.5719481452729447,-0.8889550643038433,0.8330298097265292,-1.6837172023383573,0.7964504248332389,0.03369422152182011,2.089080254008138,-1.3143095762762584,0.5916123761032779,-0.9531132429276141,1.761588759053808,-0.4568656678028873,1.5373106842829642,-1.0120539118288292,0.8909894025161336,-0.3512765457579192,0.7126419311389256,-1.0663397824249259,1.8142194298314323,-0.7053872250990807,1.5310102074527023,-0.32607663716493107,0.9709771552026254,0.0,1.6541574994269652,0.0,1.471515850161687,0.0,1.1317065656636132,0.0,0.19122197435262933,0.0,1.9183920058465063,0.0,1.7163957375666143,0.0,1.0391543587684922,0.0,1.264145721365722,0.0,1.4269258653624917,0.0,1
26.205705582046562,0.29825004413374767,0.8849718598994194,52.95061337065965,0.4011973443492297,1.1299805017526126,5,0.21294619265121284,0.3701135094049093,-0.36906505582722104,-1.058450931343181,-0.5159068040721984,1.1299805017526126,0.6684135281198209,-0.4695631980845647,0.0,0.0,0.0,0.0,0.0,0.0,0.0,0.0,0.0,0.0,0.0,0.0,0.0,0.0,0.0,0.0,0.0,0.0,0.0,0.0,0.0,0.0,0.0,0.0,0.0,0.0,0.0,0.0,0.0,0.0,0.0,0.0,0.0,0.0,0.0,0.0,0.0,0.0,0.0,0.0,0.0,0.0,0.0,0.0,0.0,0.0,0.0,0.0,0.0,0.0,0
26.2595450010771,0.5144877900343805,1.870719646298653,52.75299605412622,0.8285068427380985,3.104988112229684,12,-0.1544748074164488,0.77794342984906,0.6992286778981125,-1.3806650581184954,-0.8335262766395672,0.7865755112980324,0.19762561762101072,0.6861925270735583,-1.2348189872800965,-0.01785487844035316,1.2511175151591623,-0.829277764864834,0.11737964002927015,-0.21157564567024423,0.16413263551209312,0.11948068325809658,-0.6921274705234737,0.6909282380649131,-0.23117986422475667,1.8805194415105149,-0.373810699584304,-0.8555664456128014,0.0,0.0,0.0,0.0,0.0,0.0,0.0,0.0,0.0,0.0,0.0,0.0,0.0,0.0,0.0,0.0,0.0,0.0,0.0,0.0,0.0,0.0,0.0,0.0,0.0,0.0,0.0,0.0,0.0,0.0,0.0,0.0,0.0,0.0,0.0,0.0,0
25.9103469048381,0.47620936860520635,1.8410162757432893,53.24763668431192,0.9270353199635148,3.421386475677693,20,-0.5880284456536771,0.28497468997120734,0.232552200306813,0.0044396058522480075,0.3521191624191289,-0.9196440607732086,0.027129104505174695,-1.7984349929796366,-0.8001111742943543,1.939291210594277,1.0382961043098398,0.4700600179277359,0.06514536645092406,-0.9035735945991661,-1.1285999732870238,1.4605207804085367,0.1530064937887019,-0.7078002468862366,1.0074637763936742,-0.23324814745173938,-0.6689721022007475,0.4144858672424476,-1.0364622130982752,-0.6024086879559718,0.41004822135958463,-2.2609442805249813,0.5751559397800996,1.5949372383399876,-0.45683651255605895,1.3570455829745782,0.3748094398240802,-1.6038074938769213,0.22290999216000884,0.4672950678890828,0.714929195175575,-0.657091046932905,-0.876354260131258,2.2630071272838705,0.0,0.0,0.0,0.0,0.0,0.0,0.0,0.0,0.0,0.0,0.0,0.0,0.0,0.0,0.0,0.0,0.0,0.0,0.0,0.0,0
25.81096783794903,0.446265583007025,1.8865613225504703,52.869889883157,0.6936995951291097,2.5584801536238047,18,1.4198541003658711,1.8125759501534944,-0.9329568419179672,-1.2134944020483829,0.06414899010368558,0.07085054805208557,-0.006756131632887019,-0.1810693467400668,1.3422712056317678,0.27980503444258176,-1.2345525908330544,0.5503443714008469,0.8054821691530059,-0.6863639963944479,-0.4831261892132517,0.5340965668801587,-0.4025588042763495,0.9899748816536516,-0.09064516992210869,-1.7902980045478785,0.19077198289785358,0.304156596957597,0.2771973403540571,0.8644228315216154,0.3380992565820229,0.684988718216097,-0.5363643929392943,-2.1916851560465034,-0.018710031144951955,-0.3667949975773013,-0.18637170156087635,1.3601581391804274,-0.15644349827907433,-0.0826164368796114,0.0,0.0,0.0,0.0,0.0,0.0,0.0,0.0,0.0,0.0,0.0,0.0,0.0,0.0,0.0,0.0,0.0,0.0,0.0,0.0,0.0,0.0,0.0,0.0,0
25.959612400984973,0.52627591706322,1.9769021462462781,52.85457017139593,0.9579717213134874,4.244094941752451,30,-0.5110920739106106,0.2501307410680056,1.4334059069857439,1.616300986976789,-1.2505000031097957,-0.5950407310542261,0.7762610340061826,-0.10823075086414491,-1.0150067931462097,0.02746708971831424,0.5426765424629316,-0.670800461193771,0.6041529076406214,0.7741753830542706,-0.6213256514598804,-1.0911958921853824,-0.05937785144961438,2.40643134994459,0.1895430718573543,0.4037508650546471,-0.6733195803918051,-3.2147147472531117,-0.09407200730554521,1.4855472432520713,1.119191694869972,0.05209458295143321,-0.5682232041558635,0.1836215392142151,0.5643473430996266,0.9408119447931398,0.2058491282846262,-1.1741929652546617,0.04022979592237874,0.30236745557011346,-1.4098254467859022,2.4538451412261395,0.46158949816122075,-2.4722782971253565,0.6177072976488525,1.5020262143237701,0.007708182429922772,-1.011401762328461,0.8482179561463212,-0.8445573203717416,-1.5785255587146878,-0.13361999527966617,1.0378909673435892,0.5707691137405817,-0.3979468957077792,-0.8953604237974844,-1.0062552383510024,0.21008572668068837,0.5462103149684374,0.35264429229593475,0.40517162452495725,0.5731233143624053,-0.9834473603097926,1.226122935851059,0
26.175586413657317,0.6161633185709507,1.8776966135224704,53.09709521364785,0.9190466047985194,2.866775380717094,9,0.5941513396280733,2.866775380717094,-0.8516710570150927,-2.176623899692146,1.2495478400656879,1.6696879995662997,-1.536151135376933,0.45309967079133884,1.1968845180692718,-0.6419122527276073,-0.2546642436678681,-0.11806390257244459,0.9354763391210668,0.135007318643801,-1.765644921388649,0.3491854868515176,0.0,0.0,0.0,0.0,0.0,0.0,0.0,0.0,0.0,0.0,0.0,0.0,0.0,0.0,0.0,0.0,0.0,0.0,0.0,0.0,0.0,0.0,0.0,0.0,0.0,0.0,0.0,0.0,0.0,0.0,0.0,0.0,0.0,0.0,0.0,0.0,0.0,0.0,0.0,0.0,0.0,0.0,0
26.08919470190159,0.5160356945942186,1.6416426927878156,52.685740087433096,0.6799443029917668,2.746308928507304,15,0.7583360766175957,-0.7136440102121497,-0.8621722388948072,0.3587632858700047,1.3361143469186487,1.1598534963761153,0.04348191355755304,-1.027599301523665,-0.8383044745262858,0.34612488851678336,-0.1341329433692131,-1.0611886175320109,0.5210874481591006,1.4514415501375808,0.03206934699288411,-0.1850108236554462,-0.9503951166433708,-0.547748744150816,0.13971829896135546,0.4319559618805542,-0.39789615077329543,0.2954473425487336,0.8657061865086746,-0.7961304235302293,0.1287814725614176,-0.5291155160739507,-1.0082767606590828,2.6254695813508775,0.0,0.0,0.0,0.0,0.0,0.0,0.0,0.0,0.0,0.0,0.0,0.0,0.0,0.0,0.0,0.0,0.0,0.0,0.0,0.0,0.0,0.0,0.0,0.0,0.0,0.0,0.0,0.0,0.0,0.0,0
25.937736692438836,0.5551193785996854,2.5017789373093606,52.85969945624923,1.0086715791829923,3.7362729599850653,19,1.2591077262750865,-0.9754155440277046,-2.3867708187296763,2.7593318640845155,0.8471568318076876,-1.6206922741070144,-0.5786897495103069,1.4799318466538551,0.08438099035869939,-0.07566698701540275,-0.09071085821503999,-1.8838336223286305,-0.20272147339689894,0.15807077667491853,0.5421818030079635,2.919131356022824,-0.7166056626317889,-0.6476616139428373,1.210655126780054,-1.4259555642041946,-0.4459023152392483,0.2311132957963622,0.1837160184340334,-0.7105756074916272,-0.44431179242383223,0.8505592937180211,0.049492338867235475,-0.9196276919382527,0.32738391968953806,-1.05213749086073,-0.7258072687865749,0.5686383822298708,0.4030300989962434,1.0741188274893076,-0.25081153973255965,-0.9217279866825407,0.0,0.0,0.0,0.0,0.0,0.0,0.0,0.0,0.0,0.0,0.0,0.0,0.0,0.0,0.0,0.0,0.0,0.0,0.0,0.0,0.0,0.0,0
26.18102683801797,0.5216763261865232,1.2558917203094069,52.60880210696629,0.47374213156779277,1.2341959703722125,5,0.8199589814395303,-1.0004327483599909,-1.2558917203094069,0.1657780344067774,0.24918095060696288,-0.39954125641899907,1.0051720975019016,1.033145106166657,0.0,0.0,0.0,0.0,0.0,0.0,0.0,0.0,0.0,0.0,0.0,0.0,0.0,0.0,0.0,0.0,0.0,0.0,0.0,0.0,0.0,0.0,0.0,0.0,0.0,0.0,0.0,0.0,0.0,0.0,0.0,0.0,0.0,0.0,0.0,0.0,0.0,0.0,0.0,0.0,0.0,0.0,0.0,0.0,0.0,0.0,0.0,0.0,0.0,0.0,0
25.95050855059349,0.555535172428064,1.7568013796653652,53.062090707413134,0.5924351000473859,2.1670029511430684,20,-0.7096393444069307,-0.47632408037122076,0.8028088725988454,1.0891730453361177,-1.288346613807434,-0.49254260359069235,0.9812467851143865,-0.04608025576263941,0.4842376164272153,-0.5521316184935756,-0.31923615512027226,0.13091574721992316,-1.437565224545093,0.8149496349827601,0.6144851551021944,-0.2870844048239434,0.1981758583865485,-0.08526663762956588,0.6259535106824323,-0.7020118449408699,-1.1707868064592581,2.158520156154431,0.1563407229093947,-1.9390515544666513,-0.29310737989367297,0.3595632622659224,0.38967559004608887,-0.12542477371944472,-0.21290320344224867,1.7133958609088111,1.4247562585843596,-1.7964206479751041,-1.1226415654221853,-0.07322186261445296,0.6691512813889879,0.40052247127385954,-0.33647789245556936,-0.6494816300630788,0.0,0.0,0.0,0.0,0.0,0.0,0.0,0.0,0.0,0.0,0.0,0.0,0.0,0.0,0.0,0.0,0.0,0.0,0.0,0.0,0
26.07529857424108,0.43033104250117554,1.403340065717071,52.847234880640144,0.5034606928395451,1.657585907415644,13,-0.5646797693441101,0.16479064915714758,0.5372216086889381,-0.6685122080104051,-0.0360213683826025,0.41703296855820327,0.13616063177776638,0.6025053876833084,-0.12792673473405713,-0.7660957413985798,-0.3742790931884876,-0.45257679944734974,-0.5868066564569858,-0.43891336656971447,1.2033688238911253,0.6664118772143439,0.1999712418259456,-0.6271657719637389,-1.1734478679783784,0.6378700476557171,0.8368728364521445,-0.07028675343212143,-0.9531200545991361,1.0154779467136876,0.0,0.0,0.0,0.0,0.0,0.0,0.0,0.0,0.0,0.0,0.0,0.0,0.0,0.0,0.0,0.0,0.0,0.0,0.0,0.0,0.0,0.0,0.0,0.0,0.0,0.0,0.0,0.0,0.0,0.0,0.0,0.0,0.0,0.0,0
26.189676078005334,0.47323694205221206,1.9131946100345232,52.807282737761035,0.7953688290881539,3.112906565485403,24,-1.2814330223402877,-0.5903293800213874,1.2462133061295724,-0.07119729473714642,-0.47423485387033537,-1.1501892373879201,0.4705908843580531,-0.023742083740259545,0.034736990745223295,1.183556846015506,0.41549168438216455,-1.34928852328661,-0.1272307067489784,0.6657825948232201,-0.0034409925054532664,0.8262360635001471,0.048549328277971426,-1.1865932810901043,-0.5761456671751475,2.0701441877108664,-0.12959694888955298,-0.30513569449913547,0.42031599807074826,-2.2362850740609517,-0.07036806587265687,0.5112390041250521,-0.52057359408564,-1.082724801050368,0.356944822773265,1.2025487055574473,-0.21995993779643186,1.2391838712964258,-0.40941822083772905,-0.9442267350777982,1.0721968249182012,0.6997537487126593,-0.6176307494231317,-1.5865052495181757,0.9967545075843809,1.8562476582909255,-1.837100263949342,-1.0824675860082067,0.5343567486782348,0.45382312816900594,0.2947088047671187,-0.08403534694076598,0.0,0.0,0.0,0.0,0.0,0.0,0.0,0.0,0.0,0.0,0.0,0.0,0
26.033651926812006,0.4110814942427998,1.2681215735801068,53.0896200481099,0.968445044222189,2.764404135800156,9,-0.24095972502259144,-1.3632893508339379,-0.1039005368630761,-0.7873832437234327,-0.25224459126020093,2.56953688138028,0.2618347253235669,-1.1104529062028021,0.5917814829696368,-1.6539512295973537,0.41450536528690307,2.4749434633418232,-0.07336319994083595,-1.8419768509969145,-0.5528381630337194,0.1740321819069166,0.0,0.0,0.0,0.0,0.0,0.0,0.0,0.0,0.0,0.0,0.0,0.0,0.0,0.0,0.0,0.0,0.0,0.0,0.0,0.0,0.0,0.0,0.0,0.0,0.0,0.0,0.0,0.0,0.0,0.0,0.0,0.0,0.0,0.0,0.0,0.0,0.0,0.0,0.0,0.0,0.0,0.0,0
26.026646565826983,0.5443947162335346,1.6778072856073685,52.989023821417796,1.0174497117187282,3.508050721020595,16,0.23336634878835838,1.0568036542973687,-0.08276615667910647,1.3703342961014542,-0.9741000623467002,-1.255863997569385,1.0312076011852511,1.4382185406766084,0.05282099429985365,-2.383643004610242,-0.8281657145822727,-0.23893403721695705,0.144206094482211,0.2031401694168551,-0.4812912353806311,0.7695320395783796,1.2075202488514378,2.230439381183686,-1.4963367183111345,-3.508050721020595,1.0233789091663539,1.8254222653710883,-0.5658999302397412,-1.055702763362362,-0.25551181572039994,0.38092982799165753,-0.3834377305024468,-0.8273734881723058,0.8296610762952064,1.7097265882447061,0.0,0.0,0.0,0.0,0.0,0.0,0.0,0.0,0.0,0.0,0.0,0.0,0.0,0.0,0.0,0.0,0.0,0.0,0.0,0.0,0.0,0.0,0.0,0.0,0.0,0.0,0.0,0.0,0
25.863840294814782,0.5996976975992759,2.411991704541336,52.92687737309911,0.6263033715093391,2.165470667964918,23,0.5098891163255814,-0.48176314201253945,-0.02843095609734192,-0.34379192395431346,0.5309581910264924,1.1944608241273826,-0.7912143071329325,0.10973299823788096,0.8307966639761659,0.324429257799693,-1.0603354622215413,-1.8828670118619826,0.06976441925401389,2.0473728316690227,0.21923844496468448,0.014268176621676787,0.21361709719839794,-0.373851094258967,-1.2321921440337036,-0.6763642427999486,1.4379049834067708,0.5835139874059223,0.625022483167406,-0.37510393919941265,-0.5290364818842015,0.9031723094362647,-0.4309697473912557,-1.0680485023294324,-0.43696057773221497,0.3796549824027622,-0.3642155767397135,-1.4770771480382479,0.08499930551684898,1.634897435329087,0.7560918748542207,-0.8438833920759663,1.118874946729072,1.009616534612249,-2.411991704541336,0.2207669423098082,1.7086456399332342,-1.1187182698739875,-0.688966650810503,0.5129289956498937,0.0,0.0,0.0,0.0,0.0,0.0,0.0,0.0,0.0,0.0,0.0,0.0,0.0,0.0,0
25.708133307952302,0.5210547052147633,1.6195595524329676,52.84327648074353,0.5236880020988619,1.510045032988664,5,-0.8429419692128981,0.5402420746912924,1.6195595524329676,-0.26360570891959156,-0.9713934442720102,0.4842698684234179,-0.039724249860906724,-1.510045032988664,0.0,0.0,0.0,0.0,0.0,0.0,0.0,0.0,0.0,0.0,0.0,0.0,0.0,0.0,0.0,0.0,0.0,0.0,0.0,0.0,0.0,0.0,0.0,0.0,0.0,0.0,0.0,0.0,0.0,0.0,0.0,0.0,0.0,0.0,0.0,0.0,0.0,0.0,0.0,0.0,0.0,0.0,0.0,0.0,0.0,0.0,0.0,0.0,0.0,0.0,0
26.112473011187873,0.4881256182733785,1.8805694275729934,53.29599686826889,0.94010273144399,3.444410329273744,22,-0.35537377826147676,1.5500446582448149,-0.19807723504740693,-1.3447760706049152,-0.44553057017900244,-0.4578813109099613,1.2888702617897607,1.7941697424453338,-0.7212450515377746,0.2006419740989145,-0.669674005925561,0.9152762560510226,0.6540725215215382,-0.7541676604468677,-0.14117145181254287,0.9209032127833723,-0.020512981172291944,-1.2512047205069337,0.40910310105825687,-1.193459539212263,-0.3878996617008035,1.56676583588078,-0.05297976532512649,0.40970083467856,0.8339518945096742,-0.7545829612866015,-1.550985856100418,0.8475728539553344,0.8440923336838502,-1.2590409427135327,0.49011708427654455,0.5353198641211989,-0.15095970588317087,-0.5761849587657508,0.19655807219207588,2.042700538191177,0.5007616433036937,-1.2302263240559128,-0.1613100679960091,-1.5663726537427323,-1.4272432288874306,2.3754420794606617,0.0,0.0,0.0,0.0,0.0,0.0,0.0,0.0,0.0,0.0,0.0,0.0,0.0,0.0,0.0,0.0,0
25.91122882335568,0.4646457156579586,1.3261468597916313,52.969387283652694,0.9197476168426231,3.4705468494277696,13,0.04084558950899719,-0.9053240980635948,-0.03313487567762863,1.4151928066972985,-0.8083838644139263,-1.6629569081191988,0.810040070250782,2.073472006841307,0.3068056509867958,-0.7058931265699258,-0.014390953570771359,-0.18156925485405395,-1.186838311723097,0.13058766853374237,0.3230798559855046,0.32029002341910484,-0.19443438235992616,0.5226018200308005,0.6921673191006619,0.5793848726831996,-0.9457303872240033,-0.2425531667057328,0.21445250508304525,0.974226006049328,0.0,0.0,0.0,0.0,0.0,0.0,0.0,0.0,0.0,0.0,0.0,0.0,0.0,0.0,0.0,0.0,0.0,0.0,0.0,0.0,0.0,0.0,0.0,0.0,0.0,0.0,0.0,0.0,0.0,0.0,0.0,0.0,0.0,0.0,0
26.17627995974837,0.5473214089008107,2.184859399439514,53.069937369391916,0.7405153355157973,2.9476712886973218,19,0.06634134094462851,1.2244910574452703,-0.9661883181486992,-0.6364404039385718,0.22311124031839213,0.083644162849275,0.9037021473105398,-0.8138126341705814,-0.536653625200131,-0.7067206442363485,0.8968771362165597,1.5630516465939976,-0.0449589035149387,0.5350557052920806,-0.12381921894755266,-0.9046150324561921,0.5503015604785801,1.3297890149079237,-0.951430557527889,-1.712276675979524,0.3659856268235089,-0.2806305036403032,-0.616641451249933,0.7899793182158277,1.5183854447323775,-0.012289814524123699,-0.23436813021635317,0.6820490453492098,-0.9858766089591136,-1.2359452443193675,0.18735289769369956,1.714445648703105,0.4863556847298085,0.47905818055468785,-0.7532185520894572,-1.6048487915812757,0.0,0.0,0.0,0.0,0.0,0.0,0.0,0.0,0.0,0.0,0.0,0.0,0.0,0.0,0.0,0.0,0.0,0.0,0.0,0.0,0.0,0.0,0
29.838221328293212,5.698450542709275,17.662833799896394,51.35548524937643,2.6741357575805003,9.07511611220658,20,0.5929886612700592,-0.9614354961513172,-0.8155307748779883,0.790662362818999,-0.0736779141125723,0.8717621944787055,-0.3976035903216477,-1.2102381053535751,0.5574573941361756,0.26158978462235893,0.24002773940528854,0.3607549628117539,-0.9901463038931126,-1.413590491861683,0.6908338840993018,0.24722802665238675,0.7513613616573096,1.199368307932481,-0.25599404360941946,-0.551354911483557,-0.1374364349702084,0.06783287180825681,1.5018513408438459,-0.4400679160567762,2.963404898455611,-1.152709609514325,1.8272123538959768,-1.5145781960466849,1.9451333667133852,-0.6151282167041927,2.2051807139317745,-1.267566820791572,2.474336538723037,-1.1088787732776169,2.305916968015957,-0.7748111864981695,1.3910328521398228,-1.1629658384456647,0.0,0.0,0.0,0.0,0.0,0.0,0.0,0.0,0.0,0.0,0.0,0.0,0.0,0.0,0.0,0.0,0.0,0.0,0.0,0.0,1
26.160408523588973,0.43955544252692286,1.1674663549440645,53.24276255784384,0.7789470167921682,2.508322868250758,9,1.1599520710879325,-0.7686521338802805,-1.1674663549440645,2.508322868250758,0.5209681240754911,-2.1625615190998033,-0.31466398636582227,1.1386554918283167,0.8408673453539457,0.3167353804724442,0.06614817978334031,-1.2918768556229807,-0.2235461572323345,1.274634419377037,-0.278967714518096,-0.21903945918168688,0.0,0.0,0.0,0.0,0.0,0.0,0.0,0.0,0.0,0.0,0.0,0.0,0.0,0.0,0.0,0.0,0.0,0.0,0.0,0.0,0.0,0.0,0.0,0.0,0.0,0.0,0.0,0.0,0.0,0.0,0.0,0.0,0.0,0.0,0.0,0.0,0.0,0.0,0.0,0.0,0.0,0.0,0
26.008305982514965,0.47386078429706824,1.533281399584915,53.13463016893539,0.9784864012218784,3.734546655122152,15,-0.30671926282715845,2.374509270857537,0.07771523910983902,-2.7125596519247424,0.6771216516772753,2.148623650008979,0.5592203500880224,-0.9323516914856,-0.44846451325764747,1.2640902014000375,0.26516785391062925,-1.6713732929378011,-1.1742077985093644,2.925557788136537,0.4868468905176826,-1.7700000637387134,0.5463103835796055,0.1318162904777651,-1.2089342158258205,-1.0720931244499425,0.3704021838004117,0.5117334820624109,0.8001961853339736,0.020745009154119032,-0.341796693126593,1.5228139216062928,-0.6117683515355168,-1.116393246259122,0.0,0.0,0.0,0.0,0.0,0.0,0.0,0.0,0.0,0.0,0.0,0.0,0.0,0.0,0.0,0.0,0.0,0.0,0.0,0.0,0.0,0.0,0.0,0.0,0.0,0.0,0.0,0.0,0.0,0.0,0
25.920492059981825,0.6510642866356918,3.1537965888015442,53.021015840621935,0.7411063768864535,3.139041517969737,28,-1.3681875740618779,1.254132057910354,0.01374463215018551,-1.1129027527081945,0.013857155272294364,1.0071133236273653,0.4060359673501921,0.9054890443913592,-0.4997448459584177,-0.30370794718324134,0.20420592896972067,-0.6912667699469921,-0.9373950754068581,-0.725621301022592,1.0212459077504867,0.9183315474739189,-0.6103420476409944,-0.6839169923117296,0.45425152011470615,0.7174740665348835,-1.1934312184432834,-1.5331269409236157,1.1726497735299048,2.0180370190309134,-1.4360379735699738,-0.6192355946579937,0.9829904421693278,1.7402400935968174,-0.714818060231714,-0.7219641745331558,1.1692941585750631,-0.5918996203373368,-0.281883422537323,-0.5521439281029004,-0.42002864210807545,-0.48448911199528055,1.102597724037551,1.3376109269886456,-1.1655372696841049,-0.9375032690830807,-1.0672636690783541,1.1182675394144113,1.7724144331776195,-0.614033175370416,-1.1401168766395493,0.0057391708115872575,0.4507945382015528,0.14922319977455345,0.17383153503578086,-1.21132245232441,-0.45332363837836454,-0.08200744434885365,0.46513313181889515,-0.027658563591685947,0.0,0.0,0.0,0.0,0
25.87009239585383,0.3997510537137997,1.737699222975703,52.805171527260114,0.8456999631163156,3.3529376674687086,17,0.6867169500629267,-0.011432269391470129,-0.3261673098857223,1.1541772879404917,-0.5105480686798813,-1.2280134625870787,1.3331890437637668,2.090002026521205,-1.149986723272999,-2.9869526632021888,0.4177451941274555,-0.3659850042665198,-0.10364811671295016,2.472743995752417,-0.45358484476079397,-1.4903099366724035,0.631821801565497,0.013502136879239401,0.10357604065949388,1.561445489674142,-0.4298914576645245,-1.1856014878929102,0.06574188372007228,1.1261043215290911,0.4683396535760487,-1.2166190068938931,-1.2878126542130026,0.7783547717822117,0.565067207707834,-0.6991632015629818,0.529219373390049,-0.3267118367134927,0.0,0.0,0.0,0.0,0.0,0.0,0.0,0.0,0.0,0.0,0.0,0.0,0.0,0.0,0.0,0.0,0.0,0.0,0.0,0.0,0.0,0.0,0.0,0.0,0.0,0.0,0
25.90660133200125,0.3028834612541406,1.1440341292867302,53.066286915594624,1.1600486473925309,4.142921985750313,15,0.12336194341611417,-3.9186969358103454,-0.012871581069337168,2.0753561748226304,-0.14480282011748358,1.5242508113763193,0.928138642313467,-1.2830794629458495,-0.3838892589520633,0.5052584074309081,-0.10522490009656593,-0.5228729266570582,0.2789713873934083,-0.6137277570529989,-0.5364634200467933,-1.2596660426339454,-0.2549239925747173,1.9578972972361726,0.0857897568691719,-0.7848498333109575,0.3022036728595836,-0.019783041250327926,-0.5304973747387542,0.24107852014895315,0.2794753458931112,1.7950789300820844,-0.00792781264237874,0.5279809085043823,0.0,0.0,0.0,0.0,0.0,0.0,0.0,0.0,0.0,0.0,0.0,0.0,0.0,0.0,0.0,0.0,0.0,0.0,0.0,0.0,0.0,0.0,0.0,0.0,0.0,0.0,0.0,0.0,0.0,0.0,0
25.892720291165805,0.5383272790423409,2.080950820409182,53.14881258792218,0.8186177608115353,3.229877090837036,22,0.8228832894986375,-1.350905256448229,0.6571827192595379,1.1072188493213275,-1.0151229935451482,0.3401009096939376,-1.0658278268640338,0.7366540508332093,1.5245228562843742,-0.5198452084510308,0.15767501981726184,0.6678796617991409,-1.2856226759179492,0.4433695929902939,0.8811649120243992,-0.23277200903145712,0.1373709162365735,-0.4701281971564413,-0.26216665907251624,-0.3669177345582142,-0.3588318085382092,-0.7941205500754762,0.9033540713244541,1.376585647834304,-0.7096584847661198,0.7518426646737666,-0.5409032083656236,-1.0701130740568914,-0.28214416148487587,1.260122487020567,1.6551620028344978,-2.754264685189767,-0.32209277176409756,0.29712665862523835,-0.2643452146709748,1.6074919140222406,-0.2641240919899843,-0.47272903807601097,-0.044361888676164085,0.8395935731348487,-0.27336911711924117,-1.0634030538388402,0.0,0.0,0.0,0.0,0.0,0.0,0.0,0.0,0.0,0.0,0.0,0.0,0.0,0.0,0.0,0.0,0
25.96272381789963,0.42675783979046805,1.5570029856353393,52.77667804846458,0.8735151136053946,2.8603724059704376,22,-0.035389886475144294,0.6773593933484605,-0.2914687924058086,-1.2422814749696443,1.2082354346488415,1.0910283406320502,-1.06983099174591,-2.351517972725219,0.639049906706596,1.6670771774794204,-0.5758518519922937,-0.3701898214015671,0.09210187814223403,0.1297060202746465,0.18167155765519638,0.28173757963307366,0.3295615957785891,0.9931026285758193,-0.40223315330984377,-1.834034815131794,-0.43999064491592677,-0.8272025000711594,0.5791432513482171,0.9199915466387054,-0.3928765651353636,1.648391602431822,1.1552550530530787,-2.1339418139357917,-0.9018914046935613,0.858434955925361,-0.20401241779927304,1.1292200123173686,1.3213850688622415,-0.7184047344529532,-0.6179555486054369,0.9497082112837418,-0.8178319081233418,-2.530881763439858,0.05293002690380533,1.37062911673479,0.6325485205436436,1.3270290031088123,0.0,0.0,0.0,0.0,0.0,0.0,0.0,0.0,0.0,0.0,0.0,0.0,0.0,0.0,0.0,0.0,0
34.28389281631211,7.571362577774716,22.51667102282426,48.430625424302946,3.8900515066498076,10.517829251236826,21,0.3606583658618874,0.6203295836260878,-0.13853509279169884,-1.318064592810373,0.479025251819877,1.7488671529640243,-0.780501675655497,-0.44487215573968086,1.101058519552911,0.35301435073380816,0.8792913368933313,-1.1951237183486967,1.5622801034896838,-0.7185072487061746,1.0220017726161643,-1.153833396492729,2.019054521142511,-0.8899789652623227,1.7023151417231723,-0.8197058456164541,1.181300808058964,-0.6345533718593401,1.119682167424159,-0.7760729469907588,1.3779097719003346,-0.9769380016828535,1.869747049109172,-1.1208254237766226,1.6450534022229277,-0.3193934778121488,1.4396348969058153,-0.903079012797825,0.9622798490212006,-0.8264699135027556,1.9992193557777185,-0.0914901233822718,0.9469082262241528,0.0,1.6889341007620402,0.0,0.0,0.0,0.0,0.0,0.0,0.0,0.0,0.0,0.0,0.0,0.0,0.0,0.0,0.0,0.0,0.0,0.0,0.0,1
26.126600430214822,0.41756888624969796,1.4755978651759136,53.051750725559735,0.7443338074272566,2.4548531934058246,23,-0.6691549459165707,-1.405054885139414,0.2952064411700128,0.3696514512146649,0.878695213915897,1.5004574929330232,-0.27396255392293867,-1.2989400479094044,-0.04604005993598648,-0.5431799099592425,-0.7010719151771525,-0.12067457522324787,0.5214523548502541,0.9682693491584686,-0.38846503987162606,-1.3326938704499156,0.018902294888331284,0.8686496356646316,0.30288927721174375,0.46445319910915117,-0.5033394660837409,0.7727354284461185,1.0449983464320667,-0.5052813921421375,-0.8265666220205716,-1.1052905586817374,0.38924535292880336,1.5139875484367167,0.4186199564988158,-1.1823474840889574,-0.21197335234106163,-0.7489503876015462,-1.2202864386328507,0.850929330227153,0.9269074988502055,1.288168448328939,0.20291174972538073,-1.0183433208646235,0.020571813850050802,-0.12217454858811294,-1.002578928137691,1.299751824298454,0.2281297985486539,-2.4548531934058246,0.0,0.0,0.0,0.0,0.0,0.0,0.0,0.0,0.0,0.0,0.0,0.0,0.0,0.0,0
25.950558817234565,0.41947195836667023,1.8061183748163394,53.027032367689884,0.7649806728363149,2.659863834581337,21,-0.23070744006022892,0.6235213087854703,0.8926761168557427,-1.640765844833453,0.049669197402156584,1.5244343034975003,-0.6271792677598498,-0.8393683054855785,-0.11464014231665587,-1.1316990301856364,-0.17594582957038796,1.4392967666128413,0.29165900518987087,1.0421551136926084,0.8787748455574729,-0.3465223998731872,-0.9757826325344929,-0.7675079701444361,-0.3678490809124497,0.9616328217206487,0.220835253339704,-0.746838348465154,0.575615926557866,0.6311729178201091,-0.7356033329082408,-2.114232930232994,0.3420153046925378,0.32954361576683056,0.25329461491263316,1.5829670406663894,-0.5573729956078814,0.6481972070176809,-0.5612714323560155,-0.8975894107458586,0.34651012845597506,-0.7317060834306446,0.10630947749006481,-0.2825431881579874,0.31496960150816733,0.42816055598278524,0.0,0.0,0.0,0.0,0.0,0.0,0.0,0.0,0.0,0.0,0.0,0.0,0.0,0.0,0.0,0.0,0.0,0.0,0
26.09555019988837,0.480988911131974,2.0638690055110587,52.92459974723765,0.8939805418843051,2.878658393294259,20,0.49245095813213524,-0.22894571431714184,0.37904001170458557,-0.7097198338885136,-0.7012180184440595,1.4760966988642608,0.7522591451761471,0.26362919169826426,-1.4818118304541095,-1.4205701495517786,1.9868107812205125,2.1951961972139102,-1.08045786157059,-1.7941722555048614,0.5078348624119684,-1.0249316962982178,-0.4272047541344577,2.878658393294259,-0.5210670516958409,-2.7742703199017313,0.3935729965987349,2.3497550186946086,-0.9365471971208734,-0.19444740200605537,1.2989289743070316,-0.32125233572477896,-0.2473111760339961,-0.6738632395491564,-0.19266086855652986,0.8204577941937146,0.4721283647719403,0.4365500633431765,-0.3575881547412223,-1.627436296144019,0.28465330534469047,1.5697473355639673,0.17774335329878355,-0.03639932883378805,0.0,0.0,0.0,0.0,0.0,0.0,0.0,0.0,0.0,0.0,0.0,0.0,0.0,0.0,0.0,0.0,0.0,0.0,0.0,0.0,0
25.95873852927067,0.48810918819206084,2.066188999660099,53.255693188000635,0.6787242386300844,2.967298348986944,20,0.903281253089208,0.6774926714308549,0.01850306077284003,-0.7677113541480622,0.10139467078360909,0.33761449845652436,-0.6937502480722131,1.7613285848268845,-0.8662874721378486,-1.5034288684097206,1.60589131742379,0.06418349071473983,-0.4261542694531606,-1.528052971291963,0.21303537030631148,2.261486008427177,-0.18742407124975458,-0.23025795041738206,0.164554641908353,-1.4247313556920531,0.25130852358118716,1.4089400349308292,-1.297070501865825,-0.5735397656253767,1.4990209928908378,-0.2267082629867545,-0.6615813859548503,0.9956317981347382,0.90460838207321,-1.4426033754765797,-1.0432648419305934,-0.1680451860872978,-0.11107119860111325,0.7439347008134831,0.2666292023982493,0.25653239536050165,0.3241632243613779,0.35046965772496463,0.0,0.0,0.0,0.0,0.0,0.0,0.0,0.0,0.0,0.0,0.0,0.0,0.0,0.0,0.0,0.0,0.0,0.0,0.0,0.0,0
25.801669187140376,0.5733333439392178,2.452111975286627,53.385036977548694,0.980342578601289,3.3482313686586096,16,0.07276694903701753,0.30059643332183583,-0.17546344849945683,0.7701230542851221,0.16002581875516952,-3.0137637380233286,-0.9820296877097014,2.9809704606707257,1.6973062550554054,-2.542741451923199,0.7548057202312215,-0.19060725349737595,-0.9531865511097735,0.7356302642066836,-0.7820447991885651,-0.7273069671766876,0.3867462382203293,0.7848843797916345,0.09194976893747508,-1.3752970627070624,-0.27935396609418817,0.8650596685390965,0.9388837078042656,1.2194678691400895,-0.024961297009912897,-1.0741148206342714,-0.9828559190964974,0.15892566253683071,0.940266419132584,0.26693025438194695,0.0,0.0,0.0,0.0,0.0,0.0,0.0,0.0,0.0,0.0,0.0,0.0,0.0,0.0,0.0,0.0,0.0,0.0,0.0,0.0,0.0,0.0,0.0,0.0,0.0,0.0,0.0,0.0,0
26.013354798683444,0.5463707035642171,1.7157260672624801,52.77244997796251,0.5552717161907381,1.7895209937768826,8,1.312632562244552,-0.7385444034417716,-0.8964372373205975,0.5985892437596974,0.19675317138839077,0.5469198116326481,-0.31470763249471645,-0.16568729256051284,-0.7013343688355569,-0.9794224382393253,0.16510505359998007,-0.6444112629770444,1.1816767662699483,0.9346053885724857,0.0,0.0,0.0,0.0,0.0,0.0,0.0,0.0,0.0,0.0,0.0,0.0,0.0,0.0,0.0,0.0,0.0,0.0,0.0,0.0,0.0,0.0,0.0,0.0,0.0,0.0,0.0,0.0,0.0,0.0,0.0,0.0,0.0,0.0,0.0,0.0,0.0,0.0,0.0,0.0,0.0,0.0,0.0,0.0,0
26.161925570949997,0.44294858707793944,1.7028856211587495,52.89556800187,0.6490563681044873,2.287563337200659,11,0.24194076989234503,1.3781894571826996,-0.004290635859408809,0.10306117433939477,1.4652354871258133,-0.40693783369744096,-0.5755084707100941,0.1543009288329955,-0.28419810611725893,0.6854767627276814,-0.12034834681001527,0.37347284781532863,-0.07312013756320113,-0.37468289202521277,0.0026141548037976747,0.3545662213828109,-0.07085724606479715,0.014131033734187781,-0.06158348532177982,-0.8478508994740324,0.0,0.0,0.0,0.0,0.0,0.0,0.0,0.0,0.0,0.0,0.0,0.0,0.0,0.0,0.0,0.0,0.0,0.0,0.0,0.0,0.0,0.0,0.0,0.0,0.0,0.0,0.0,0.0,0.0,0.0,0.0,0.0,0.0,0.0,0.0,0.0,0.0,0.0,0
25.95760898964386,0.5126898888362877,1.294503985226303,53.11256303444095,0.29606321665084523,0.8248215783944985,5,0.5256038170761386,-0.12243658722919548,-0.10001868299092109,0.13552795535149187,-1.1944853022353819,0.6892936230430067,0.22926688373268433,-0.4054458361998172,0.0,0.0,0.0,0.0,0.0,0.0,0.0,0.0,0.0,0.0,0.0,0.0,0.0,0.0,0.0,0.0,0.0,0.0,0.0,0.0,0.0,0.0,0.0,0.0,0.0,0.0,0.0,0.0,0.0,0.0,0.0,0.0,0.0,0.0,0.0,0.0,0.0,0.0,0.0,0.0,0.0,0.0,0.0,0.0,0.0,0.0,0.0,0.0,0.0,0.0,0
26.010401769844645,0.6184948390733981,2.3186738726322815,53.24425369877034,0.8319586533050689,2.8391210382367618,17,0.5196390122495131,-0.9985949370775415,-1.534077248498857,-0.895526995245497,2.3186738726322815,2.19345560733359,-0.461659767035254,0.5978945236225499,-0.8900418747483165,-1.7125245195853722,-0.8437317611950697,1.7602954268659943,1.1300586974746523,-1.6542451407935488,-0.8659769576896217,-0.3774165062221613,0.9443895423156192,-0.2000020400152991,-0.016643909196602635,1.8140326897425751,-0.676484444083151,-1.9337810315044166,1.0311850963081994,1.2123305530902115,-0.15769616040410028,-1.0355465160273596,0.08512431724119196,0.07908565798787492,-0.4834828168098326,1.1924451652351493,-0.7121908852912995,-1.1282292322071399,0.0,0.0,0.0,0.0,0.0,0.0,0.0,0.0,0.0,0.0,0.0,0.0,0.0,0.0,0.0,0.0,0.0,0.0,0.0,0.0,0.0,0.0,0.0,0.0,0.0,0.0,0
25.877849468806076,0.7143336236397946,2.4649650509756746,52.98826800043094,0.6826594799891617,2.1960036559123495,18,0.5055284497917789,-0.2989819149659212,-0.2556308389899691,0.21661147666854674,0.07844026973132756,0.23768828381662388,1.6303158245017073,-0.9396615731486406,-0.818573440818664,-0.33184024715986027,-1.6424340183302242,-0.9245018356038486,1.1315115558869202,0.8560574421676819,0.11241425193331622,0.12257360230792358,-0.6937202632913824,-0.6438369367946919,1.0056601197362909,0.7291682977337572,-1.2878878153379318,-0.8193238127379345,1.569168141455144,1.7405690427413205,0.17229151197625825,-0.5500062937344055,0.45552754861705935,-0.7083425264139791,-1.96345716659496,0.5187554373315137,0.10171594786638849,-1.0351442961473865,1.0317846963764339,0.08111759939111352,0.0,0.0,0.0,0.0,0.0,0.0,0.0,0.0,0.0,0.0,0.0,0.0,0.0,0.0,0.0,0.0,0.0,0.0,0.0,0.0,0.0,0.0,0.0,0.0,0
25.99448582214724,0.4878551644128339,1.5427494826139423,53.03348556502263,0.857130055773456,3.6015141050270714,12,-1.4959418765324841,-0.4156963785130543,1.0129034453397487,0.3248785568462438,-0.004903330515425353,0.8295303339302293,0.24191272193879598,-1.4018924525696264,-0.544993674745367,2.2862264370968006,0.4147349347914151,-1.268042799243787,-0.5703302323226929,-0.7617349772526438,-0.27612601201151676,-0.01814109732027447,-0.07290587044845509,-0.6308222900410172,-0.24709958810796095,0.7859303935117978,0.5000216979302863,-1.7087033346811467,0.0,0.0,0.0,0.0,0.0,0.0,0.0,0.0,0.0,0.0,0.0,0.0,0.0,0.0,0.0,0.0,0.0,0.0,0.0,0.0,0.0,0.0,0.0,0.0,0.0,0.0,0.0,0.0,0.0,0.0,0.0,0.0,0.0,0.0,0.0,0.0,0
25.830488357658623,0.5665352562472187,2.2563802753030267,52.945557412717676,1.10840799262443,4.539818645994593,26,0.8746183648356372,1.0904255081811485,0.48202799294508125,0.15674093924054233,0.4966924406037343,-0.389070938613024,-0.7186457541874738,-0.017381209621838423,1.1216872311060477,-3.3941771327945247,-1.8631547436554996,3.095908468128002,-0.11081569117936496,0.33468586391838073,1.5173264856813198,-1.707729945301402,-1.6836696508752311,1.0244440910012287,1.4055782941637105,-0.8412005807456211,-0.37803238739723,1.6561910473144934,-0.30323408197309476,-1.586806927901904,0.23716669698556458,0.13050876651188048,-0.4312023425802849,0.26304955270450847,0.4853689191065804,2.170768310365027,0.16787669488556745,-0.9957903614592567,-0.21682065540049678,0.48634527107014947,-0.08435715286756462,-2.740578971515305,0.4195366386109072,0.4350600874461463,0.7027174003771428,2.086299511912209,-0.9628875988886136,-2.4789926335554995,0.5430969534933077,0.8707815819016105,-0.8930837515047827,2.181620409182017,-0.18395215140976262,-2.415044856746036,0.8936983440694455,-0.6860261779284329,0.0,0.0,0.0,0.0,0.0,0.0,0.0,0.0,0
25.833174948999122,0.5900161209599919,2.516375715138004,52.87771519890125,0.6570562395514361,2.759786504321248,29,0.846946845948441,0.3040983033750564,-1.1099116204060522,0.5832889600352686,0.8587752277520799,-0.6835325761083055,0.35374573990983293,1.082512089436186,-0.48066127255450297,-0.4569995171741894,-0.26473453876243624,0.19425537163240136,0.9482780490259479,0.9037638727441433,-0.4747906295714266,-1.8563858294972633,-0.1930539285918762,1.2791490499941958,0.26573328409247665,-0.3461422454147538,1.2973866103956553,-0.2556104419948966,-0.7415831460820215,0.9749940814685232,0.004535409203146656,-0.004993733047164994,-0.363513674597737,-1.460403960436345,-0.1345305232076086,0.611464169704405,-1.2812837804537835,0.3706978131535905,0.8585509709336421,-0.4433747444853253,0.09920296663032957,0.6864224642483094,-0.6971588254225303,-0.24306345150201736,0.3587381369160525,1.24109537795659,-0.41171034035360066,-2.6902723010286422,0.9712563176126316,1.1262745169459123,0.42854490327309236,-0.6288532174118373,0.14400427388775583,1.210087973560988,-0.3459950282725437,-1.7770234763876687,-0.6890904016389037,1.5707876802163483,-0.4843344086606969,-0.7810889132585856,0.08759822955923013,-0.08329074781813972,0.0,0.0,0
25.92539064846661,0.5142329472094365,1.739020639498424,52.83741439640847,0.9134223622739551,3.1378480405348768,30,-1.1459219215681635,1.065076930313424,1.3223328192957453,1.3957718126509633,-1.1656338548198413,-1.3008197819396088,0.07882905240242621,-0.5987758158916989,0.08224567177711606,1.2278602778419199,0.23763232464458994,0.02058593544420262,0.829012954246501,-1.015534631790949,0.2809402962610754,0.40880283661322636,-1.0582750412808402,0.5252979422643449,0.28301522381698163,0.4763279808369276,0.2682402051892865,-1.1158871601446734,-0.4096148364032075,-0.11528311457729501,0.39003499551344945,2.1644248289140933,-0.22741854939851436,-1.7492647361413773,-0.12469020362624761,0.41876842796706626,-0.5831779080727841,0.3191445217452582,0.7844294464133839,-1.9482007932348395,0.40466625336169315,1.4146872587595354,-0.86832677619417,-1.3017514583801315,-0.5949963932245232,1.2119510687250141,0.8243599959470131,1.2031210804831076,0.9146606435514109,-1.8972737828467459,-0.14891035465988267,-0.534360690420705,-0.89620607063517,2.843283973291534,0.5179886053862219,-2.4277943618150104,0.0790154540803556,-0.28121745745985294,0.43839610416954855,2.4940884532937346,-1.5204602088450834,-2.2444011929498657,0.2408770327854306,2.2651073052206243,0
26.105221097014816,0.4507714854411794,1.7441808199800022,53.031166289604926,1.0640389316811172,5.211824132098236,22,-0.1538057380715543,-0.7224339343806108,-0.509957908689195,1.25523617414688,-0.43849820317674926,-0.7653437945223871,-0.10444057394415651,-1.061542449347563,0.7125208921277277,0.39682098382770903,-0.22082889512079618,-1.7793350626618292,-0.22248845241788118,2.5349159037076276,0.34300948045000723,1.0016595449393577,0.17493876680503107,-1.8809730329030359,-0.5225552854687301,1.3061504688947565,-0.31664294133055293,-0.12397669942126299,-0.26689487706946835,-0.9459559277195382,0.7858736705842375,1.8307293455245457,0.9583071493957647,-1.4473556772344693,-1.6389546215421191,1.8263430560491756,1.1050661754926523,-2.916757879069422,-0.8875126201904244,1.0932347339271828,0.10076231171685279,0.09510682205966958,0.6944775080154564,0.08771120215678252,-0.585090818390011,0.6055552044871675,0.25175897657633683,2.1454370666996994,0.0,0.0,0.0,0.0,0.0,0.0,0.0,0.0,0.0,0.0,0.0,0.0,0.0,0.0,0.0,0.0,0
27.35891819515193,2.513787383937426,8.608258588076112,52.088287227183486,2.0433678658230034,7.290083433104904,18,-0.19000260308355266,0.8715485719179981,0.34904878579224174,0.13034157624893083,-0.09277562740305001,0.021385685273834554,-0.11858285462442097,-1.2478684970735117,-0.2682419344871505,0.9968504531546074,0.847047141144806,1.1758941235882645,-0.34097827067295583,-0.6624648182697825,-0.7111980360622958,-0.5241260019148584,0.8424963697912453,-1.6194444623696995,0.11330488063109101,1.3452942910089973,-0.4785291981224269,1.5165776470059242,0.033238716608785523,-0.26220699570760786,1.3431813174002336,-2.377090394333834,1.1264339576191986,-0.9178884450969917,2.692067626123677,-1.6338281011687812,1.6330404469418696,-1.0131258235496219,1.3030244710824377,-1.0859436732480674,0.0,0.0,0.0,0.0,0.0,0.0,0.0,0.0,0.0,0.0,0.0,0.0,0.0,0.0,0.0,0.0,0.0,0.0,0.0,0.0,0.0,0.0,0.0,0.0,1
26.008732593762762,0.558695921841751,2.133780231561751,52.852952763363,0.8586413659524881,3.5937377465851412,30,-0.011266758893317075,0.09975579917816901,0.7792624339417706,-1.8928540942702412,-1.0989621598647403,2.514136107237263,0.7814594769160301,-1.5969260034964776,-0.44151355567798944,0.2049809403590359,-0.9170600017926098,0.24336901792836585,0.387830349626217,-1.2246490143371744,0.10891084815833807,1.1809016516497053,0.8500692990810315,-0.055702083098701394,0.06709489616322983,0.21948051424324433,-0.43672197800711743,-1.0586768386461642,-0.43831356522981935,2.1031107206413466,-0.19410391818447081,-0.4237218442925865,1.0242810673559184,-1.0096774188436868,-1.2110667137888278,0.22599502645751102,0.5903310623342186,1.1357557928481938,1.234180747283812,-0.8764986879146548,-1.4421291991788294,-0.7864486384668083,-0.37595552082072814,0.9255551672950872,-0.246879897809535,-0.8034009293653526,2.084731224064438,0.3039758861352766,-1.0276886616875736,0.5257992600799,-0.6088513540284985,0.884668451142602,0.3399694947265175,0.7744906234595419,-0.23690959930561561,-0.5285672982782259,-0.6003001112665807,-1.1475774881477605,1.3258367368732955,1.8633648319956606,-0.37715230552948853,-1.3592643654591114,0.3355854781615655,-1.2303663069456192,0
25.988548017326345,0.44967833532058094,2.03541698982475,53.04756823037885,0.7568663961804609,3.533542947370755,30,-0.014206485119043322,-0.5313183899999601,0.6239682257354353,1.3194527514024514,-0.19911809146396564,-0.4104689807459323,-0.790323508214005,1.3530550328054218,0.4438740508758734,-1.536043253359388,0.6567245112709266,-0.3931788072125073,-0.2629425992386807,1.386541606334717,0.10849113051935433,0.023588539584721957,-0.09286145297775406,-0.6053044200853108,0.6217545122757997,0.4061645440517694,-0.6951938353922458,-0.5712353347337142,-0.3110329308475315,0.21724177740118478,-0.26486612163143164,0.7449006252437442,0.5826822496716346,-0.4317380388339416,-1.3451567364923989,-0.6356742178832988,1.1282075064711883,1.2173095874070228,-0.010775429044315388,-2.973774334974131,-0.5793154968479719,3.533542947370755,0.2181025074806442,-3.006425925050138,0.8689616844021195,0.8630930160947514,-0.28947289053663994,0.468940231661783,-0.06446170768381876,-0.08445050842647106,0.10227960011234671,0.9223133686037741,-0.10685997299154693,-1.6513981269094344,0.575117487454694,1.0548827488746397,-0.5597166905773321,-0.6711831325622555,-0.7908211477611999,0.6986824620457384,1.544171539346582,-0.28793059130823906,-0.6298948487727856,0.12616632998468447,0
25.931474199715396,0.33877456159354596,1.3615772155897368,52.896039012041285,0.8889940531997508,3.497310300775858,21,0.3282214958643088,-1.3087642480179298,-0.7709974199769469,-0.8600094036241188,-0.13524410518753172,1.1996979959123664,0.741113855122375,-0.8314030715514065,-0.3229820293647627,1.2132120135650837,0.4315010135218209,1.2354168332268074,-0.8681476736785498,-2.3969421340801844,-0.4368208560261415,0.8951555398254669,0.6232174217985467,-1.6703023375428927,-0.11667426371933942,1.7675286545167808,0.34378210459235703,-1.0716952233928296,-0.2790284070950442,0.20870334509216804,0.6889310828034176,-0.3811614971242747,-0.5145836068794836,1.4667501727156491,0.21931238059821112,0.22012250513482456,0.0035800298335217917,-0.787135314251806,0.018660266985619955,-0.7102495359953807,-0.10954210143357912,1.963159793151661,0.2673649004326428,-1.871946531086813,-0.6531279121180624,-1.1292977377382272,0.0,0.0,0.0,0.0,0.0,0.0,0.0,0.0,0.0,0.0,0.0,0.0,0.0,0.0,0.0,0.0,0.0,0.0,0
26.14038258193014,0.47531466193397925,1.3051796055864386,52.94288907225528,0.664673947149286,1.7567472295798296,5,-0.6848732450862975,0.39221284658827216,0.49242546860880765,1.2905779133531254,0.39889355300397966,-1.7567472295798296,-1.3051796055864386,0.05110321759315184,0.0,0.0,0.0,0.0,0.0,0.0,0.0,0.0,0.0,0.0,0.0,0.0,0.0,0.0,0.0,0.0,0.0,0.0,0.0,0.0,0.0,0.0,0.0,0.0,0.0,0.0,0.0,0.0,0.0,0.0,0.0,0.0,0.0,0.0,0.0,0.0,0.0,0.0,0.0,0.0,0.0,0.0,0.0,0.0,0.0,0.0,0.0,0.0,0.0,0.0,0
27.128046984444623,2.3540774574799963,8.771595093637384,51.89656423673554,2.429087704542893,9.652193793475568,24,0.1888772757031667,-1.4191326459461493,-0.26009203055116714,0.7152044822680139,0.38250049257189644,-0.2657402009239931,-1.0504883503013644,2.028338599862977,0.9130271487836588,0.2510397182884887,-0.5242457729485039,-0.8838329385544057,1.0524728965453214,-0.45730610697840746,-1.0605402645770141,0.20672598516463125,0.974217334950005,0.8828128444259988,-0.5033766626073906,-2.492226502663037,-0.9086150909802804,0.7266611222676431,0.47624773698708367,1.6633154346160879,0.8620341866552224,0.1665828602447803,-0.028396099639863337,-0.49803974246766103,-1.0451797987900022,-1.307754292692124,1.4311032491864992,1.6276164375401905,-0.793709966326233,0.29750696816432765,1.8480092802827421,-2.0237561019166748,0.6646605906728524,-1.5222292979729986,1.6194989287769808,-1.1198526979640704,1.4476971358867914,-1.4728837328264177,0.7528939002404975,-1.1401146682524654,1.5367359497048128,-2.305419363610966,0.0,0.0,0.0,0.0,0.0,0.0,0.0,0.0,0.0,0.0,0.0,0.0,1
26.195611180386923,0.5575945098283798,2.3460991434264287,53.01990677617257,0.9229515450149086,3.16541738471345,22,1.029896866760712,2.7579432780030118,-1.609186907969363,-1.8854482036830404,0.26606713245436353,0.7258849080659218,0.2917986816322333,-0.49590241041425287,0.2421149821091504,2.06293981274181,-1.2636220090182668,-1.8833877443452565,1.645733843910385,0.8171245580760953,-0.006797872809375605,0.04145500131761537,-0.8585427947360742,-1.386618742717431,1.5657059670614935,0.8505891183856917,-0.7394564552032357,1.0408772921963916,-0.02662772496879029,-1.6620488591600235,0.006551628396401554,1.361760336259401,-0.014418565536487904,-0.9280364646257553,-0.5903127734951568,1.1957871954700252,-0.04952525342528702,0.4670743350820672,-0.4113050362936548,-3.004269473242914,0.18309914874523514,0.5357638476443753,0.13323704397208402,0.7197003811033795,0.1881788662376458,1.52314722765923,0.7664179986568662,-0.7463666929410664,0.0,0.0,0.0,0.0,0.0,0.0,0.0,0.0,0.0,0.0,0.0,0.0,0.0,0.0,0.0,0.0,0
26.03666677832876,0.5475805788922219,2.547466177089486,52.921215132305164,0.8360341610568859,3.05596662218192,28,0.7421898957245929,-0.6486027019629503,-1.0583187566757992,-0.4405916447123559,0.7069674678631479,1.0403698682194005,-0.36479792367541464,-0.25122212428135526,-0.18897589140356175,-1.0650759402741983,1.674054312098999,-0.5146866171145987,-1.0834622204652185,0.8314126182381045,0.09710740495384229,1.443157372824004,0.2622556180037563,-0.29514132529213555,-1.2795633629936027,-1.8070517027228945,1.5868209272202876,-0.04434395698346805,-2.130624543808551,1.953953012463522,0.870095384228275,-1.9282558035498525,0.1548673684298123,1.31594498271987,0.5203775190747031,-0.9002932311826655,-0.18150254941451038,1.7864929118864055,-0.19276650341993928,-1.9099757789276524,0.07740869803533457,1.5310290634749677,-0.48301283944742224,-0.7668023009163676,-0.2596046854808023,0.053868960139134,1.111872008410117,-1.7780027484685519,-0.016402754899939254,-0.18608381748344982,0.4453941313104366,1.5858779303507262,-1.187255735986131,0.3739776029471358,0.7414161535580632,-1.0976831129234697,-0.4882609693328277,0.029203533809109672,0.7370908567791083,1.3201328322419812,0.0,0.0,0.0,0.0,0
26.070821879660645,0.5397525569198991,2.419157196308163,52.85745306168039,0.6071280035082572,2.5488336598023196,27,0.4239564962153324,0.036585723110128754,0.7254335436941552,0.9745888224060621,-1.0941890522264082,0.14171917712884863,0.935266620709374,-0.9889813122891411,-0.8176524414571027,-1.0289912846572165,-0.4938341095204528,1.1927759389616241,1.1666014156433882,-0.5139874538230202,0.5410841644928546,0.6030347648535894,-1.242251583921405,-0.2650932849289873,-0.3570679143160653,1.0698556084727997,1.012392829990091,-0.7532396575497486,-0.6890444732760095,-0.6519997525483205,0.7299103869714614,-0.6762724825298747,0.30741650786645636,1.0700144667883649,-0.4104310493004526,0.002861447961734598,0.23957540637126584,-0.17441871580595603,0.00342192264461616,0.8302276000857844,0.08666727927196405,-1.7264817939529138,-0.47236797231057537,0.49618754199839543,0.3669328299180883,0.6523693304205693,-0.30733734061867324,-0.4899406547528855,0.11345921288945959,0.16223918462284814,1.3301955739916984,0.23716629624979646,-1.4050553981664784,0.5969730410222382,-0.8696802281945182,-0.6292308695706836,0.6501703776428656,-1.4952886422416682,0.0,0.0,0.0,0.0,0.0,0.0,0
25.912517412200444,0.5834670485452484,2.264181164648271,53.10108209909069,0.8727150259036197,3.1216267697866726,26,-0.6261104397161183,-0.2284019449491197,0.9849295969810861,-0.39673777789926135,-1.3864023141067143,-1.348338584512426,1.3227560489382988,2.5488919881714693,-0.07041226888635777,-1.759409791343188,-0.35148298531499833,1.2834181358116084,-1.1087938033441063,0.17941183860904886,0.1881342611305179,-0.34934107140032467,0.9816191990220986,0.10865273476698434,-0.23636363905518465,0.7009169692531287,0.4800611426442245,-1.7108281309850142,-0.3977732883171221,0.7655344015011778,-0.04348217026054613,-0.31168639577867197,-1.1355684706032,-1.2915677145138105,1.624374942615674,1.7007187021512848,-0.7357892482657604,0.7719338133261431,0.12547013051984024,0.10006684972200475,-0.33578655969496296,0.3849144404948319,-0.2353160104205969,-2.904957067107979,1.5062744460577306,2.7218774579763902,-0.3383250666051154,-1.1550303468166945,0.008253940199622889,1.1325781944076638,-0.5142530967267511,-1.5962759332523078,-0.7607059139332115,-0.10881445567956405,1.9199836009018014,-0.5475776779456112,0.0,0.0,0.0,0.0,0.0,0.0,0.0,0.0,0
32.64333932305276,6.220410935327461,18.733913183474204,47.95404978081523,4.242675980108749,10.75009187480768,23,-0.1307507479372063,0.5368550228731834,-0.8157428163810359,-1.2364387297925177,-0.5235636023913379,-0.11405567115613024,1.2896910006681956,1.5827062822698963,0.05696256631066987,0.10140088859925811,-0.7580609393352482,-1.1427254953049655,1.6979652425527476,-0.48079385232313854,1.2710260388632229,-1.0438457871493867,0.7618895511174912,-1.2436025353482236,0.9393761685764304,-0.8416558441280486,1.967526236256024,-1.0360996356304,0.4431515793838514,-0.8756810228697987,2.050854109454292,-1.2609509332850166,0.5893077249952228,-0.9050929122236155,0.4849808473605748,-1.3621052889847434,1.4598371335688753,-0.5575385675603428,1.5023305990998779,0.0,0.7449856702016575,0.0,1.3001995393926364,0.0,0.8137332369815411,0.0,1.7027862206599664,0.0,0.41537065736617507,0.0,0.0,0.0,0.0,0.0,0.0,0.0,0.0,0.0,0.0,0.0,0.0,0.0,0.0,0.0,1
26.346479256229237,0.7181727087057954,2.1536080344515725,52.898819514830976,0.5647501486786789,1.5869789090333626,5,0.8147897446157408,-1.5869789090333626,1.3388182898358316,0.13427767409207547,-1.022023597940425,0.5492078886327292,-0.6052502265219069,0.13195678004888123,0.0,0.0,0.0,0.0,0.0,0.0,0.0,0.0,0.0,0.0,0.0,0.0,0.0,0.0,0.0,0.0,0.0,0.0,0.0,0.0,0.0,0.0,0.0,0.0,0.0,0.0,0.0,0.0,0.0,0.0,0.0,0.0,0.0,0.0,0.0,0.0,0.0,0.0,0.0,0.0,0.0,0.0,0.0,0.0,0.0,0.0,0.0,0.0,0.0,0.0,0
25.980459952253945,0.45320115441833314,1.5070267049968429,52.91091593178004,0.6636386100981547,2.261143334606608,23,-0.17718622233524428,-1.570103424606728,0.4894627818553374,1.5674478670491112,0.20437865955894452,-0.7642879428825182,0.3795379282469291,1.0048698657914343,-1.3891287974856965,-0.49679620745563824,0.9341697680554297,-1.0117338548355335,0.3690124651036122,0.8754501750913519,0.09363855160750845,0.43176328391832186,-0.7613526263938795,-1.0599041036244614,0.006221542130159463,0.508132848959292,0.16802582876398375,-1.1723292552559457,0.13903862212270113,1.5085132092637323,0.5582725536073276,-0.4842365186053854,-1.2563467195409643,0.7762800850044655,0.21192095192523297,-0.31457566940171944,-0.27257879351944325,-0.742431999852478,0.8795826978418901,-0.3513565555298612,0.3368070536115191,-0.18402502318011216,-1.2611674733158296,0.4551825343015423,0.7548350306332416,1.1156149617876068,0.4701499665409763,-2.1146912451917856,-0.12222821851256427,0.5764340608520371,0.0,0.0,0.0,0.0,0.0,0.0,0.0,0.0,0.0,0.0,0.0,0.0,0.0,0.0,0
26.067948611582715,0.4566071255471788,1.6226321912498491,52.94092776530959,0.5029031931872979,1.8092135336810244,18,0.5655812557144344,0.3071116699052183,-0.24658318113635858,0.11834675601228639,0.27155189019400794,0.18165437615283508,-0.07720577414194807,-0.2577486340224766,-0.5045047913452372,-1.1587082263433004,0.8067680456265656,0.2178204167104667,-0.33782135768606736,0.3136475890219259,-0.4698816780113937,0.21133362203235606,1.614727782035846,1.0664119059162758,-0.882248194744335,-1.7709706218600232,-0.3148453600582144,0.6444191509457724,0.7842325400505636,1.0483396371077944,0.2133055413423932,-1.0023095781685285,-0.993582515850246,0.6082344994715498,0.24637345437432145,-0.4799661542165836,-0.667700152218849,0.3170602402021032,0.4204050336174632,-0.3882046409074107,0.0,0.0,0.0,0.0,0.0,0.0,0.0,0.0,0.0,0.0,0.0,0.0,0.0,0.0,0.0,0.0,0.0,0.0,0.0,0.0,0.0,0.0,0.0,0.0,0
26.015115490026346,0.15637576484539437,0.432827088101444,52.663740456152354,0.2558258698349716,0.7718763371034285,5,0.27229314661569504,0.37758083741881876,-0.06890795376098069,-0.7718763371034285,-0.3639191343404633,0.19120981267579396,0.15405826529364575,0.1544996239804206,0.0,0.0,0.0,0.0,0.0,0.0,0.0,0.0,0.0,0.0,0.0,0.0,0.0,0.0,0.0,0.0,0.0,0.0,0.0,0.0,0.0,0.0,0.0,0.0,0.0,0.0,0.0,0.0,0.0,0.0,0.0,0.0,0.0,0.0,0.0,0.0,0.0,0.0,0.0,0.0,0.0,0.0,0.0,0.0,0.0,0.0,0.0,0.0,0.0,0.0,0
26.028635292393222,0.4798904977306412,1.5867204745777777,53.02437688777143,0.6147822322556723,1.9326275462632765,12,-0.6869351344268146,1.676155773316033,0.7229338506251537,-1.2634729761954517,-0.4689961440123369,0.46552981655909065,0.8820664015844741,-0.0840429342201432,-0.9841264683830069,0.08404908746362594,-0.6025940061947708,0.3982348296511802,0.6760690952889519,-1.1978122499542323,-0.07320163278830805,1.853986199643174,-0.5050361579355105,-0.6318058819115748,0.9645692026133155,0.26563201569837247,0.41940353651936846,-1.292518983411874,0.0,0.0,0.0,0.0,0.0,0.0,0.0,0.0,0.0,0.0,0.0,0.0,0.0,0.0,0.0,0.0,0.0,0.0,0.0,0.0,0.0,0.0,0.0,0.0,0.0,0.0,0.0,0.0,0.0,0.0,0.0,0.0,0.0,0.0,0.0,0.0,0
26.259686647247328,0.23293751239888058,0.5795041549997713,53.202158372748904,0.39547352907883726,1.1622251656242426,7,-0.5701877073600805,-0.35870684342066284,0.03274891575582117,1.0310754182531383,0.25104400239055735,-0.7743244293991296,-0.025557235684523505,0.2160237529391651,0.32126847253791624,0.3332578252516498,-0.014150223961660657,0.356192598579419,0.0,0.0,0.0,0.0,0.0,0.0,0.0,0.0,0.0,0.0,0.0,0.0,0.0,0.0,0.0,0.0,0.0,0.0,0.0,0.0,0.0,0.0,0.0,0.0,0.0,0.0,0.0,0.0,0.0,0.0,0.0,0.0,0.0,0.0,0.0,0.0,0.0,0.0,0.0,0.0,0.0,0.0,0.0,0.0,0.0,0.0,0
26.06279184312328,0.3586232364399575,1.393921998273619,53.04990224790407,0.6821602225511127,2.5380793920428815,17,0.4301846542855827,-0.2898271563650425,-0.2386233710692025,1.0511343497567722,0.7097180828023717,-0.4583347762543539,-1.3218356516090601,-0.6252028566494445,0.9583314740514126,0.17933591539073745,-0.41688007446435194,0.06318116318746547,0.3236851904949276,0.08610724214785392,-0.5655919936920633,-1.7831660798651399,0.754097618578065,1.2193053599162056,-0.3882278077726724,-0.9463302179392628,-0.48733487163149647,2.210176012522332,0.33371047800228126,-1.0713043739699302,-0.11376591501195676,-0.10599314374135815,0.3643671047874477,0.8721106253702828,-0.8344775500061523,-0.3795780276666889,0.575212523629407,-1.240767449463263,0.0,0.0,0.0,0.0,0.0,0.0,0.0,0.0,0.0,0.0,0.0,0.0,0.0,0.0,0.0,0.0,0.0,0.0,0.0,0.0,0.0,0.0,0.0,0.0,0.0,0.0,0
25.873077932953574,0.650500524663376,2.0653349011963336,53.034716704867236,0.6475429964528991,2.1424024456894557,11,-1.405502180746847,-0.7761171138595842,-0.18707366117437374,1.6036557692253908,0.31508026534264033,0.08441379779944214,1.5853430069673138,-0.4572016856215839,-1.8924804104216264,0.6107610647946942,0.7159785526318814,-1.2157441641110722,-0.650702922012389,0.5371079700393437,0.08572704408810239,-0.5340194830980138,-0.3238571654823019,-0.9297467685197134,0.9572953864639864,1.3812636150152358,0.0,0.0,0.0,0.0,0.0,0.0,0.0,0.0,0.0,0.0,0.0,0.0,0.0,0.0,0.0,0.0,0.0,0.0,0.0,0.0,0.0,0.0,0.0,0.0,0.0,0.0,0.0,0.0,0.0,0.0,0.0,0.0,0.0,0.0,0.0,0.0,0.0,0.0,0
25.88173698152207,0.5242918129622707,1.7720776160931209,53.06490173077623,0.8205972950228017,4.304696026342363,28,1.030591753904993,0.1582694722637612,-0.383217580481773,0.9420346613460637,0.39873336219181965,-0.6168918836013688,-0.038460500352211824,0.8980759489548475,-1.5879292237768645,-1.6938738298514124,0.4467976765308954,-0.5740529947957143,0.7352150708166967,2.2978553589938358,-0.9857828912591842,-0.8174299223358688,0.3213924691682415,-0.9413816042076206,1.240636223507245,0.9448757166953428,-0.984266640510647,0.3179493509513165,0.6259322276159587,-0.5728550033534745,-0.36923342438668527,-0.6785817928273019,-0.32588399207114094,0.23021889853669109,-0.4921365092029575,0.5855074421643849,0.9487556896324563,-0.07338683399529344,0.6106517162522422,0.810697681943779,-1.0530665094173095,-1.190536216149951,0.3600629169973075,-0.5502803087787953,-0.7941935787904271,2.832651942356442,0.42380680605097254,-1.9220529040658363,0.5065284253558033,0.52781964672144,0.20141708046912754,-0.24993150869092773,-0.09388353522081161,-0.2682191467719903,-1.2937500303527152,-0.33145453544324255,0.7873082358062469,-2.060857578091806,-0.2551731355799376,1.3924755700480773,0.0,0.0,0.0,0.0,0
25.93137952781586,0.4804210655134168,1.9474158951870457,53.1181097056934,0.8281194437300365,3.460776310042583,22,0.4395584840169242,0.20868142388746236,-0.14100055447436333,0.1637001708806025,-0.1504742042292726,0.41357930162542544,0.5470421662078415,-0.5284110200432011,-0.9024583801410131,-1.518560378938517,-0.6525543907680174,1.2049382218132436,0.8299665170943378,0.35059303889014615,-0.13048459806332247,1.0421667122305607,-0.9950291302425853,-1.672077769278431,0.49535965526573733,-0.6794921717393976,-0.06376238790428346,1.3597104537450875,0.21904655540205198,0.6414877719583885,0.23167933070707747,-1.007727890328887,0.019150151447153263,2.221177942751872,-0.2329653836995007,-0.18844113683824304,-0.23756690631514132,-1.7759766244308466,0.815695124996374,0.2073486971057079,-0.13043992376819702,0.9456146539003427,0.015049818717180585,-1.1668529610710223,0.8161698603385936,-0.5714030320987078,-0.8080685828972207,1.354416338791026,0.0,0.0,0.0,0.0,0.0,0.0,0.0,0.0,0.0,0.0,0.0,0.0,0.0,0.0,0.0,0.0,0
25.958710924331786,0.3400024021740127,1.2044198850418972,52.76502523850753,1.0307428723902339,3.2781997913512058,14,-0.891225507239465,1.6807395321704561,1.1281119296557804,-0.3847210509617085,-0.7412641751821205,1.3595970225396314,0.8175721305682373,-2.039886518189469,-0.8955327791762748,-0.6949841289964453,-0.24658651855413893,1.9410910579436518,0.28424424652122937,-0.21723318049363627,0.1814944333821984,-1.0839680310753153,-0.14666589184707846,-0.4170527475783601,0.08623924259918425,2.453716548550709,0.2749832856246499,-0.09862907206201044,-0.2525722597362936,-3.12125371945033,0.05253348792219725,1.6233869835597048,0.0,0.0,0.0,0.0,0.0,0.0,0.0,0.0,0.0,0.0,0.0,0.0,0.0,0.0,0.0,0.0,0.0,0.0,0.0,0.0,0.0,0.0,0.0,0.0,0.0,0.0,0.0,0.0,0.0,0.0,0.0,0.0,0
25.81487716105046,0.5428758390112962,1.7535644805157844,53.133332580210585,0.6965696073824934,2.1943626148007382,12,-1.070127306280881,-0.544229974531639,-0.007274838124391891,-0.9201419416847401,0.10392645319863902,1.4556277681920449,-0.4190688230693951,0.0034293760745072177,-0.29193938522994145,-0.7499864243508796,1.3786615274813983,-0.9353703367114932,-1.4477421084912123,0.38936921952149106,1.0451041791782139,0.5598683579417525,0.319654020324446,-0.37998525848230713,-1.1689028958294045,0.9020416059058718,0.2634789481530433,-1.9749850066753467,0.0,0.0,0.0,0.0,0.0,0.0,0.0,0.0,0.0,0.0,0.0,0.0,0.0,0.0,0.0,0.0,0.0,0.0,0.0,0.0,0.0,0.0,0.0,0.0,0.0,0.0,0.0,0.0,0.0,0.0,0.0,0.0,0.0,0.0,0.0,0.0,0
25.997211924066264,0.31668361563903297,0.8103793396738368,52.8729031156663,0.48764448955837425,1.290380699623114,6,-0.6985021759471586,-0.6305870231202775,0.8103793396738368,0.11870342317326532,-0.7249402329736903,1.0431310478029516,0.45931543534889485,0.12854622864689702,-0.402979234193257,-0.8951224652334844,0.0,0.0,0.0,0.0,0.0,0.0,0.0,0.0,0.0,0.0,0.0,0.0,0.0,0.0,0.0,0.0,0.0,0.0,0.0,0.0,0.0,0.0,0.0,0.0,0.0,0.0,0.0,0.0,0.0,0.0,0.0,0.0,0.0,0.0,0.0,0.0,0.0,0.0,0.0,0.0,0.0,0.0,0.0,0.0,0.0,0.0,0.0,0.0,0
25.948533321774246,0.4665438693202297,1.9317550697947965,52.68718386367194,0.8066344166730262,3.2950934635608817,24,-0.797752332267951,0.7269241153171251,0.5284079327357141,-0.1521967793978405,0.48403660876324395,0.7469564625423288,-0.46475388474631885,-0.048821219609614275,0.263781999600603,-0.7138275612636704,0.44615102259040285,-0.06314764831790853,-0.16707749346949896,-0.26839786399069254,0.4567252998232334,-1.3253828855664906,-0.38215361705868034,1.084798249741695,0.029401605860631008,1.7319513589738804,-0.5326300177645713,0.4783438548453063,-0.30940840646755774,-0.09347751718300401,0.45909197686543024,-0.35089891606361334,-0.15713136882116885,-1.5369407109583193,0.28020862588919115,-0.13542440087476137,-0.4496353660054524,-0.5038405562188899,0.954263550060265,0.9822607879986194,-0.7866818318743221,0.5362427017517533,0.183552952570178,-0.8759123929789254,0.17178845919969277,1.1510978764438278,0.5716845247877238,0.17661575670280172,0.3177579451765915,-0.9010785714111833,0.03437455207946627,-0.6924218265401407,0.0,0.0,0.0,0.0,0.0,0.0,0.0,0.0,0.0,0.0,0.0,0.0,0
26.0192987751337,0.22611569767789383,0.6503884789323457,53.50855041254734,0.6780943516449883,2.0902486285018753,5,0.1838721595676951,0.8486770553661955,0.13739338200263163,-2.0902486285018753,0.32912293736201903,0.9989042305052678,-0.16971916352677496,-0.231271359966577,0.0,0.0,0.0,0.0,0.0,0.0,0.0,0.0,0.0,0.0,0.0,0.0,0.0,0.0,0.0,0.0,0.0,0.0,0.0,0.0,0.0,0.0,0.0,0.0,0.0,0.0,0.0,0.0,0.0,0.0,0.0,0.0,0.0,0.0,0.0,0.0,0.0,0.0,0.0,0.0,0.0,0.0,0.0,0.0,0.0,0.0,0.0,0.0,0.0,0.0,0
26.088791765223277,0.43794210780860354,1.5121601760899814,53.12870166292377,0.9103697502609065,3.6024564549107794,21,0.29492437602269916,1.3443685264520226,-0.8141690806804682,-0.331307066061278,0.3832385758040644,0.4696586558515179,0.793168046107791,1.3133284555724956,-0.01921891575267054,-1.6254030453800468,-0.37482484294311647,-1.0302305458734367,-0.3562415255539655,1.458437919820284,0.639157792037345,-1.473311290412859,0.2056107759058463,2.0438793417006877,-0.8244271256938234,-2.9758288347654087,-0.5213264083804034,1.1399201666690004,0.9520773060529173,0.9349497787573924,0.2323166759767119,0.4443061765708549,-0.16314237553468303,-1.483603296091779,0.4887978354459328,-0.14501987325051857,0.0021107341491024556,0.8053001275917637,-0.9373489810874887,1.4085013268768023,0.25219584111197335,-2.757897186851352,-0.3477646137950785,0.9794060289274711,-0.26276442729714233,0.4594440935186057,0.0,0.0,0.0,0.0,0.0,0.0,0.0,0.0,0.0,0.0,0.0,0.0,0.0,0.0,0.0,0.0,0.0,0.0,0
26.131994155624895,0.3186438419520287,1.1656770361484803,52.99241665631369,0.6535776360886553,2.3270800096710573,12,-0.8018511383979359,-0.7528829541693867,0.12250897369785818,0.5253171647456796,-0.005775493360761885,0.12412651763052907,-0.4779082728663653,-1.1897077829402036,0.5060896421924319,0.9403404229685393,0.6595873939560484,-1.8636275419888477,-0.47589593101115923,2.1150700768988386,-0.20695244448862127,0.14224747579319796,-0.0964153537823016,0.06976245697902073,0.2463171547860128,-0.9140743823648236,0.20944980004141556,0.5632749497548843,0.0,0.0,0.0,0.0,0.0,0.0,0.0,0.0,0.0,0.0,0.0,0.0,0.0,0.0,0.0,0.0,0.0,0.0,0.0,0.0,0.0,0.0,0.0,0.0,0.0,0.0,0.0,0.0,0.0,0.0,0.0,0.0,0.0,0.0,0.0,0.0,0
25.865419409267638,0.6916353650813711,2.114925961644996,53.00915641720536,0.8671181929081715,2.9500076964011086,8,0.05857105560519216,-0.8416553831558602,-0.7147219778948362,0.542020918029209,1.0701017173770104,-0.1545794260759692,-2.114925961644996,1.7676861892060245,0.24123160155940226,-2.2475525785518826,0.6497211427674792,-0.702455117849226,0.128427032998772,2.2416358312813998,0.0,0.0,0.0,0.0,0.0,0.0,0.0,0.0,0.0,0.0,0.0,0.0,0.0,0.0,0.0,0.0,0.0,0.0,0.0,0.0,0.0,0.0,0.0,0.0,0.0,0.0,0.0,0.0,0.0,0.0,0.0,0.0,0.0,0.0,0.0,0.0,0.0,0.0,0.0,0.0,0.0,0.0,0.0,0.0,0
25.99723410141852,0.5350144212980229,1.9019115208315078,52.597716448897145,0.92375692408019,2.7320613549918136,7,1.0534661450889473,1.1715455165706032,-0.1835807831181313,-0.05228368567651387,0.0997106076104366,-2.6797776693152997,0.24527816208408737,1.4460729864316235,0.16613235710933338,-0.36302892939590947,0.5209050320568345,1.3878987382709482,0.0,0.0,0.0,0.0,0.0,0.0,0.0,0.0,0.0,0.0,0.0,0.0,0.0,0.0,0.0,0.0,0.0,0.0,0.0,0.0,0.0,0.0,0.0,0.0,0.0,0.0,0.0,0.0,0.0,0.0,0.0,0.0,0.0,0.0,0.0,0.0,0.0,0.0,0.0,0.0,0.0,0.0,0.0,0.0,0.0,0.0,0
26.239284713485546,0.5072614636557716,1.828632810823425,52.933230144144964,0.5314702799111262,2.023921395802404,20,-0.3408619750157875,0.19349037428118976,0.7025127043463826,1.1809760591146556,-0.8507441625199199,-1.368961219144225,-0.1193985468358214,-0.21569298735793296,1.1424174982003201,0.53139352690755,-0.7518988101086279,0.11948900640709326,1.0067659402307818,-0.30704184098316034,-0.4045445613591845,0.17549650536042805,-0.6402167503137228,1.096700902399533,0.4550300730817547,-0.5283430380655503,1.0210794210921037,-0.6177145517023632,-0.88705356581724,0.07023413669457312,-0.0862871180349778,0.2369535248151493,-0.5882099901945281,0.045793574670263126,1.2196378849226726,0.0033823613648849005,-0.26330849134287604,0.7603471354139231,-0.951749872619839,-0.5465674070063358,1.2329874435682484,0.023535417845714335,-0.8578308194537243,0.9602621416807011,0.0,0.0,0.0,0.0,0.0,0.0,0.0,0.0,0.0,0.0,0.0,0.0,0.0,0.0,0.0,0.0,0.0,0.0,0.0,0.0,0
25.8986954015364,0.49315191476231707,1.6503780440147757,53.04579481114587,0.4591008789572322,1.4765463807057273,16,-0.8464125435409606,0.19802382529312723,0.27411282286606564,0.13684948669622798,-0.17751581240466408,0.8974054076147624,1.0897118427902726,-0.730936065333303,-1.4812121878225213,0.47147771462546473,0.7671766115448548,-0.8332606155617768,-0.11150195069181379,0.6845579113197715,0.4676832366369794,0.43829862836781786,-0.4654239292169038,-1.2080777444918382,-0.8270998244653711,1.2109261356348782,0.7535455210064974,-0.5831882808631548,-0.36052219165044264,0.7944699774037502,0.5258708822499436,-0.9975041124473876,0.6772987449818828,0.4661316441912646,-1.586801140376302,-0.3374807094725085,0.0,0.0,0.0,0.0,0.0,0.0,0.0,0.0,0.0,0.0,0.0,0.0,0.0,0.0,0.0,0.0,0.0,0.0,0.0,0.0,0.0,0.0,0.0,0.0,0.0,0.0,0.0,0.0,0
26.01107729744736,0.4786904693396255,1.6891519871410345,52.98497817374167,0.609185537193232,2.0654853341851904,15,0.5768318488067159,-0.06417792893967089,-0.4970682598037328,1.1518234597051347,0.48137731808807516,-0.10412086010816068,-0.6263274731041406,-1.3468500671771437,-0.08280127254028358,2.0654853341851904,1.0224259177308461,-1.3142438287310938,-1.1145102071559023,0.2199794659323473,1.0174111047951762,-0.29280503280450887,-0.21810840430829614,-0.6445490296490206,-0.2458667013003364,1.470390697970096,-0.9934712099966987,-0.3565390131254915,1.6891519871410345,-0.8757084315792127,-1.2102493952099245,1.399374539511257,0.9439966452257913,-0.711437110951401,0.0,0.0,0.0,0.0,0.0,0.0,0.0,0.0,0.0,0.0,0.0,0.0,0.0,0.0,0.0,0.0,0.0,0.0,0.0,0.0,0.0,0.0,0.0,0.0,0.0,0.0,0.0,0.0,0.0,0.0,0
25.979535206769956,0.43290188772331395,1.7248717150587574,53.03696177430705,0.7893168644897876,2.977341075069738,24,-0.6668929972533171,0.5270598396881141,-0.5352276432571088,0.5799564365674073,0.4274678553571576,-1.8469769160387273,0.38322828867038794,2.7499357862858815,-0.25498429574033565,-0.6550362979481505,0.14099890684283523,-2.3124153903655085,0.4992791918527786,1.6662962615747077,-0.39164139073137605,-0.74866822037405,-0.19178091294887878,0.13368432155680665,-1.021401595375771,0.5982796229921732,0.5302555387829848,0.5599184312418686,0.1895877332302618,-1.2130179824381813,-0.7862190306301322,0.010739789111738673,0.43392229649364467,0.6596919745197738,0.42040801263519967,0.1598316476851167,0.0813672682478348,-1.2632701550212673,0.30576414517237893,2.1846434187968313,-0.35555142984752663,-1.8935897830814241,0.22666661847359748,1.2863908534769948,-0.33291504598743415,-0.4103756718365972,0.229901339316271,0.12369541769408698,0.20447979059911603,-0.9842202705996428,0.5108287199556756,-0.8799190420550147,0.0,0.0,0.0,0.0,0.0,0.0,0.0,0.0,0.0,0.0,0.0,0.0,0
25.853008508119586,0.33163131856541045,0.9033822878587081,53.07932969148767,0.7549335429938693,1.9688055104112294,5,-0.14198714455634587,-0.5143684356451104,-0.5111161265059181,-1.1514966800255166,-0.25027901679644415,0.08388300514175029,0.37693552763542826,-0.3868233998823527,0.0,0.0,0.0,0.0,0.0,0.0,0.0,0.0,0.0,0.0,0.0,0.0,0.0,0.0,0.0,0.0,0.0,0.0,0.0,0.0,0.0,0.0,0.0,0.0,0.0,0.0,0.0,0.0,0.0,0.0,0.0,0.0,0.0,0.0,0.0,0.0,0.0,0.0,0.0,0.0,0.0,0.0,0.0,0.0,0.0,0.0,0.0,0.0,0.0,0.0,0
25.955402820356156,0.5391261719457069,2.4508245927008403,52.9059728616032,0.8488485844846994,2.820482299904725,22,1.2194503548912081,1.8907624548194804,-1.7404135362462405,-1.468166187819591,1.1031522699375067,0.5946789849265457,-0.6542761682738139,1.4440891560578706,0.11941162022148433,-2.3005265513704742,0.009337892583229035,-0.09870594925860132,-0.24316572079864684,1.441523539328081,0.6873292422037487,0.7041449395584252,0.4097096928568611,-2.1790632653938644,-0.4603149673516498,1.5856251636553083,-0.1833158325172839,0.1386478424996156,-0.5449112476556692,-2.1121280189232152,0.7516328824618483,2.2861294572796353,0.8197621829524238,0.06248363354796993,-1.2685221277621963,-0.9507131624785643,0.002355522221613171,1.2513055484432272,-0.09255277581456411,-0.09271263037853572,0.035837448243288605,-0.8266701188861063,-1.1279426595889817,-0.4436506528337105,1.5751674697640468,-0.4171060018064239,-0.6252937811051638,0.7482115065734121,0.0,0.0,0.0,0.0,0.0,0.0,0.0,0.0,0.0,0.0,0.0,0.0,0.0,0.0,0.0,0.0,0
26.34623357075884,0.4019950680307769,1.3509914367425786,53.04562126262803,0.5257625447986446,1.544788184398186,8,-1.0085820768997529,0.3993402946788436,0.41552332861977703,-0.0005253087122341071,-0.7579326884626028,-1.2210572157913973,0.22840802245432457,1.0000156394174198,0.21557058450534328,0.07665022001253874,0.08296784055814044,-1.037673667201247,-0.42339869746566805,1.5057959921694746,0.0,0.0,0.0,0.0,0.0,0.0,0.0,0.0,0.0,0.0,0.0,0.0,0.0,0.0,0.0,0.0,0.0,0.0,0.0,0.0,0.0,0.0,0.0,0.0,0.0,0.0,0.0,0.0,0.0,0.0,0.0,0.0,0.0,0.0,0.0,0.0,0.0,0.0,0.0,0.0,0.0,0.0,0.0,0.0,0
25.961988133220633,0.5525508486890396,2.6823111695431834,52.95883081568577,0.8000341686444962,3.2688111330371896,30,-1.2263862010294062,-1.5536034328299309,1.121299030075086,0.5419859501993329,0.48138020376374513,-0.3662486192230716,-0.4254980481666202,-0.1087201428503235,0.16343495689908139,0.23443322741322703,0.8592259113747183,1.1193827943757526,-0.7871323985683816,-2.2999315093155133,-1.009645734840845,0.4693005216974484,0.9559745600887233,1.7776309239649208,0.14212222510597883,0.18734012120585675,-0.4623743732616674,-1.6905311059132586,0.7800516263514581,1.8481952420982708,-1.0984887841310282,-0.539893008797975,0.6622439367317341,-0.9949145754826745,-0.6680089011429082,-1.7340035487565402,0.5890355919429311,0.6138003426588483,0.501908788976408,0.8078707648464558,-0.4349048938548883,1.1344909356555704,-0.02918679007860092,0.002530434070472154,0.12391179295350696,-0.9836393731638253,0.024998695218606315,0.1881399412354341,0.3079922258671175,0.15903433233655306,0.003031901199125997,-0.14900533040714947,0.3609400800899145,0.30589742129568975,-0.6270394488777349,-0.1549399363335624,-0.9141707403196975,-1.3153487938750459,1.2593365473671803,1.173332466298163,0.24593792979012363,0.14797098653949092,0.5559352789901162,0.8099177431779268,0
25.852762024487788,0.47649858073828916,2.006591584499887,52.92747083929685,0.7660128115546071,3.324044410240816,22,0.011380585181598235,-1.9666418028407975,0.41475358924762773,1.411544500939172,-0.7767142429655856,-1.1183252338302836,0.5088492933707442,0.4931910640808752,-0.4971612862228447,-0.6010347916321308,0.9630347013917664,0.3325350574075543,-0.009719907488562995,0.2828561866341488,-0.2264476016302801,0.30535320319908266,0.6724965676596923,-0.4255171383203873,-0.6463038744770344,-2.03800545587805,0.13654103967839504,1.9273607361365421,-0.44146012367166776,1.2378796164957677,-0.698636867255729,-1.244218047031623,1.078967387474325,1.2666829092768737,-0.06530427385542126,-1.2949428675149335,0.9929284708809831,-1.1614277412261274,-0.5212313287122434,0.9112212597878866,-0.5402835717297592,-0.1003830714817866,0.27739207210778716,0.2631204984657316,0.38267746946518955,-0.7646283040539501,-0.19513146833989126,0.9411975803992831,0.0,0.0,0.0,0.0,0.0,0.0,0.0,0.0,0.0,0.0,0.0,0.0,0.0,0.0,0.0,0.0,0
25.81806382956986,0.3547297558283212,1.0964954513759118,52.92205587936595,0.3479655181594104,0.9461615422214322,5,-0.6346318263908586,0.8445278058144297,0.18452095961361792,0.10163373640700257,-0.2122261063464812,-0.14136927570955038,-0.4341584782521899,-0.3602247660410214,0.0,0.0,0.0,0.0,0.0,0.0,0.0,0.0,0.0,0.0,0.0,0.0,0.0,0.0,0.0,0.0,0.0,0.0,0.0,0.0,0.0,0.0,0.0,0.0,0.0,0.0,0.0,0.0,0.0,0.0,0.0,0.0,0.0,0.0,0.0,0.0,0.0,0.0,0.0,0.0,0.0,0.0,0.0,0.0,0.0,0.0,0.0,0.0,0.0,0.0,0
25.98545875226727,0.6392314439990087,1.9778140953055754,53.183641912780786,0.36643163906569354,1.0491764119651634,5,-0.08222241574854294,-0.15686335268766527,-0.7573043000291264,-0.40495519362929855,1.9778140953055754,0.24065415810188995,-0.8403736970907474,-0.7280120237500896,0.0,0.0,0.0,0.0,0.0,0.0,0.0,0.0,0.0,0.0,0.0,0.0,0.0,0.0,0.0,0.0,0.0,0.0,0.0,0.0,0.0,0.0,0.0,0.0,0.0,0.0,0.0,0.0,0.0,0.0,0.0,0.0,0.0,0.0,0.0,0.0,0.0,0.0,0.0,0.0,0.0,0.0,0.0,0.0,0.0,0.0,0.0,0.0,0.0,0.0,0
25.95088998932999,0.5550841744855519,1.9497272803967078,52.98578835442758,0.7945040528777201,2.8502227985981037,13,-1.4411683261422255,-0.8800288836156653,0.9024364686482897,0.7456469005228925,-0.6670576618354822,1.7513171492303812,0.9833795349027952,-1.8792942468611855,-0.7977722596480135,0.1753644565685164,-0.8172560378623182,1.1304788412228817,1.6269565361709013,-2.238698842405846,-0.5249193541032113,1.7291301694871208,0.31250045503028545,-1.7672031766095913,0.5351896432987324,1.590454909349205,-0.5278039083834152,-0.3372785322237277,-0.10098650101164353,0.5078476873569713,0.0,0.0,0.0,0.0,0.0,0.0,0.0,0.0,0.0,0.0,0.0,0.0,0.0,0.0,0.0,0.0,0.0,0.0,0.0,0.0,0.0,0.0,0.0,0.0,0.0,0.0,0.0,0.0,0.0,0.0,0.0,0.0,0.0,0.0,0
25.71455750430755,0.4771868143043658,1.9081479635718424,53.018382227176005,0.9729371802917773,3.170050820143544,12,0.08862098688842224,-0.8586106483642837,0.4656008665148086,-1.860065588683561,-0.5627958702447771,2.275911740501975,0.724883414628362,-0.4945671357703816,-0.7093671232976924,-0.5057355465698308,0.6589718235231956,1.291095430083999,-0.7032832959931312,-0.4735371528841199,0.002098267617437699,1.0768834847819022,-0.6078577915074774,-2.6937503013871407,1.1009760849280426,0.06256682137070868,0.8071718786437998,0.13476068520175488,0.0,0.0,0.0,0.0,0.0,0.0,0.0,0.0,0.0,0.0,0.0,0.0,0.0,0.0,0.0,0.0,0.0,0.0,0.0,0.0,0.0,0.0,0.0,0.0,0.0,0.0,0.0,0.0,0.0,0.0,0.0,0.0,0.0,0.0,0.0,0.0,0
25.916032043236658,0.4200894869438305,1.292931157788562,53.12470785662457,0.591119970692488,2.501826172402417,16,0.07190312599582782,-1.062876379558162,-1.0837006168037142,0.0579759842905645,-0.11177187282659773,0.9288155786194139,0.05774716172659211,-1.1595209810385185,1.2206882124359488,0.378352922400758,-0.9408489611101665,0.7524273613175723,-0.3520821966783956,1.198680210714464,0.4101799910097341,-1.158950349338582,0.09619533425259519,-0.10621179341818987,0.2535094027045943,0.046529456546174686,-0.008731126491259289,-1.28319348619182,-0.5395657922927768,0.9510296101975655,0.7569184781936116,-0.11629058161305039,-0.6624249631319366,0.2810808229673256,0.24145859852255924,-0.1640611903175042,0.0,0.0,0.0,0.0,0.0,0.0,0.0,0.0,0.0,0.0,0.0,0.0,0.0,0.0,0.0,0.0,0.0,0.0,0.0,0.0,0.0,0.0,0.0,0.0,0.0,0.0,0.0,0.0,0
25.90703217552907,0.40571077711023545,1.3253948731322573,52.826443786538476,0.9155854390808434,2.7745518709618295,17,0.19657482437245477,0.19233240646763505,0.18907812179248396,0.09467736987328834,-0.060643085899233284,1.3559024275682603,0.6872759681522886,-1.2358050235543345,0.29262007790440236,1.3585858106527837,-0.6110268368339007,0.3463046048697649,0.5384163571559135,0.61059188188419,0.09309944648784807,-0.08827377742328224,-0.5188907017646436,-1.6810617647792867,0.24666834312041885,-0.7793746709475116,-0.3156944506835053,0.8301567957665057,-0.449742298012179,1.2870221961970074,0.18803515132519166,-1.0932206526207153,0.5364538061013491,0.29229558304079717,-0.22373885013812966,-0.4262721234899658,0.4292512763641021,1.710690807456693,0.0,0.0,0.0,0.0,0.0,0.0,0.0,0.0,0.0,0.0,0.0,0.0,0.0,0.0,0.0,0.0,0.0,0.0,0.0,0.0,0.0,0.0,0.0,0.0,0.0,0.0,0
26.13981442017935,0.44682142846587786,2.102689822868122,52.85569710549427,0.947814285940122,3.7397010201205063,25,0.2397958877301356,-0.6246521451812015,0.1916455156933523,0.881397349246825,-0.8152514577575545,-1.1345409595709484,0.2647276618562593,0.12568926376184208,-0.2757465833617374,1.0425154319783445,0.5463807141162214,-0.21693464767819393,-0.48504726162966705,-1.3078096010498754,0.18589982761138657,2.2839769082050623,-0.9702511219324492,-1.868694818928951,0.45212783991759764,0.5007232791614484,0.5223994620049552,1.5035047529786354,-0.04483170228643374,-3.0452551646496318,0.08746523289986996,0.2828165993923548,-0.3891242813391109,1.7185556056465288,-0.3863383251630843,-2.336376322353871,0.2965377348081617,0.34803457069495636,0.0529904487637296,2.5749210630234103,0.09735322226203635,-1.2672249557585786,-0.6048031177088298,2.0839703421607183,0.35099942059889244,-2.5846874698803006,0.08859948809658391,0.5730303833464632,-1.076777024624949,0.6872900200392564,1.5373632200589,-0.055281793602674156,-0.33424441236658,-0.5811424797312696,0.0,0.0,0.0,0.0,0.0,0.0,0.0,0.0,0.0,0.0,0
26.135070580823236,0.4996133150473361,1.5245787302602523,53.11060121932639,0.7314963176014794,2.1280597573408713,12,-0.30703859830127556,-1.281916574756906,-0.6976385529417151,0.4317211873042197,-0.17965211488460398,1.3064614972845803,0.14949182918469006,-1.4812343960439946,-0.2904769488279264,1.653321939443913,0.710576183846527,-0.2998525639532943,0.33318834820352095,-0.28875211282277746,-0.4425630886173444,-1.5394550805647995,0.8955533957149591,0.6885667244714568,0.02782389111258965,0.7649562583315586,-0.7338396531631339,-1.3039655306769262,0.0,0.0,0.0,0.0,0.0,0.0,0.0,0.0,0.0,0.0,0.0,0.0,0.0,0.0,0.0,0.0,0.0,0.0,0.0,0.0,0.0,0.0,0.0,0.0,0.0,0.0,0.0,0.0,0.0,0.0,0.0,0.0,0.0,0.0,0.0,0.0,0
25.962110589244947,0.4858136732650877,1.875665246180418,53.14805858179412,0.8274672568687607,2.877594132918425,12,0.0013283823187997257,1.1394252843964807,-0.08922496985834627,1.0188152169246223,0.40027105341479796,0.7193536315973219,-0.6897445795175798,-0.8829662466987429,-0.4440523050649112,-1.0455026244150076,1.0507943776484687,1.2687892493050796,-0.13470591401787857,-0.28009005149750976,0.474125563486254,-1.1166345473937653,-1.875665246180418,-0.07792436092599786,1.1637814086790357,0.3306351830174279,0.10353147634198123,-0.7058775871906633,0.0,0.0,0.0,0.0,0.0,0.0,0.0,0.0,0.0,0.0,0.0,0.0,0.0,0.0,0.0,0.0,0.0,0.0,0.0,0.0,0.0,0.0,0.0,0.0,0.0,0.0,0.0,0.0,0.0,0.0,0.0,0.0,0.0,0.0,0.0,0.0,0
26.200598567170257,0.4436271011025384,1.7495734032846642,52.934915779041205,0.6835623188750537,3.16999838396994,19,-0.3907233757197126,-1.148417979188281,-0.5576173433806808,1.1852851767542845,0.7660053926614552,0.15269618156062847,-0.5865625990584569,-0.006867276908856468,1.2546660536918424,0.7451882593343555,-0.12484169298697623,1.093696043229528,-0.4703720180313482,-1.4897177673389947,0.37845463920710287,-0.2722087927980468,-0.6481076773231962,-0.03399201907809868,0.3503230721258177,0.3068852639294448,0.3561414004635317,-0.7621428218048933,-0.6161108067538841,0.7587938552755631,-0.250342926654298,0.2644910220685972,-0.7247173933314137,-0.19290101820585193,0.8107442162278105,0.1982846963442384,0.45327835514190085,-0.01903545972499643,0.0611051215026599,-1.7645154332759887,-0.22063418092460907,1.9270134725134795,0.0,0.0,0.0,0.0,0.0,0.0,0.0,0.0,0.0,0.0,0.0,0.0,0.0,0.0,0.0,0.0,0.0,0.0,0.0,0.0,0.0,0.0,0
26.198589603993504,0.4806503795063571,1.9921678055308902,53.13094913454058,0.9015200960171251,3.1394135443839346,15,-0.6270319372246114,0.4280751027786849,0.5121455666715953,0.006516974279186627,-0.5677039033370406,-0.8300553348408926,0.5195784966510395,1.5255874717511517,-0.5785641829933255,-0.5778546029141509,0.17935832846971067,-1.7330251515097217,-1.4299501737682583,0.9596433884182645,0.6096947147824956,-1.7881771783783265,0.4756286861160781,0.13473588818661142,0.012129994766961971,0.9397631610772734,-0.06878439173136286,-0.3007604786623901,0.26468814788176687,0.30568158287159264,0.020603830419641866,0.6574694499766736,0.1854564395789282,0.7174371547625142,0.0,0.0,0.0,0.0,0.0,0.0,0.0,0.0,0.0,0.0,0.0,0.0,0.0,0.0,0.0,0.0,0.0,0.0,0.0,0.0,0.0,0.0,0.0,0.0,0.0,0.0,0.0,0.0,0.0,0.0,0
25.837874671221098,0.6090583923328229,2.1325488538469592,52.592962305108436,0.5916140317482667,1.5680727764370133,7,-0.8365258169548682,0.388600596989761,0.5084840102739534,-1.5232140135284808,0.46575449877851227,1.275805191247379,0.17980655205072438,0.29226758518963436,0.014890172317695516,-1.3675667393223705,0.9636136204260737,0.35301401707538815,0.0,0.0,0.0,0.0,0.0,0.0,0.0,0.0,0.0,0.0,0.0,0.0,0.0,0.0,0.0,0.0,0.0,0.0,0.0,0.0,0.0,0.0,0.0,0.0,0.0,0.0,0.0,0.0,0.0,0.0,0.0,0.0,0.0,0.0,0.0,0.0,0.0,0.0,0.0,0.0,0.0,0.0,0.0,0.0,0.0,0.0,0
25.849079132544386,0.6025896204018693,2.548725006073422,52.84685398667083,0.8135879248661808,3.663996285902364,21,1.3693981702784086,-0.3994241596110797,-0.9519344196881008,-0.754170949549632,-0.6840429665540348,0.02356820211385724,-0.007700833031385912,1.4448480313262735,-0.344685146063199,0.19802844169697664,0.05469648239584046,-0.9676883822699409,0.34414168078002305,0.6642617815519856,-0.16603342756688022,-0.6721887897092813,-0.7931663763456847,-0.3162565981194305,1.7097260920777124,0.8541887110654329,-0.033091635487441096,-1.0908735106737382,-0.2334804219651332,2.434303273668455,-0.7216716469642712,-2.6650382421307413,1.3908792628540354,1.3770728616485073,-0.9124800995259434,-0.10687042533568558,-0.3275323575940945,-0.07101092146982779,0.5329094689140419,1.1375341722408479,-0.02867348039730544,-3.3356837308554645,-1.3389947773933208,2.47835469842785,1.235902504192019,-0.5480876822932856,0.0,0.0,0.0,0.0,0.0,0.0,0.0,0.0,0.0,0.0,0.0,0.0,0.0,0.0,0.0,0.0,0.0,0.0,0
25.770089918891593,0.4149019750041965,1.3940944219252387,52.85139212115199,0.6564017271834789,2.164224425225335,8,0.6696467956425671,0.3795776825744639,0.2137028441101343,0.9001744104052491,-0.44441466314657063,0.5676355782948477,0.19881640396491917,-2.164224425225335,-0.4756174672411113,1.0595240598343878,0.7426526898444727,0.36153244778837745,0.4893078187508273,-0.3081497703586962,0.0,0.0,0.0,0.0,0.0,0.0,0.0,0.0,0.0,0.0,0.0,0.0,0.0,0.0,0.0,0.0,0.0,0.0,0.0,0.0,0.0,0.0,0.0,0.0,0.0,0.0,0.0,0.0,0.0,0.0,0.0,0.0,0.0,0.0,0.0,0.0,0.0,0.0,0.0,0.0,0.0,0.0,0.0,0.0,0
26.007515670969394,0.4313848706536303,1.7560165949258106,52.8047765925334,0.833138423181524,3.5886972668606774,25,-1.0932787517632256,-1.6325723107911259,0.9729726419901894,1.78867537724458,-0.5804543585560182,1.201289443436373,-0.3992246000224178,-0.9899756836690088,0.2806934598815296,-1.142598193227478,-0.569380567823977,0.48535066738753585,0.7352379509702303,-0.0423159775393529,-0.09309164184027807,0.4045601365504723,0.24844869087669252,0.25086501490063284,0.17585246598381943,0.6044476683153022,-0.3817683081157668,-0.29233272317817693,-0.7959687158153343,0.03837206168871177,1.204342493625255,1.282359474951086,-0.45884968284669014,-0.7348190283568528,-0.9543632889215203,-0.07041974134209283,1.101838707514009,-2.0687732877881118,0.037754584971821714,0.8490850788857571,-0.37180180741930613,-0.6761747186273865,0.08032139204660638,0.6623769503434076,-0.19871412727979632,1.2511356164269856,0.5056958954561672,-0.9501562132845933,-0.13806764726137644,1.172216119262039,-0.5241100426419898,-0.3034451144776753,1.263099639539675,-0.5141459429526378,0.0,0.0,0.0,0.0,0.0,0.0,0.0,0.0,0.0,0.0,0
26.00941269987393,0.3877332534284976,1.4576597254910801,53.12873909112793,0.6882309902343967,3.0070033281118143,19,-0.11221007840182295,0.04450063805008142,0.20170084782641595,0.3189186796915493,-1.0199777483236865,-1.0230131269674771,0.644507611848173,0.04984483573886678,0.046790476979836626,0.5734587971912433,-0.17237690057008592,0.288719583163477,-0.21037574193739772,-1.7502444083555773,0.8937705081836675,1.2915399934544283,-0.4139935150460303,-0.5674924000862873,0.04546627032424766,0.38591751665003216,0.581794669537107,-0.3550729789376703,-0.8099542132617508,-0.29284636240365103,-0.09672544397696115,-0.23662132522474622,0.8750361838250171,0.6939993982823509,-1.4260162520773854,0.40754384538094257,0.7709652498477162,-0.7691308734637019,-0.39441677671865705,1.4342558135524826,0.5151607761396271,1.0149107009076346,0.0,0.0,0.0,0.0,0.0,0.0,0.0,0.0,0.0,0.0,0.0,0.0,0.0,0.0,0.0,0.0,0.0,0.0,0.0,0.0,0.0,0.0,0
43.423093076936155,9.631144302148252,31.77276009383838,46.23897951014207,3.289055968969108,9.170691449429135,19,1.9709236286572924,-0.947700355540384,1.8890544897021648,-0.10810932413423302,1.8612812952457247,-0.6378168496101395,2.4331815140623405,-0.6443757453824261,1.1530308066593236,-1.3312812159406846,1.8826535501433952,-0.9336366875446629,1.7655611657926684,-0.9305957107377836,1.0616829745070362,-0.26548395519754564,2.2093475184232645,-1.2675311284031707,1.6015008816130987,-0.01273909952374197,2.1459385090763234,-1.6715118981337511,1.256307019945929,-0.39115492417101905,2.2506555122778877,-0.028754555109593127,1.5568299710427098,0.0,1.844101306183319,0.0,1.7775486698090432,0.0,1.5992248250077097,0.0,1.513936455689148,0.0,0.0,0.0,0.0,0.0,0.0,0.0,0.0,0.0,0.0,0.0,0.0,0.0,0.0,0.0,0.0,0.0,0.0,0.0,0.0,0.0,0.0,0.0,1
25.69235987297817,0.3137037711194573,1.0844559815368768,52.8709661765736,0.6878909134972306,2.3037093862408327,11,-0.6110226700527264,-0.6186925272811479,0.14173317872291946,0.2578711613774374,0.8706834984036469,1.1016618904208784,-0.9999594053948222,0.17189827452588702,0.4275739922953896,-1.8130910657441959,-0.32294013954574297,2.3037093862408327,0.29619231071392704,-1.663001979037702,0.15122482196752784,-0.07273883513033041,-0.12548222713135715,-0.23251573336710862,-0.511065334441799,0.758053489861851,0.0,0.0,0.0,0.0,0.0,0.0,0.0,0.0,0.0,0.0,0.0,0.0,0.0,0.0,0.0,0.0,0.0,0.0,0.0,0.0,0.0,0.0,0.0,0.0,0.0,0.0,0.0,0.0,0.0,0.0,0.0,0.0,0.0,0.0,0.0,0.0,0.0,0.0,0
26.068306811323218,0.5534063102778737,2.578044449880661,53.093064671307125,0.7854662218654768,2.99212291791504,28,0.5845680116344276,-0.527662778410054,-0.5449415426790445,1.281363054797481,-0.8329280785852298,-0.25911383490507944,0.7791685222018074,-0.6374110462202296,-0.13028110116857405,1.188298875953386,0.12587811983605235,-1.3782297270696517,-0.6329317739381537,0.5466946121946279,0.41146304352563945,0.046119182323906216,0.439870779258694,-0.7014359685624001,-0.9765483957523458,-0.6095938219846104,0.3104373296780345,1.542923993710282,0.08063479328619394,0.9198123808811545,0.6431103817259327,-0.3262509062728398,0.0745660638537764,0.05351818124490393,-1.5313157504612427,-1.4613994224328053,1.4563205203367637,0.8104154138617616,0.09072314846893192,-1.3105834288488651,-0.03213382774276141,1.274459781943655,-0.8221573335598507,0.9758955956928048,0.14991264562200257,0.024842092735426036,-0.6688096580698648,0.48848923539956246,-0.26376592531722665,-0.8330165146379329,0.8667193548368068,-0.41074317477508515,0.21899156036732847,0.31917930121990423,0.050150378223396075,-0.1553192182002121,0.3221850910803994,-1.1902627256507259,1.1199980653727302,-0.5664605865236467,0.0,0.0,0.0,0.0,0
25.89341209732775,0.41729717375597775,1.5340501156642254,53.22232198620757,0.4811265181997271,1.524016193685874,7,-0.7990008110426423,-0.7394127301840783,0.9032142195868289,-0.6966503312534655,-0.007642585066509611,1.524016193685874,0.6384784811439062,-0.7690686368198598,-0.5920160735988489,-0.15258863826989,-0.2179593668080244,0.1399859397857739,0.0,0.0,0.0,0.0,0.0,0.0,0.0,0.0,0.0,0.0,0.0,0.0,0.0,0.0,0.0,0.0,0.0,0.0,0.0,0.0,0.0,0.0,0.0,0.0,0.0,0.0,0.0,0.0,0.0,0.0,0.0,0.0,0.0,0.0,0.0,0.0,0.0,0.0,0.0,0.0,0.0,0.0,0.0,0.0,0.0,0.0,0
25.65968482476755,0.4768044540540941,1.4350013059315323,53.203812015115226,0.43692131405675044,1.4858100383673474,7,-1.4350013059315323,0.39843433572093545,0.7654211907553581,-0.3625644663589611,-0.1590861872216074,0.1010642557208925,-0.4810191824634664,0.5098811272785042,0.7915258531924252,-0.8463986449608285,-0.747875789239707,-0.6394113934065189,0.0,0.0,0.0,0.0,0.0,0.0,0.0,0.0,0.0,0.0,0.0,0.0,0.0,0.0,0.0,0.0,0.0,0.0,0.0,0.0,0.0,0.0,0.0,0.0,0.0,0.0,0.0,0.0,0.0,0.0,0.0,0.0,0.0,0.0,0.0,0.0,0.0,0.0,0.0,0.0,0.0,0.0,0.0,0.0,0.0,0.0,0
25.88541618446111,0.5018964705587361,1.8293193601627102,52.765507345953864,0.7068114742209133,3.2388392223147875,24,0.9137750024929794,1.6620015171155131,-0.12865423737948944,-0.08637933024262878,-1.0959530318821074,0.16488227097519115,0.4193393861327479,-0.21234141741451396,-0.13283044603306138,-0.300228306912139,0.7046656803174365,-0.045929007491089635,0.37958175268497385,0.01367693695367933,-0.31416174389078577,-0.3908109517495717,-0.5746892424942232,0.1239080851676917,0.19110707965405638,-0.1104872538744388,-0.5369364771148746,1.2362593389004743,0.03834436989322754,-0.2138463387497822,1.0811061158532702,-0.2231749778209391,0.2990312441032792,1.5321050901424655,-1.0794403659704095,-2.294368416643472,0.381443674471047,1.6355777001581728,0.33620246993437064,-1.1030455917928492,-1.1921829809200588,0.3337558875424236,0.30757779510162564,0.4111772372164211,1.5211610484400886,-0.9189382153221857,-1.4756759915669946,-0.4633290403853394,0.2979410942351244,0.13193760571888902,-0.12055002548843774,-0.9716063888068476,0.0,0.0,0.0,0.0,0.0,0.0,0.0,0.0,0.0,0.0,0.0,0.0,0
25.93393419890448,0.5489403741822247,2.1091182721183657,52.95657928775784,0.840892164765942,3.16408768982172,24,0.43508998983076097,-0.8463846769741394,0.46371947770541055,1.5071750518257687,-0.8809186805308684,-0.9291700687505013,0.8483579085216881,0.12705487240280888,-0.5608009691731866,-2.1568536130070157,0.06736688777178657,3.082221404220249,1.07970697422655,-2.1133373913108926,-0.631147198922271,0.5173830022349719,-0.47054972912810555,-0.5143789901015978,0.545319425598251,-0.2972379243940253,-0.8282258883836207,-0.14233364523717285,0.9259743159030869,1.0443280206987424,0.36249392935802405,-1.6585107617117458,-0.22279472574716763,1.3816756049029166,0.7479927847081846,1.0404567476913513,-2.0480526828500913,-0.34066112764804757,1.0326800706710024,-0.15960548006889752,-0.7352349049521543,-1.0622559438780925,0.5851396492363783,-0.552568520101886,0.08738269988200642,2.1023114490724097,1.1391507572811328,-1.1926031479694146,-1.1698112966834238,0.29270509998102767,-0.00932655494615986,-0.09161290220677643,0.0,0.0,0.0,0.0,0.0,0.0,0.0,0.0,0.0,0.0,0.0,0.0,0
26.019539963940943,0.4223229339178657,1.291344473238631,53.20049060229633,0.9494943479937102,3.4245068855737983,12,0.5302769030837595,1.5197104917328375,-1.1029335420715434,-2.3865022997597336,0.14987947331310636,1.5480695226970553,1.0262471282897572,0.6873119345228389,-1.291344473238631,0.3733136370709147,0.9429501877555175,0.3749912415021086,-0.4077501409341018,0.4408205497808808,0.23836075829206393,-0.24463733100706975,-0.5997224184046104,-1.0241602129759073,0.7592736952183294,0.7472558590671667,-0.6806923784732852,-0.7596037277786891,0.0,0.0,0.0,0.0,0.0,0.0,0.0,0.0,0.0,0.0,0.0,0.0,0.0,0.0,0.0,0.0,0.0,0.0,0.0,0.0,0.0,0.0,0.0,0.0,0.0,0.0,0.0,0.0,0.0,0.0,0.0,0.0,0.0,0.0,0.0,0.0,0
25.961973563056674,0.507477498655498,2.5094910348934967,53.10688681668344,0.7048529681896374,2.618271304319755,30,-0.3163626349737356,0.3079068233060269,-0.5679657800608773,-0.47703391667318584,1.054421756036696,0.056558424910932104,-1.7387143149150752,0.6639665348113866,0.6631717275447322,-1.4830817273570105,-0.34335777348499974,-0.15255732955871792,0.8102828345702662,-0.26414321538828034,-0.7625737830293176,1.095068930245695,0.773064023964249,-1.629317443871507,-0.30975018128143716,1.8527090698230424,-0.1464587634172645,-0.4570777524481855,0.4340005943446954,0.995066235457287,-0.32863443498568756,-1.4452456082288379,-0.4100066095604866,0.37487922003798957,1.9450039163470088,1.0604172949687012,-1.6442700863320603,0.20874585078782104,-0.8652209485614364,-1.6506304100239717,0.6877551952153134,0.6895468786711803,-0.21258899932567132,0.0901101960775108,1.0467111522066226,0.06338754234968036,-0.252246478224464,-0.5089832519494166,0.038530071099380336,1.2351672459514091,-0.38436763381379535,-2.5368695053961474,0.04533610939015986,1.1748585990563711,-0.04579042827537094,0.6952487740592233,0.14486895973609748,0.007435263341115217,0.45826330975015495,0.7164273749323371,-0.24962901142974658,-0.12362690993077763,0.0820187085577615,-1.1870136148068084,0
25.732740177487788,0.4679102861783154,2.191824188941201,53.18780362178865,0.6694472531390684,2.784083821485858,27,1.0402009535230654,0.4906856101780406,-0.3028460134505906,-0.14563406139311752,0.22587043466779377,0.2118098414889431,0.01360632903597292,-1.446435633667953,-0.1469504067802312,-0.4559373802201563,-0.47096167794161303,1.4719936904866842,-0.09283463618635324,-1.065799762073425,0.5269327028548361,0.4185244969987707,-0.5778528561092315,0.5924837844601214,0.653856608940039,1.0193846076414488,-0.07023258150202238,-1.1938378082153136,-1.098332929785471,-0.2589580221339176,2.191824188941201,-1.0609710931528156,-0.928177705013308,1.832373046039251,-1.257323903160227,-0.6085700502164713,1.342261536191696,-0.6046278647620298,-0.22526112578019308,-0.08262110717999605,-0.5571881851845717,0.034844586559536594,0.8135343152474661,0.3606622589745996,-0.6257283979819306,-1.2023777673987013,0.567593242011025,2.1416238489518236,-0.44727115111080806,-0.14667952593135425,-0.10203472204540986,-0.9617293990767308,0.4450226347222852,-0.1897289050637596,-0.8032795650675268,0.3051774224682404,0.7697778762801768,0.13579162429712,0.0,0.0,0.0,0.0,0.0,0.0,0
25.893413888979584,0.49359264186079255,1.935153609634657,53.05104092715615,0.8061866177333846,3.7172478569823895,29,-0.7492206308643432,-2.167632245320597,0.5909637874974685,0.866843592911863,-0.3392308501259542,0.7908413185591527,0.9279823355898493,-0.5341646799818065,-0.0250298986452151,-0.011249368266241788,-0.36914983432210846,0.11654762145749942,-0.799658439215488,1.9570539611809323,0.8314085043653812,-0.5904713147018015,0.2828850124061404,-1.9794802118284736,0.24105027593145678,1.3956908398522003,0.4713389800369754,-0.436304386684057,-0.31745322344564286,-0.42001804827479816,-0.4768608256768765,-0.7106832045805689,-0.2250089346876507,1.0873894719383017,-0.22884637799195318,-0.6059307972079111,1.0492979960906048,-0.05881168789179014,-0.5945356580954133,-0.3100090211117674,0.23197681449217455,1.413515897905036,-0.6103819733064064,-1.4140492317534452,-0.32534466379022575,0.004874223754896434,0.4202856736185403,1.2316664052128559,0.048704726233552265,-0.7378145883067262,0.2473503497248828,0.021529555213710694,-0.46460316131405577,0.9202496063021073,0.38120187618296697,0.22464570216020974,0.5763682454865275,-2.7532370669803683,-1.4253339819460749,1.5992571737194226,-0.221970491209607,-1.0251922187118012,0.0,0.0,0
26.093191459098946,0.3579722685686631,1.4047490536499438,52.95342819479158,1.014007084652302,3.750661100533449,21,-0.09474226306103972,1.7983142694285306,-0.9224229970361648,-0.8084866615315676,0.9978826927529596,-1.8562755075427972,0.10879872255497958,1.5497633740427545,-0.5189267900246648,-0.17056545520110689,0.6915072263256263,-1.4315245009532234,-0.9457638874456507,0.7924644816362303,1.0712510894866938,-0.6701178603420885,-0.5791345508001804,-1.1559189706416504,-0.3142425782235989,1.7973041999812196,0.08886049084289027,-0.2880948839715529,0.6588666868803692,-0.47584980464993265,-0.3810212667572941,0.8730528949177696,0.20391248829609054,-1.6888209511890935,0.21480098810892656,1.7295099160014402,-0.8003231843293648,-0.020701454585520196,0.3266377010063408,0.5306731456875653,-0.17587714819817535,-1.8255350312734393,0.6207569691366643,2.994082793383626,-0.6997566983134504,-0.30689762435315515,0.0,0.0,0.0,0.0,0.0,0.0,0.0,0.0,0.0,0.0,0.0,0.0,0.0,0.0,0.0,0.0,0.0,0.0,0
26.064257404875306,0.44989052823789405,1.997925565047101,52.85281199465717,0.7180039301809104,3.8282027215765524,30,-1.0237120294359023,2.6982953268455034,0.564400488884278,0.18321903573682619,1.1213699847830867,-0.887825303396987,-1.0495963571709908,0.4573348255323424,0.593996204130697,1.3771788368588673,-0.23356294021614588,-0.7377242698521513,-0.4370959457810635,-0.7267406817010738,0.07632038882763581,0.24981942296303572,0.16095695314664482,-0.03245181391001495,-1.1089438679838786,0.40786266174485064,1.498998644700805,-1.3693486835372042,-0.5326774379648214,0.6079802851568417,0.5501486191615115,1.3641213996757529,-0.29685827485846517,-0.8863703494111448,-0.2753801155135136,-0.6218734126407455,0.18005412276260913,0.0329985688819292,0.0016811546391330978,1.2236029150307175,0.6376395812006947,-0.9909190939686425,-0.7067678034755751,0.8229669155333639,0.11275550743171436,-0.9101901599824487,-0.77502764518443,-0.40250445742014307,0.6074231672141472,1.0995302809312832,0.7506767750474843,-0.2734631715287321,-0.5127445478921686,0.6260042754630177,-0.7549165378873539,0.15919998609287234,0.05359186692717799,-0.993672967827834,0.11616645424876637,0.5655205728836066,0.8705632355020754,-0.5901948902483909,-0.06154526565059015,0.8179653996246117,0
25.88274015991606,0.5576494135552335,1.6038147020291618,52.87885274862218,0.6301254309079732,2.066833416893701,9,0.1891887690077887,0.3396408455985025,-0.6643468884638466,-0.7285061690369616,-0.6551150896727158,1.1701532054154455,1.4410997501124072,0.07051967378657764,-1.295750118100571,-1.6573049773831414,1.4584650700173256,0.49588194642497996,-0.18539365597788304,0.6290417289139896,-0.800167444526128,0.9419097415547313,0.0,0.0,0.0,0.0,0.0,0.0,0.0,0.0,0.0,0.0,0.0,0.0,0.0,0.0,0.0,0.0,0.0,0.0,0.0,0.0,0.0,0.0,0.0,0.0,0.0,0.0,0.0,0.0,0.0,0.0,0.0,0.0,0.0,0.0,0.0,0.0,0.0,0.0,0.0,0.0,0.0,0.0,0
25.710591596211245,0.4141014370743694,1.491601648587011,53.02637411932102,0.6633356739802362,2.0120602368236007,9,-1.491601648587011,-1.2165054710714998,1.019462061905081,-0.14036581829594041,0.3823338973596364,0.5099734735623898,-0.6363167172282012,1.502086763261211,-0.03872626897276632,-0.7629093484454401,0.0652288362050939,0.050867172767965485,0.2194887789485911,-0.24209005051996968,-0.3355581477926499,-0.9865857726670058,0.0,0.0,0.0,0.0,0.0,0.0,0.0,0.0,0.0,0.0,0.0,0.0,0.0,0.0,0.0,0.0,0.0,0.0,0.0,0.0,0.0,0.0,0.0,0.0,0.0,0.0,0.0,0.0,0.0,0.0,0.0,0.0,0.0,0.0,0.0,0.0,0.0,0.0,0.0,0.0,0.0,0.0,0
25.952318662533738,0.4454906561894149,1.6892597447936453,52.73591544430501,0.8314269240339782,3.1461148821033618,17,-0.3353376318514343,1.3042258619720926,0.6300271015500023,-2.5329349775586465,-0.7767485116432127,1.2427519019481608,-0.0727167579766963,-1.25025162082526,-0.3513482400568364,-0.605680185667616,0.020424485089915123,1.3164594677909776,-0.04527154579871251,0.9171230353561128,0.6214423222131025,-0.9679556580621522,-0.24374948204361857,0.9548367020794473,0.2998962726666612,-0.23143107761623583,-0.76997099055923,-0.1964335223792304,0.17677827714393857,1.1232233265926936,-0.008425588300891462,-1.4888000876953527,1.5209070559505982,0.7813535769662536,-1.1674760320185271,-1.7469937464843213,0.04965750357015608,1.5214929594369409,0.0,0.0,0.0,0.0,0.0,0.0,0.0,0.0,0.0,0.0,0.0,0.0,0.0,0.0,0.0,0.0,0.0,0.0,0.0,0.0,0.0,0.0,0.0,0.0,0.0,0.0,0
25.90442755387568,0.5555192254387552,2.083000541261246,53.01431491673075,0.7484342310766084,2.3162971698938293,11,-0.5687249013151394,-0.1954641900095666,1.2355678005397195,-0.037580108320440786,-2.083000541261246,1.1520330201264954,1.3410375235533074,0.19727062343874024,-0.10278063365162282,0.3806124671985458,-0.16178051501670154,-0.3680040288819626,-0.12418597247402374,0.06483527328974503,0.29893195022788177,-1.6783601159864716,0.49678155384721734,2.3162971698938293,-1.3671884083516588,-1.354656617904375,0.0,0.0,0.0,0.0,0.0,0.0,0.0,0.0,0.0,0.0,0.0,0.0,0.0,0.0,0.0,0.0,0.0,0.0,0.0,0.0,0.0,0.0,0.0,0.0,0.0,0.0,0.0,0.0,0.0,0.0,0.0,0.0,0.0,0.0,0.0,0.0,0.0,0.0,0
25.98169730916723,0.42267111152191067,1.8658224906123309,52.86629571961629,0.8721614551945912,3.732970739124802,19,0.8710566346947068,1.3249118591114524,-1.4030124888004387,-0.1859576015284219,0.03205129749107627,-1.36728287236199,0.18784496138627205,0.4881226838487649,0.3358130262134331,-0.23956648943234882,-0.5328973942134887,0.5819620384076174,-0.4856218926891849,0.33188251027853966,0.817450810957542,-0.7814503290576624,-0.5830245796282121,1.518012047944758,1.1294114853027395,0.07092317052073582,-0.2359793447289853,0.14130964636506604,-0.7016975318153449,-3.1619718534492023,0.6076584081565635,3.732970739124802,-0.5019753125823527,-1.4256910907920286,0.2479832142666396,-0.09500388578301511,0.005260339252849633,-0.11933866947257599,-0.14697953470621883,-0.9754999016660335,0.5831552010098804,1.3448054354548447,0.0,0.0,0.0,0.0,0.0,0.0,0.0,0.0,0.0,0.0,0.0,0.0,0.0,0.0,0.0,0.0,0.0,0.0,0.0,0.0,0.0,0.0,0
26.00170166709115,0.46627243989361333,1.5686255240156015,53.06634117824319,0.7556654251011431,3.130283830591111,24,-0.728960264608439,-0.5787367554637086,-0.6345602452054102,-0.14102578749375283,-0.2051050142017523,0.6152786116014894,0.6156414816768887,0.07943278533270615,-0.22500154213435763,-0.7839670726128674,0.7233008082331125,-0.1581096365660457,0.33392197333845886,1.629134144549063,-0.45038362719569847,-0.8829655728730117,-0.27737182329771315,-1.9034986189635248,-0.023719732533628246,2.791372461081373,0.1018076043586511,-1.4517232893548808,-0.6155121078604715,0.531106701016931,0.881102947266168,0.2464991649635948,-0.8415412263373554,-1.4868381771163968,1.0984930048788364,0.9559047477931273,-0.7397079718314039,1.2851012798829515,0.5970281126371262,-0.18257175706579432,-1.1520392082926882,-1.1037749143080475,1.1485144652794474,0.8049544309182224,0.2693838774405073,0.10535292895621495,-1.3220524143536672,-0.04081880810687011,0.5840369247973882,-1.5540214962471381,0.22419487428847873,2.2297405581778236,0.0,0.0,0.0,0.0,0.0,0.0,0.0,0.0,0.0,0.0,0.0,0.0,0
26.025126206452285,0.48939464037319164,1.9217986934374238,52.869052575802534,0.7420133130941506,2.6107955183037532,19,-0.05341221075579128,0.6607144948152524,0.4355606764047799,-1.2571455026750584,0.2733988501755533,-0.0757036836444911,-0.13452443222510269,0.13083012539765093,-0.4532916146829038,0.08331373527614261,0.11828493729024459,1.1098021704059562,-0.31347652809278514,-1.5972202719663144,0.45418122287379603,0.4468698185516473,0.6498505580703906,-0.9331187924336959,-0.5396420760773957,2.2369041711310516,0.43183859620166487,0.2111298208150103,0.29799354148337187,-1.2784828242359367,-1.0217099283815791,0.023299252840445206,0.20072263299080007,0.6009370136768979,1.178883057058929,0.817008084076285,-0.36342472454127517,-0.852697007851468,-1.5583739688961487,-0.8849221520312227,1.0297764209366314,-0.7370245036090637,0.0,0.0,0.0,0.0,0.0,0.0,0.0,0.0,0.0,0.0,0.0,0.0,0.0,0.0,0.0,0.0,0.0,0.0,0.0,0.0,0.0,0.0,0
27.957991455968685,2.52020563911519,8.063660995986123,50.73908900076541,2.8463575358237936,8.55219255290163,14,0.26924319786986217,0.2994997600524485,1.4177456926727423,-0.24657761598714245,-0.5234907186940063,0.871748288839548,0.6202361443458635,-0.02095715887220706,-0.15731028801883795,-0.6568530214229114,-1.134765736163068,-0.8179180889418447,1.29003930040016,-0.33780732394485824,1.4978399073374256,-1.7658757280936257,0.9575682738292315,-0.7329016485975828,0.7900789629568692,-1.3712958220918097,0.8068836338185328,-0.4407079204065951,1.2698711639323932,-1.537072013307153,0.9597214616989547,-0.8708038272230425,0.0,0.0,0.0,0.0,0.0,0.0,0.0,0.0,0.0,0.0,0.0,0.0,0.0,0.0,0.0,0.0,0.0,0.0,0.0,0.0,0.0,0.0,0.0,0.0,0.0,0.0,0.0,0.0,0.0,0.0,0.0,0.0,1
25.852657982038526,0.4527450332620658,1.901373645528846,52.86398554717373,1.0116176425365355,4.826716709953338,22,-0.5153772500652387,-3.0677701421560286,1.4791004737175157,2.0841954472623385,-0.823061547058991,-1.1036645968604333,-0.14909945312783535,1.3037912391627486,0.2584276664832146,-1.178042562675266,-1.0911802463533071,1.3110875416067813,0.2398741208458688,1.1940494790643186,0.4579924342750381,-2.0848764047502826,0.3245114188326177,0.11601455016798923,0.47911634462531083,0.2916716680492897,-1.0797777996219793,0.6308268021298105,-0.1141850452328228,-1.0701827394844443,0.8073588432091015,0.511068092536668,-0.318662188559518,-0.23142327192392287,-0.8926881938455438,0.1623702004990406,0.5014494623368897,0.6375510536793101,0.36830374331738014,0.17652200576435462,0.013782238518331269,-1.6222915811073548,0.12203089127232403,1.4426469955831607,-0.6950889164399534,2.2554027912492316,0.5846524072638353,-1.2812291952366621,0.0,0.0,0.0,0.0,0.0,0.0,0.0,0.0,0.0,0.0,0.0,0.0,0.0,0.0,0.0,0.0,0
25.937256868294998,0.37468665794094613,1.5763530915360704,52.902373566094255,0.9522236122755482,3.853120166978364,20,0.15189849761645746,0.907143680908753,0.42215043218216053,-1.2149597697624515,-0.7129700580190317,0.7250173147122538,0.3857430702919977,-0.44962523389826714,0.6213831570193697,0.13172610468234325,-0.24115476856791673,0.8014154175376831,-0.5922563363259066,-0.9052783561528912,0.84477266030148,0.9313576505762171,-0.3599326470491455,-2.1945416923559904,-0.017094904798028665,0.4182547474285556,-0.3918189079640406,-0.7108683334635089,0.2541969096561729,0.9219435788655019,-0.38377646897545503,2.418091424012914,-0.5832300515419391,-1.4995036572261,0.8303797095023313,-0.563013473419204,0.07881995980209311,1.203287660359905,0.12972051279123065,0.11296338581179555,0.5374329094404153,-1.7158870970557558,-0.9322197215476002,2.9752383456293074,0.0,0.0,0.0,0.0,0.0,0.0,0.0,0.0,0.0,0.0,0.0,0.0,0.0,0.0,0.0,0.0,0.0,0.0,0.0,0.0,0
26.13694273761177,0.5480551596302565,1.7596788989740517,52.89861516118066,0.7478585894280189,3.3441900821691988,21,0.262990657508265,1.4417615912457435,0.07143759235965064,0.807686630018253,-0.4510869794121781,-0.9989327885596282,0.202296635845304,-0.36891665333777013,0.6005231560570188,0.11583106578466129,0.9568591070717289,0.8885449598928759,-0.4909876461001659,-1.0736798237233316,-0.4235641319910961,0.642049789156701,0.48391105186234995,-0.4890542064383254,0.013560788352275921,-0.6063799074846727,-0.7302216933836938,-0.06268250400818687,0.2814378908312172,1.1936003438965201,0.3600010283943824,-2.584570357348042,0.06828731741572724,2.5477330930585183,0.004800040032311159,-0.5199061532257971,-1.0755416738583357,0.8933624700963207,1.1010311551823442,-0.27569514551685614,0.3415126681371916,-0.44547461777559505,-0.18232457983800643,-0.8895884272479364,-1.2894748998304522,0.04330313013997511,0.0,0.0,0.0,0.0,0.0,0.0,0.0,0.0,0.0,0.0,0.0,0.0,0.0,0.0,0.0,0.0,0.0,0.0,0
25.97854796520296,0.5559803493330714,2.00637948110597,52.89658282272685,0.6390841175174764,2.186832997192596,10,-0.7475471775749476,-0.482922710219043,0.7705395694372505,0.40801414775318534,-0.6934712359676354,-0.016369713962284038,-0.3779359144004779,0.42057387955365755,0.7694164470110714,-1.0554725331475012,-0.4920205021648911,1.3468801932357408,0.46258436642741074,0.8399528039568551,-1.6749526420114478,-0.8682290306063649,1.367304823409338,0.42244808982494675,0.0,0.0,0.0,0.0,0.0,0.0,0.0,0.0,0.0,0.0,0.0,0.0,0.0,0.0,0.0,0.0,0.0,0.0,0.0,0.0,0.0,0.0,0.0,0.0,0.0,0.0,0.0,0.0,0.0,0.0,0.0,0.0,0.0,0.0,0.0,0.0,0.0,0.0,0.0,0.0,0
25.988199868244312,0.6332237532159896,1.865097555873625,52.85487554917391,0.8410983909674583,2.0391696695291586,5,-0.5655033660779445,1.2068901227068523,-1.2995941897956804,-1.370001404735909,1.3398256296059579,2.0391696695291586,-0.5926160256372306,-0.2338143494905438,0.0,0.0,0.0,0.0,0.0,0.0,0.0,0.0,0.0,0.0,0.0,0.0,0.0,0.0,0.0,0.0,0.0,0.0,0.0,0.0,0.0,0.0,0.0,0.0,0.0,0.0,0.0,0.0,0.0,0.0,0.0,0.0,0.0,0.0,0.0,0.0,0.0,0.0,0.0,0.0,0.0,0.0,0.0,0.0,0.0,0.0,0.0,0.0,0.0,0.0,0
25.882287453354916,0.3873909963260188,1.5448216166837554,52.808821181261244,0.5857181612944256,2.4700140807208655,25,0.4491751450789714,0.9150906170730551,-0.16960489650886856,0.33559435979366725,-0.6164158664655659,-1.9743600428763273,0.20036112093811553,1.1907819371880919,0.6691071858232647,0.12191159398934559,-0.4645469858714719,0.028646099513352397,-0.017051027259061158,-0.7993856109672777,-0.10276361687841273,0.7774136776311167,0.016967939689934042,-0.47824161523397635,1.1863390203604176,0.46139662813502724,-1.3813028274304813,-1.1082003295713747,1.2964211913348969,1.1136544762372438,-0.9018172332317285,-0.3131793380748107,-0.16151163588979855,0.3652420385724824,0.5187890282045728,0.45061900644909514,-0.1653913897804138,-0.27642221658376087,-0.12527036756955212,0.6705042097526217,0.20869179068106547,-0.9233292919775167,-0.09134271677860184,0.7837209848491469,-0.12639797413805454,0.40488183081205875,0.5756360652952921,-0.6809819207329681,-1.191325547380952,-0.23564602879693552,0.2661559461733738,0.34812793176880064,0.06322482793125062,-0.08422277337946582,0.0,0.0,0.0,0.0,0.0,0.0,0.0,0.0,0.0,0.0,0
26.046365686375317,0.42501274549196033,1.5427084060129879,53.33773387700696,0.8941795426423292,3.464730747313176,15,-0.38090062643148315,-1.2199690207233687,0.14860033756533753,-0.5922989453770597,-0.009350184718257992,-0.5915493063263995,-0.7649528326818356,0.46335979903991387,1.1381477102665087,0.20853621262031652,-1.3691032741848908,1.052479540596039,1.1907385937857526,-0.1910162560137536,-0.22259528038466314,-0.6201370814684637,-0.2756421623134564,1.0541621494093718,0.3377391932977254,-3.028297839069772,0.013689583701598451,1.983174812903087,-0.8631846164912602,0.6342916255937041,1.3619630944172911,-0.5665713176839091,-0.6719941141149199,-1.5041966001912357,0.0,0.0,0.0,0.0,0.0,0.0,0.0,0.0,0.0,0.0,0.0,0.0,0.0,0.0,0.0,0.0,0.0,0.0,0.0,0.0,0.0,0.0,0.0,0.0,0.0,0.0,0.0,0.0,0.0,0.0,0
25.92144041625642,0.6006320142747056,2.219770411229579,53.266268490695765,0.8334988809874854,4.275610356347421,23,0.5825525360858244,1.9899532229834165,-1.2292293713916642,-1.7672223077015516,-0.14789270638857843,0.14032419405001662,1.4996027177819968,-0.35279709546056637,-1.2089193579065665,-1.7742470029822925,-0.05696218001170905,2.640883860980871,-0.9538888733113033,0.6301297539750976,1.0553582031315898,-0.3238537763736389,-0.6611410468683339,-1.4510375370037494,0.39792636036547435,0.30789950439424985,-0.7271042583379703,0.4179155613406209,1.624725064597424,-0.028201506311489766,-1.350879623956537,0.2936275295841355,-0.23706994503663736,-0.38232672163933756,0.5162667235489771,-0.451511366608095,1.0777768309601505,0.398618769601228,-0.8461647829684225,0.6894717117229163,0.06686714228931834,1.5339945726846125,0.394853837692434,-2.732175756510685,-0.31505351102250145,0.5801166350521996,0.694808491411937,-0.47158863248202465,-0.7387944944193876,0.5366662709148216,0.0,0.0,0.0,0.0,0.0,0.0,0.0,0.0,0.0,0.0,0.0,0.0,0.0,0.0,0
25.97915184215927,0.3809755822359291,1.8056573962857456,52.827911554698275,0.8159709843435397,3.3829484260943516,25,0.1564454458909097,0.6307819216665393,-0.3812348206191878,-0.3351587017958835,0.2885108985990854,-0.4626036550325878,-0.16968051029783027,0.5248670011924474,0.19434592680605078,-0.6404815074528543,-0.176419725641221,-0.6685427552946948,0.4888180717994537,1.08664044638477,0.14722676295571446,-1.0155892512301676,-0.5990606100320619,1.5094431147349923,-0.21608192432601925,-0.5079362458029664,0.7617507015254503,1.16862617611892,-0.26343146069786627,-1.4028232475584659,-0.2757474456527298,0.24816793134458237,0.8711439959401162,-1.1596790834423913,-0.9702930869148503,0.29242619198077335,-0.7139510276068428,-0.45970356094238696,0.6424884725240894,2.2049732587957536,1.1631689237616563,-1.2296385009122233,-0.9680411039790613,1.429307253110018,-0.09886778018457676,-3.206152708373793,0.2710212063447628,3.3829484260943516,0.4922299833196675,-1.2928778313991884,-0.5469815393050297,0.32629622373617195,0.3371237863129011,-1.1222320953188003,0.0,0.0,0.0,0.0,0.0,0.0,0.0,0.0,0.0,0.0,0
25.964278250696903,0.554866615441022,2.0496221819626363,52.66227821743228,0.8637095103643179,2.8601995226350425,17,-0.41695635522049557,2.1895325506467174,-0.5276644998679849,0.1246828793438084,1.092708800086676,-1.8181260969609454,0.1537575386985779,2.2216657942495033,-0.6479861992744347,-1.3079095589863385,0.20718785291783703,-0.44479094350047177,-1.196572551287236,-0.052472738147287146,1.5982210293313024,1.6155260227562138,-0.16525588431031935,-2.2359714145917238,-0.271518712803978,0.5452528342000633,-0.7513367451518498,1.3390173348324979,-0.19596243252672352,-0.10633767969899566,1.8354749274242046,-1.0565273590976432,-1.5130729629489892,1.846657897589644,0.5668773272884096,-1.9195257645457318,-0.5514382400148214,0.7236152963081324,0.0,0.0,0.0,0.0,0.0,0.0,0.0,0.0,0.0,0.0,0.0,0.0,0.0,0.0,0.0,0.0,0.0,0.0,0.0,0.0,0.0,0.0,0.0,0.0,0.0,0.0,0
25.917032070996687,0.4748230539145883,1.4646505944392594,52.7649752161056,0.4530538467909171,1.265530013926444,5,-0.708955791243568,0.6089012564110448,0.7339091523548475,-1.265530013926444,-0.2674481819451202,1.1740887009828498,0.998189624029532,-0.52129216161822,0.0,0.0,0.0,0.0,0.0,0.0,0.0,0.0,0.0,0.0,0.0,0.0,0.0,0.0,0.0,0.0,0.0,0.0,0.0,0.0,0.0,0.0,0.0,0.0,0.0,0.0,0.0,0.0,0.0,0.0,0.0,0.0,0.0,0.0,0.0,0.0,0.0,0.0,0.0,0.0,0.0,0.0,0.0,0.0,0.0,0.0,0.0,0.0,0.0,0.0,0
26.009079242118624,0.5368478892346963,2.651270386668674,52.9252006212768,0.7988672342111586,2.80133076336417,17,0.20584037389381393,0.8599117219855898,-0.95909161280548,-0.7051272850618702,0.8838359585837061,-0.8125641993814554,-0.4197770030931274,-0.7526473709860184,-0.37442595995352335,0.5658053256433178,0.8683930143232743,0.19802582374132527,-0.6005880050402332,-0.926330235825283,0.4014453728115299,1.9244276626356438,-1.5449716803239966,-0.41427914267421784,1.719265663920016,-1.294142067012963,0.9320047227486583,-0.5844992744426492,-1.2988784954058694,1.997653838371967,-0.12794508824237738,-1.888955856220015,-0.09886801624874408,1.3818203253549939,0.508443616805689,-0.3947615726652387,-0.4298510381974907,0.9675975493532221,0.0,0.0,0.0,0.0,0.0,0.0,0.0,0.0,0.0,0.0,0.0,0.0,0.0,0.0,0.0,0.0,0.0,0.0,0.0,0.0,0.0,0.0,0.0,0.0,0.0,0.0,0
25.818773073113448,0.5384796297835576,2.532387765762774,52.949992966673456,0.5384697068206699,2.6344238618129765,18,-0.588716186477729,0.5805896460598561,0.15421492974468265,-0.5370231769131166,0.010247869044754054,0.5075926926044261,1.1043536423752371,-0.8461397349003761,-1.1837820235219283,0.7292870360024892,-0.7762529242353331,1.007637798473418,0.47859471668365927,-0.9457187576492316,0.7263790152664669,-0.41918602427148954,-0.5110562447777838,-0.5661762342511949,0.1495120504980072,0.8237692256865827,-0.22345398537397543,-0.24397600068200376,-1.1923283703018868,0.6239945943860192,1.0193008308899287,-1.9071306650316586,0.3503573498295012,1.3070461180126784,-0.8460912848380673,0.48591032770568177,0.29531604475471696,-0.23191875592166866,0.41942000674271185,-0.3695216302727218,0.0,0.0,0.0,0.0,0.0,0.0,0.0,0.0,0.0,0.0,0.0,0.0,0.0,0.0,0.0,0.0,0.0,0.0,0.0,0.0,0.0,0.0,0.0,0.0,0
25.93438072959405,0.5338460606826954,2.1896533092939947,53.34737570111089,0.9040539936325531,3.5419660974683396,28,0.45008895790403614,1.5513651948878646,0.045539149912539045,-1.6999128442570424,0.2639314578212826,-1.1158803693842358,-0.8446259111896097,0.44011797768398253,-0.1683925970727813,0.3189625409799106,0.317598925333364,-0.30481116543062825,-0.3300874749916751,1.0019864938981087,0.7661252717972964,-0.5484677469781616,-0.863124752111954,0.5523031215165162,1.7473838592145512,-0.9778369401660001,-0.5185442783394691,1.3119552080151067,-0.641676045986717,-1.19358864320224,0.42740936169882815,-0.6437634278851547,-1.252098178654382,2.5188082001441643,2.0800875978551723,-3.2018385024026657,-1.5567939718000225,0.8689912173249468,0.2348585991505665,0.08936869877963005,-0.8677179366445387,2.508267299909562,1.1711102959646666,-0.561157911128042,-0.7963157309090043,-0.25034459240345086,0.6039999593215697,-1.4596694448148213,-0.32296509724528377,2.205469332974488,-0.2667347510029039,-1.646260800000647,0.1366912165838663,0.4871290931697203,0.5150747679240659,-0.6380543913575281,-0.7536395034771708,-0.18332956194356598,0.26633965092262457,-0.1618496820825044,0.0,0.0,0.0,0.0,0
26.264799633383888,0.5976240329341783,2.243211537423541,53.390293714083214,0.9971787613322529,3.2243065519109635,9,-1.2692185606153963,-0.6811665885257412,-0.28172283185137204,-0.05648439771718472,0.988595031750144,-1.1884690186038895,-0.8187282992404548,2.3447180476418836,-0.8621368774664617,-1.4672206704488744,0.6971386582391652,-0.5391449867387124,0.3690751134870318,2.8859541614566666,-0.06458688223687403,-0.7582577599646072,0.0,0.0,0.0,0.0,0.0,0.0,0.0,0.0,0.0,0.0,0.0,0.0,0.0,0.0,0.0,0.0,0.0,0.0,0.0,0.0,0.0,0.0,0.0,0.0,0.0,0.0,0.0,0.0,0.0,0.0,0.0,0.0,0.0,0.0,0.0,0.0,0.0,0.0,0.0,0.0,0.0,0.0,0
25.827206276901276,0.6471577869093197,2.6038273475464493,53.036190835365915,0.7936936368319892,2.9509669005570984,29,-1.396967026750886,1.319076578313485,0.1797689996869316,-1.8840923773218563,0.8602077241805048,-1.0668745232352421,-0.5768836049101758,0.3207016639743756,0.6614517386586094,0.7093547395443025,-0.5939667311283898,0.9615893635387138,-0.43785764314649356,-1.3512999339651586,-0.25528742905431656,0.3832176114382264,1.1217387044114275,-0.45894050809072695,0.012261311754095061,0.47725960269076495,0.23078259936189838,1.5964891392980363,-0.32117106798037653,-0.788106838491835,-2.0426544637848245,-0.7476521259371722,2.1304347145530507,1.4379683118231057,-0.9804457861777358,-0.9558447081513108,-0.205130266825563,0.08639221044693102,-0.060218310380907525,0.8072958124890448,-0.04601667686018729,-1.1883171172122076,1.1795830372787606,1.0070892742541133,-0.5050811714148438,-0.057049456963476075,-0.39396052516426394,-0.7923788923242867,0.7710939234724847,-1.0005186739248941,-0.5645078901411793,1.1271080641268796,1.043502074229334,0.8996491860231757,0.23457422497750002,-0.2539881417329539,-0.8339108048065107,0.7123858573134569,0.797438311143889,-1.7605204781523796,-0.0008418129280300946,1.0157605434443226,0.0,0.0,0
25.88089815174178,0.38440345012135574,1.5906853428398655,53.07563398736882,0.8019547910149598,3.050088894148921,26,-0.15402431692560725,-2.5780789967090456,-0.04124106979545061,1.2599133968464074,0.9912430555095995,0.7406384455676047,-1.387646814993687,-0.7516672450409985,0.9130246978023386,-0.29317019131123345,0.17185434145703482,0.8815837873674681,-0.5015836258136908,-1.3035517348793064,0.12856981116148347,-0.5176068441077746,0.09320105489310038,1.6751637628081824,0.33742661304357924,-1.0786775146361265,0.44819245029601973,0.9015210938356617,-1.40759372273725,-0.20398773133412362,0.18411833706592873,0.3074490316276268,0.02517541782134458,-0.3905002658909922,0.42667109223858546,0.6228788757718675,-0.19360699047916796,-1.0040535467417868,0.5331025184722904,1.1878293354239915,-0.66145812226722,-1.5990894681694172,-0.115879246465461,1.912197940226271,0.06255638705819422,0.703217766785599,0.4394131537881911,-1.5548278239775755,0.42411714978729975,1.1688497657784254,-0.5041791550424364,0.20738787544296144,-0.25686319009867375,-1.7194742666312592,-0.23643774578092902,0.2950394142179462,0.0,0.0,0.0,0.0,0.0,0.0,0.0,0.0,0
25.839037267399558,0.43605010594394306,1.6140953172666457,53.02366637518982,0.8850076485440774,2.7518970804997593,14,-0.4255164141443153,-0.42540479417343136,0.5230425545411848,-0.9795201097217969,-0.5450956018940225,1.1158628740504568,-0.42121084185956903,-0.5561587807280759,1.3261923470364891,1.09441859065182,-0.07403045439541245,-0.7101462638812635,-0.0559853143505471,1.4141329859053684,0.4179187389761161,0.39378767450145347,-0.9839801561248649,-0.7395877554047701,-0.3830411262336675,-1.784326043996181,0.6805421829816076,2.4449777446898864,-0.1387352614489359,0.0564195611957814,-0.24739770853207688,-1.2455439512526567,0.0,0.0,0.0,0.0,0.0,0.0,0.0,0.0,0.0,0.0,0.0,0.0,0.0,0.0,0.0,0.0,0.0,0.0,0.0,0.0,0.0,0.0,0.0,0.0,0.0,0.0,0.0,0.0,0.0,0.0,0.0,0.0,0
26.06985409481434,0.41863005993271274,1.560868199079323,53.275431895359155,0.9159087097523702,3.588143880318597,19,0.7244381935891298,-1.5142710526416607,0.3937229491488239,-0.8363908618093703,-0.5635602853249608,-0.5429424441986441,0.4583068718960348,-0.32741201008004595,-0.2304683286743341,0.8605832976383141,0.006454130193041863,0.6541289075529662,-0.390395622939657,-1.3143111723745733,0.5620917449399876,2.5910741038070384,0.04774115330148021,-3.1586026482126215,-0.0607555026082629,1.2867930700547419,-0.5532272884687615,-0.12336308505143734,0.6494332531061779,-0.050934342502245045,-0.2993826323395474,-0.4603850581185469,-0.6793199831182868,0.5210570367473935,0.2954165885735591,-0.42579002835975643,-0.07445834497484327,1.3901284351720662,-0.7287439526409507,0.2663077449571247,1.4956549648449347,-1.607453866233591,0.0,0.0,0.0,0.0,0.0,0.0,0.0,0.0,0.0,0.0,0.0,0.0,0.0,0.0,0.0,0.0,0.0,0.0,0.0,0.0,0.0,0.0,0
26.31568644972416,0.19247034759618334,0.6381577511797083,52.75626943912941,0.7046750563143747,2.0627481845100206,7,-0.08819105056463172,-0.9575334098800568,0.21387020606669083,1.9167178867824575,0.4242875451130175,-1.0782982770260716,-0.2742778154549086,-0.8388182672508862,-0.1507684301985357,-0.14563164023306285,0.11124011238522513,0.1681437032093882,0.0,0.0,0.0,0.0,0.0,0.0,0.0,0.0,0.0,0.0,0.0,0.0,0.0,0.0,0.0,0.0,0.0,0.0,0.0,0.0,0.0,0.0,0.0,0.0,0.0,0.0,0.0,0.0,0.0,0.0,0.0,0.0,0.0,0.0,0.0,0.0,0.0,0.0,0.0,0.0,0.0,0.0,0.0,0.0,0.0,0.0,0
26.175412245857807,0.43988965464327795,1.3615781260524784,52.71891457216557,1.07146767063509,3.014600723347982,8,-1.3615781260524784,-2.7135028631852123,0.7478723992263419,3.014600723347982,0.27184954791965765,-0.37686352576105264,-0.5966572802912324,-1.5793491974454241,0.8353180162776113,1.0716464438592865,-0.05891294402587022,-1.8225310971680742,-0.5891066845515667,1.0102879028088054,0.0,0.0,0.0,0.0,0.0,0.0,0.0,0.0,0.0,0.0,0.0,0.0,0.0,0.0,0.0,0.0,0.0,0.0,0.0,0.0,0.0,0.0,0.0,0.0,0.0,0.0,0.0,0.0,0.0,0.0,0.0,0.0,0.0,0.0,0.0,0.0,0.0,0.0,0.0,0.0,0.0,0.0,0.0,0.0,0
26.009929802508182,0.4971894639935309,1.8271071057590085,52.80341783961448,0.8736753437884439,3.317560422559147,27,0.7597829147740107,2.4019581192396657,-0.5446497569764901,-0.5292560604044994,-0.6196259052954467,-1.5573960759475582,-0.07112490654649406,0.3570944810936325,-0.2681690646554351,0.03770918331426998,-0.24021509316300893,1.8515005408459686,0.8229201053017121,-1.406046611347655,0.14306426931522864,-0.6594127219810844,0.06022851565636245,0.45964222173500957,-0.43543923889375336,-1.3469408910747802,1.0267959925142662,1.1706541018783057,-1.644279860393329,-0.8057766195030069,-0.05661216262262059,-0.6134175517638596,0.32602387466632266,3.0673921192814078,0.412787807210254,-1.6108536992077518,-0.5515350634331639,-0.5956748541296477,1.2220274845468921,-0.7404741627315303,-1.0429521276641758,1.180850644432745,-0.08928720900851062,0.057551450020085326,0.9863093687546893,0.7313826764093463,-0.42382156074455324,-1.3751087206190604,0.2886327222531122,0.33606085238719885,-0.41614650470187087,-0.31266671377441213,0.159672512438501,0.5652332481797444,-0.8526513585152067,-1.4199551907502013,0.6428545955706149,0.951034470026741,0.0,0.0,0.0,0.0,0.0,0.0,0
26.017498099021275,0.5791880639028073,2.239683854060484,53.00851391222295,0.8589836908950456,3.0902455626767065,21,-0.06307208208571069,2.4581778052820056,0.041830846105295194,-1.616417231760785,-0.4807732821736437,0.0682290503539349,-0.0449385285178856,0.35263886917525156,0.20700474636776534,1.6098066338840624,0.500328782420798,-1.446486991797606,-0.04549487508642969,0.8905630775502047,-1.44575619092058,-1.013548394828888,0.3939652789557542,-1.012092779245613,-0.08981745455987067,0.31250065856291087,0.8903563007377571,0.9488395934332274,-0.7030291126253339,0.08913770229710849,0.23794728704887547,0.3480594957938834,0.9556696112114196,0.00033190756369805285,-0.2935337836296661,0.2856303341955808,0.1276589800790866,-1.3354517903983023,-1.0465764908374524,2.077096584218971,-1.027232559672452,0.07323103839706135,1.1879472284754087,-1.9514345561601516,-0.5222120709573801,-0.21870688866676602,0.0,0.0,0.0,0.0,0.0,0.0,0.0,0.0,0.0,0.0,0.0,0.0,0.0,0.0,0.0,0.0,0.0,0.0,0
25.628310650895028,0.4684289359039581,1.5463104308049722,53.319058314234034,1.1493425283006842,4.055609518764207,11,-1.5463104308049722,-2.853064108796552,1.4851038407718988,0.8358790036758705,-0.8563291720196098,-1.7911576465385934,0.2420227157779955,1.7780176556338674,0.07690072644260582,0.7549219564812901,0.07441557410701449,0.06233766298063159,-0.3559055342640036,-0.51462040085854,0.7893156977462965,0.6495197555799024,-0.8071421442716229,1.3254328889470557,0.8837349461704029,-0.6669998788041553,0.0,0.0,0.0,0.0,0.0,0.0,0.0,0.0,0.0,0.0,0.0,0.0,0.0,0.0,0.0,0.0,0.0,0.0,0.0,0.0,0.0,0.0,0.0,0.0,0.0,0.0,0.0,0.0,0.0,0.0,0.0,0.0,0.0,0.0,0.0,0.0,0.0,0.0,0
25.96928851834817,0.49972103000253953,2.1200878501148885,52.83976132213592,0.7245942715997358,2.5717402261879556,28,-0.09353763308140017,0.47761298927565576,0.6180885322714822,-0.5647008002725258,0.30618006529511277,-0.8691475015947532,-0.32961961500068426,1.66548632670672,-0.2326452273253814,-0.4333343333305848,0.28215490453913716,-0.5057427347563532,-0.2616535337599899,0.492064405041333,0.0324964841837172,0.3070984078992325,-0.16760614161212928,-0.1258699882180636,0.5716151006926609,-1.8972258203110073,-1.7012614152331338,0.17689954690212062,0.2165417670744496,1.7784407315628314,1.580036234476168,-1.1431753945680256,-0.6118757849046084,-0.28199398792251884,0.5568804896261952,1.1365734625497765,-0.7626562453749166,-1.1608385095095954,1.1411613892176007,0.4798421554494823,-0.9053813941213349,1.065128849878235,0.2929551012098557,-1.8931293344668205,-0.4482688974711877,0.11670244709533506,-0.22499271963672385,-0.19418613788250383,-0.421898446457341,0.599865281091347,1.2633163181668827,0.7551040557954494,-0.19514324041455566,-0.5612025362516917,-0.15086249774486404,1.6977095964645343,-0.6161542068629231,-0.8384314498217975,1.2770409169329078,-0.37930224315255145,0.0,0.0,0.0,0.0,0
26.066010125718094,0.4436835559342464,1.7948948497028105,53.102655148222276,0.7847689385503055,3.160309055158386,28,0.1767267336122771,1.324620950466354,-0.9809877612382323,-1.6976082701226716,1.14648069245818,-1.202575414980501,-0.4955740042722958,1.5555474135392373,-0.03000624806281138,-0.5245230149546884,0.2086455547356323,-0.8503246327621881,-0.9186968690353048,0.6404056067853787,-0.14133669795993242,0.2761088107918397,0.7162050112232663,1.1985537475422419,0.8322855468418382,-2.09844202731869,-1.3644607800406447,1.4664268683785266,0.6802685346834814,1.4965562831567283,-0.44591917430127737,-1.9162738057582942,-0.06714726065843735,-0.023503083190796303,0.6758633976148971,0.7392136073142979,0.12931356670630478,-0.15807593885127602,-0.7734634841763359,0.7163045023923331,1.0874008624650031,-1.267738681442161,-0.4823733147371243,0.6954432316386487,-0.33209079550290355,0.01272630177950873,0.29459800020926963,-0.8429253456202588,0.8444147393754733,0.1772605625354231,-0.6414083817777652,0.08222481481780619,-0.7261138431797463,-0.9812005145445184,0.33999471999089437,0.6792171369494255,0.0749881832242636,1.507874336176414,0.267043958236723,-0.36675832887661386,0.0,0.0,0.0,0.0,0
26.017688714353426,0.5413856726332683,1.8284878566818321,52.71157779703761,0.6151598244613073,2.6361187773705623,19,1.4215315555190422,-0.8251068371365946,-0.4570099896294657,1.1515586085067682,-0.44106486341599194,0.04936255999753314,0.41541461684182224,-0.82350854566306,-0.8564018177730262,1.2980023374092298,0.7293172605791902,0.4374801983505847,-0.11261727264284715,-1.1940913066607948,0.2167695751075165,-0.9188281505451243,0.49559336054915804,0.9841320945321925,-0.09674242708440772,0.46033473894878796,-1.4185426208776626,-1.9676661536456237,-0.30320367833611783,2.111541108076146,1.120478260252444,-0.6852116822203271,-0.03818594569551692,0.3349720799844036,-0.6527486643638873,-0.2666723829525708,0.08769463349894124,-0.37105341099139366,0.09520831997104295,0.5139585239852948,1.0526910205026319,-0.31834290062709414,0.0,0.0,0.0,0.0,0.0,0.0,0.0,0.0,0.0,0.0,0.0,0.0,0.0,0.0,0.0,0.0,0.0,0.0,0.0,0.0,0.0,0.0,0
26.10469180011802,0.37802041139581133,1.341257972451956,52.6164132714923,0.9378343756748669,3.6483294773698205,14,-1.1511266766620558,0.48359037226282453,0.9121879161403506,0.007972092574476619,-0.8251811887853187,0.1249746861638954,0.5281125532193549,1.9553517631858313,0.3008595188840921,-1.722925907117201,-0.6836435254967235,-1.9254035702526195,0.41499005876767114,1.1944828787102537,-0.29278800871112054,-1.1116584926230786,0.5601199978317517,1.2820590643599772,-0.23491574522677183,-1.3260095781444718,-0.08940474702768242,0.892575806926402,0.7509211428563525,-0.5193048468525561,-0.4480219088868367,1.52390536608128,0.0,0.0,0.0,0.0,0.0,0.0,0.0,0.0,0.0,0.0,0.0,0.0,0.0,0.0,0.0,0.0,0.0,0.0,0.0,0.0,0.0,0.0,0.0,0.0,0.0,0.0,0.0,0.0,0.0,0.0,0.0,0.0,0
26.082169208023725,0.3211496221452512,1.37638762582516,53.08368657813371,0.8711970662005754,2.713693400008168,21,0.04501103817364793,0.6155073341565753,0.2911840975395492,-2.0859225776030925,-0.000872707368092307,0.1150863039652279,0.5023551095554382,0.6893505070195189,-0.12288746906223835,-0.6206182096095318,0.000620826121021878,0.462324752521873,-0.4938643398028191,-0.25131783036864164,0.45238005058143926,-0.37728365709518386,0.0523872673352308,1.4669305375564932,-0.4303113805834329,-0.6004826696263734,0.17926313360395696,1.4040693477860842,0.2504156220511433,-1.1770896707369758,-0.2844330459080062,0.7436205584752784,0.047706487069717696,-1.6138631627885047,0.5502584826331542,-0.009928416611948876,-0.5940408584698069,2.369662193739977,-0.41337280341028304,-2.263829229254874,-0.36897396394507,-0.2721868969841381,0.729415482601059,-0.17767727376915587,-0.22230904030740817,2.469597366187095,0.0,0.0,0.0,0.0,0.0,0.0,0.0,0.0,0.0,0.0,0.0,0.0,0.0,0.0,0.0,0.0,0.0,0.0,0
25.945791233359728,0.43268763530258625,1.6320400586026338,52.98131615122714,0.8738334424185366,3.518633456625942,21,-0.4374033839063891,-1.6470959979949171,0.21355327540931412,-0.004414645011145524,0.5709934340994671,0.6175952204755291,-1.0357707945764787,-1.067799948408485,0.9500129795247716,1.7444725405331525,0.37993471196508466,-1.6681788966496995,-0.5708311622667921,0.6339505909523595,0.5205124471723614,2.262564470979271,-1.352406798276828,-2.945178088545987,-0.22931454523137518,2.0919479636664917,1.0363433963706044,-1.0808980402687212,-0.4144946921583852,0.11285597623274413,0.7325550029596002,-0.8573434957864521,-0.5946044711018068,1.286489474788354,0.2288181777510907,-0.9317403393199228,-0.03310427344201372,-0.6254882675458191,0.015950083413024174,2.082756440392231,-0.32776474135667755,-1.4732074366974288,-0.4110013219120354,-1.1788276435414318,0.5727282934590292,1.272541236725111,0.0,0.0,0.0,0.0,0.0,0.0,0.0,0.0,0.0,0.0,0.0,0.0,0.0,0.0,0.0,0.0,0.0,0.0,0
25.870038355210923,0.4365460682447247,2.382416468399839,53.15454484950655,1.0144432721820478,3.6846124011144283,27,-0.16830099670192666,-1.8363767550760528,-0.19434803971185843,-0.25714749457113584,0.6717070187653249,2.078750185976439,0.08687945647544737,-0.8401192090212533,0.2789824697322132,0.43933399497559833,-0.4289974556422784,-1.2493499241593327,-0.014816767553643473,0.1752692553952926,-0.04991265130212241,-0.5149088829313087,0.2155973838388867,-0.09339689876965451,-0.1431830775292937,0.8893687984162781,0.5363758555779334,-0.6133527473851075,-0.31412114187223494,2.071417180433535,-0.10142151677110789,-1.1026350100314772,-0.07486719676407816,0.8325889672292419,-0.4500460442022778,-3.289553401033679,0.47058600080319124,3.2992809529700438,-0.3229378388610833,-3.424293910248558,0.4965396234557531,0.899228196277349,-0.2777050383224733,-0.39338870436464646,0.9365868354884697,1.5965569251835774,-1.4631326568259198,-0.20899695030276888,-0.9192838115739193,0.6504929934354777,1.6840906766498982,-0.7067067807175391,-0.45545481380872843,1.0508516592816974,0.4021535980529656,-1.726234836799044,-0.6983492149501274,1.7446848518394091,0.0,0.0,0.0,0.0,0.0,0.0,0
25.92213758743324,0.43361226383419604,1.5868901383556597,53.056718634206185,0.6032514193003125,1.9991148445987221,23,-0.38385555514794234,0.7149564839257465,0.6768405924514056,-0.7745996997771485,-0.22228739674343956,1.9936525938531986,-0.4261997245705338,-1.9444650784277329,1.2887254522171858,0.8931547110642981,-0.8185378112845925,0.9090372518010028,-0.2367182237144938,-0.982184290383131,0.08144979500496774,-0.3651427427542231,0.9359039978344654,0.4087395285780602,-0.3536967031872855,-0.5669946004913555,-0.5368128739995868,-0.3512596239856407,-0.4148692859672529,1.2908123840617307,0.07794727097002152,-0.9566542104967297,0.17702626357744222,1.215891792493494,0.49465418511012516,-0.11239237120280876,0.12468307088557751,-0.5039570321214342,-0.7410365299808745,0.6436555037704323,0.7631506711732712,-1.2119560856855927,-0.854688035669799,1.0622688989390738,0.14842111700128768,-0.004163206701733202,-0.4188749333699704,-0.8639955092182134,-0.014892112738962737,-0.10263831988339689,0.0,0.0,0.0,0.0,0.0,0.0,0.0,0.0,0.0,0.0,0.0,0.0,0.0,0.0,0
26.22573153809009,0.523149446830049,1.5321337964414035,52.892368493029494,0.4039030020518528,1.392525840993784,7,0.7849108575854551,0.8268677414088756,-1.0862421558280921,-0.24932843274168448,1.1325904000631972,-0.10864170564131115,0.39954339637820624,0.5225930331590973,-0.1530021554989638,-0.2184770344072149,-0.6597660834288739,0.6195122392160215,0.0,0.0,0.0,0.0,0.0,0.0,0.0,0.0,0.0,0.0,0.0,0.0,0.0,0.0,0.0,0.0,0.0,0.0,0.0,0.0,0.0,0.0,0.0,0.0,0.0,0.0,0.0,0.0,0.0,0.0,0.0,0.0,0.0,0.0,0.0,0.0,0.0,0.0,0.0,0.0,0.0,0.0,0.0,0.0,0.0,0.0,0
25.98563500063346,0.5551512703573545,2.237707737959873,53.06485713302191,0.7329677599654476,2.5045227225008446,22,0.22446380023119872,-1.8480396574658116,0.663096388918035,0.7689578039069431,0.4868355956554602,0.2902990108970087,-0.43338468776113004,0.7265207261264663,-1.0554264637616306,-1.3327725785016682,0.03978470952322155,-0.30842561583423134,0.2682405165584072,0.5699979538791808,0.9719437331814689,0.8888101023773842,-0.9749914705177396,-1.1634022463544582,-0.5810417191777688,-0.6277572401466287,0.413165176792198,-0.46871098138502987,0.6291165693862233,0.2555683389681107,-0.033557862461663035,1.6685511056095095,-0.44507847169387205,-0.948012778970778,0.4418156700258429,-0.22951714689111924,-1.4782934380534307,-0.08675705061058636,1.188500718789765,0.6408104667073005,0.37842809316796533,-0.2596007631726138,-0.846774348261583,-0.02694163996293497,-0.0017376306708740685,1.2979648572239881,-0.5150548081335948,0.15095388324071735,0.0,0.0,0.0,0.0,0.0,0.0,0.0,0.0,0.0,0.0,0.0,0.0,0.0,0.0,0.0,0.0,0
25.97545628303345,0.2450967481967719,0.8443748015991197,53.12131467366882,0.7952394687089023,2.2002980739876605,9,-0.10399842449346153,1.0900120674620268,-0.06353685065963077,-0.5033802848409223,0.4661548738712682,0.602138820409607,-0.454293719515924,-1.7994236804529393,-0.056134252964103126,1.4412237631116582,0.502184474208164,-1.3749973125689294,-0.28477922500599817,-0.46710084407745,-0.5513520783212584,0.34346336345799955,0.0,0.0,0.0,0.0,0.0,0.0,0.0,0.0,0.0,0.0,0.0,0.0,0.0,0.0,0.0,0.0,0.0,0.0,0.0,0.0,0.0,0.0,0.0,0.0,0.0,0.0,0.0,0.0,0.0,0.0,0.0,0.0,0.0,0.0,0.0,0.0,0.0,0.0,0.0,0.0,0.0,0.0,0
25.789203414715647,0.4510977848176312,1.799080189769466,53.02102345581389,0.5551466866958954,2.738904389861659,27,0.6042080498202402,-0.19391985578426585,-0.10891003682432299,-0.3732453120879242,0.39233969689560766,-0.10473736736610562,-0.46813555952391894,-1.117039921303821,-0.3268144503140036,1.6692048383691471,0.5998800578127792,-0.4575516977121623,-0.5208365312145844,0.969229818647996,0.7853635808157371,-0.5998286836128344,-1.0891969600629032,0.4476580234451504,-0.2493315040367179,-0.5704194270385372,0.27755655428833137,0.15113461659979066,0.5957266401969648,0.5995587244257976,0.06559478185579337,-0.8988124336210035,0.2120358198489889,0.5313953220319263,-0.3508220687330237,-0.7323034424015162,-0.1409028018861349,0.24993400414071942,1.1398912641985461,1.3797047265871853,-0.13219457602991014,-0.7624138533219096,-0.09134149385276658,-0.945572472448589,-0.3386530687961127,0.7715024550647129,0.03980501529506597,-1.3623203470824379,-0.59685210479077,0.8470312472052512,0.474778086973771,-0.5857856689626146,-0.5421127541234583,1.124264398764673,-0.056703040299343144,-0.5126702154412257,-0.28210823931070195,0.3779280377957619,0.0,0.0,0.0,0.0,0.0,0.0,0
25.818450766906675,0.4876880492164762,1.7707298942974319,53.0809527314498,0.867968990605893,3.2978823492586855,23,-0.32482624404088156,-0.1800042413428784,-0.48964792229301324,-0.4216168047166917,-0.4461278271054603,2.4189215475039845,0.7237145571422872,-0.5377093543598619,0.30841158713945305,0.2810730746246435,-0.06316191586571307,-1.4509167013284383,0.5905995610828434,-0.31163335617178944,-0.36239915103750064,1.6721995568082235,-0.3413063713229896,-1.2131656765708385,-0.23629943977470447,-0.9165568409788705,-0.47684948443829,0.05556706811299961,0.3398253488894447,0.5332825164590815,1.2247983356230883,0.2419257601425926,-0.24682392008066856,0.08278522926159582,-0.28795236859009066,-0.2120365721377837,-0.3914187623961993,2.018551071701012,0.8675445398151851,-2.9541801205284344,-1.1260680841082547,1.6206658067302158,0.005718403215190904,-0.9201311901104532,0.4531010424395774,0.3509337906037331,-1.044830744592172,0.7834247337742255,0.5718311079432361,-2.1785953697279723,0.0,0.0,0.0,0.0,0.0,0.0,0.0,0.0,0.0,0.0,0.0,0.0,0.0,0.0,0
28.31737660771815,2.1774838141673616,6.127639573138875,50.56263753940048,1.8675534541728616,5.53798088954953,7,0.40610542903126046,0.7627199081045717,1.121402032554105,-1.2366517524311789,0.8433650875826473,-0.8152532485623354,1.6231867706920653,-0.5650393137888159,1.111938453442015,-1.9290736703118867,1.0216417998367824,-0.9919629044553133,0.0,0.0,0.0,0.0,0.0,0.0,0.0,0.0,0.0,0.0,0.0,0.0,0.0,0.0,0.0,0.0,0.0,0.0,0.0,0.0,0.0,0.0,0.0,0.0,0.0,0.0,0.0,0.0,0.0,0.0,0.0,0.0,0.0,0.0,0.0,0.0,0.0,0.0,0.0,0.0,0.0,0.0,0.0,0.0,0.0,0.0,1
25.914584390486322,0.4649973271900453,1.7385405436911618,53.17512741449414,0.92230488446736,3.39956231106045,22,1.122166396468188,1.9173305756337058,-1.121941415100892,0.08540261781755731,-0.03210598434202794,-1.3250922733254313,1.0758466439740388,2.591374271759136,-0.9191688311046917,0.10642697375097043,-0.2841114351526386,-1.9320612189988111,-0.1083627692108955,-0.6561416674905658,-0.15660158479996156,0.8569349924253586,0.9806727048161115,-0.8758665035034525,-1.1727678727702049,1.4168513888917502,1.575344238720163,-0.6269384321112312,-0.7188345227072475,0.05753152876698664,-0.17287152185815557,1.2167137107868058,0.10435942204724569,-1.9025513053558356,0.3457060968155403,0.03202594749514276,-0.46644784434837305,1.1498890810168376,0.13903366092944225,-1.024294268919057,0.6224257627419227,1.6206630388758683,-0.3530870870944547,-0.48266782829668387,-0.7984337493995426,-1.0974861948445778,0.2711067624869976,-1.1521645797989848,0.0,0.0,0.0,0.0,0.0,0.0,0.0,0.0,0.0,0.0,0.0,0.0,0.0,0.0,0.0,0.0,0
26.073920827447786,0.47839272396185,1.447333103377101,53.55442724399209,0.47361993908553546,1.3964019342687095,5,-1.0160187290544407,-0.2808349446729963,-0.021538485742294,-0.14518276663318375,-0.4097758885803664,-0.24643103957862422,0.4946712962910915,-0.7239531833839052,0.0,0.0,0.0,0.0,0.0,0.0,0.0,0.0,0.0,0.0,0.0,0.0,0.0,0.0,0.0,0.0,0.0,0.0,0.0,0.0,0.0,0.0,0.0,0.0,0.0,0.0,0.0,0.0,0.0,0.0,0.0,0.0,0.0,0.0,0.0,0.0,0.0,0.0,0.0,0.0,0.0,0.0,0.0,0.0,0.0,0.0,0.0,0.0,0.0,0.0,0
25.903513151404105,0.463034822995107,1.8647200863116353,53.12326214024002,0.8212183250569857,3.0292957220787784,26,-0.29910051305220975,0.9228406493946721,0.5304741365269763,0.9746285572389795,0.06511783994950093,-1.0316906877961145,-1.0144608874645975,0.08015595598855185,0.3167766745531644,-0.8329969990871291,-0.13239142679391946,-0.5670018862011119,0.6999132593781958,0.4517163276343297,0.3288223098529244,0.21444459307252828,-0.9728838016180497,-0.8817884507052227,0.9693558000045321,1.5802068001777556,-0.895037805883625,0.563463879292847,0.8217107327767756,-1.1176228878813035,-0.5011766947442737,0.7693216420262985,-0.07898463810251499,0.09948653263626994,0.7920756216038285,-1.7944658931116493,0.3226200967906898,-0.5625246481248283,-1.8647200863116353,0.991032158706048,1.2705925606697974,0.4759188273966046,-0.2110507188030617,-1.0336115639210703,0.24027413266603403,2.094684270761242,-1.0481983859320714,0.42126238605776223,0.17709680450015242,-1.4156836936185968,0.20644546514941453,-0.928795418106688,0.4422477468829875,1.174474138329387,-0.4728597595843773,-1.1769885102860869,0.0,0.0,0.0,0.0,0.0,0.0,0.0,0.0,0
25.907508706469944,0.5897314500818522,2.0346209770179264,53.1206344160673,0.904023245312254,2.7915008379391253,12,0.08732220240525024,-1.3795915060940729,-0.18196962357469815,2.09135682647063,0.6236613579657337,0.5762605028739571,-0.8035038068376217,-2.6008187421825397,-0.34073421652285774,1.2558895659358384,-0.7994971171011223,-0.18384284153379582,-0.09088583655632476,-1.142136323032993,1.4679996647431288,0.004528586874229745,-0.41794108194644153,0.6875174838679854,-0.31577587411208796,-0.8126385678678503,-0.14925468099722394,1.7837171141363655,0.0,0.0,0.0,0.0,0.0,0.0,0.0,0.0,0.0,0.0,0.0,0.0,0.0,0.0,0.0,0.0,0.0,0.0,0.0,0.0,0.0,0.0,0.0,0.0,0.0,0.0,0.0,0.0,0.0,0.0,0.0,0.0,0.0,0.0,0.0,0.0,0
26.087317116513564,0.5011823255951885,1.828341101556557,52.86541996116024,0.8770778969704607,2.7751703001943966,14,-0.43193591572589085,0.9991296710441446,0.5024026287415637,0.3949370665978549,-0.01639739965309417,-0.03286041990202904,-0.005136728112010047,0.23166313074735,0.2811595937727809,-1.2689586873432503,-0.17795061140903812,2.3998926988676246,-0.21703228563114862,-0.08174452613994987,-0.37513458705953795,-2.253274065061035,1.1812800602800024,-0.4401517089934117,0.31080306604444985,1.4174385537172256,-0.11869579002964414,1.0814686656327694,-0.5225644679239423,-1.0354168489238873,-1.1870808436029705,0.23370869733859934,0.0,0.0,0.0,0.0,0.0,0.0,0.0,0.0,0.0,0.0,0.0,0.0,0.0,0.0,0.0,0.0,0.0,0.0,0.0,0.0,0.0,0.0,0.0,0.0,0.0,0.0,0.0,0.0,0.0,0.0,0.0,0.0,0
25.96276269616595,0.380650602385346,1.3633033298350519,52.849033278945285,0.7149503135056594,2.2538301464489905,12,0.0751047157695588,1.621263867087734,0.7487554374831191,-0.9535653538542519,-0.5497027895482063,-0.5099636326912886,1.0891459661305802,0.37159235818149483,-0.5070046699290742,1.1818823702134438,-0.6856495095592621,-0.6591875799843265,0.07728848322314974,0.0697905645163317,0.019770067882237896,-1.1580397124851203,0.2410929287453989,1.0417770146028715,0.17368585268355474,0.6922388874451073,-0.03651024971392758,-2.240409320543854,0.0,0.0,0.0,0.0,0.0,0.0,0.0,0.0,0.0,0.0,0.0,0.0,0.0,0.0,0.0,0.0,0.0,0.0,0.0,0.0,0.0,0.0,0.0,0.0,0.0,0.0,0.0,0.0,0.0,0.0,0.0,0.0,0.0,0.0,0.0,0.0,0
25.791186066570777,0.47213661507792337,1.6065490913046823,53.044602684944316,0.6967880045430165,2.544474297165756,11,-0.588524602404874,0.3870070473700338,0.7085339243292168,-0.8626922357685771,-0.7828369584830313,0.9253333726086552,0.14993200962870645,0.09397031993233185,0.05249459542955037,0.8040884848432555,1.1529729966105933,0.5540640423568348,-1.6065490913046823,-1.7399168291668232,0.03690730414501786,-0.8045574679989329,0.9396085722042429,1.3266296605117986,-0.08925941659380499,-0.4150249212391728,0.0,0.0,0.0,0.0,0.0,0.0,0.0,0.0,0.0,0.0,0.0,0.0,0.0,0.0,0.0,0.0,0.0,0.0,0.0,0.0,0.0,0.0,0.0,0.0,0.0,0.0,0.0,0.0,0.0,0.0,0.0,0.0,0.0,0.0,0.0,0.0,0.0,0.0,0
26.05766435408125,0.5373895190278075,2.379981455179454,53.01685382614812,0.7706494324823053,2.9001072520692333,30,0.9758806373101798,1.9135122786458254,-0.2631965083478818,0.13443991553408097,0.649596427165644,-1.7234953285268801,-0.03274398925549349,0.7331602190341258,-1.0124463620800448,0.35888659065829387,1.422741467608141,-0.9503139303998296,-1.2393790676087875,0.8217824016134756,-0.49357410213047004,-0.2546865755167431,0.16451433424922612,-1.3049390431447705,-0.8115426196894227,1.5416635948938904,1.9318720567693504,-1.2474429857996796,-0.006128509602710608,1.6314762143464705,-1.3051347139285916,-1.2883311414367498,0.3938115752157074,0.4079405131781897,0.16174591624724144,1.226851477686182,-0.5279802981273427,-0.7007178135341832,-0.3973744895645268,-1.260684452882714,0.7723722137471256,0.05164587902036999,-0.05536091284116651,0.332491025740282,-0.03366590576476369,0.795157497584313,0.3055636517948699,-0.029075414739118344,0.6034017979625119,-0.9611216956765105,-0.8663061891088581,-0.25928574476118627,0.23676785920654453,1.159034312560152,0.2782137625117862,-0.3707547767007995,-0.08636379861609456,1.8712607625903246,-0.584283225480295,-1.6964897847077296,0.3554003237809411,1.4221193369097591,0.2255813485275091,-2.387709140643693,0
26.98353155717004,1.7712462517398442,6.257856380385462,51.97879724913442,2.1153528331929365,7.872205923199978,24,0.05094978238363268,-0.8630553254751661,-0.17437659768124547,1.2129204305767303,1.2343697843807107,-0.7914380328756394,-0.731065321525918,-0.24514934967879753,-0.03592763182281544,1.5533738953669243,-0.39726476365764185,-2.1073656329447843,0.6640061612798576,2.441053463562561,0.664722386257143,-0.06331609544860584,-1.0552928686330176,-1.4897373814949688,-0.1572329119706275,1.6059521192418202,0.07146482937819343,-2.1388333698605493,-0.11573339375311775,1.5059452626368426,0.1595929329273318,-0.7818314469602825,-0.30430397360455785,-1.458554807806486,-0.13753740922021862,0.9403063342907672,0.432654886256298,0.3652066128473379,0.4595871491644985,-0.5150421718700287,1.0025800290265607,-1.1559422354706044,1.4632072170763628,-0.707651743842149,-0.10896448957432625,-1.5737711710598674,1.2927497270835637,-0.7232582143960329,1.037423807130459,-0.5137879968873946,0.6786180542220457,-1.1149909748215308,0.0,0.0,0.0,0.0,0.0,0.0,0.0,0.0,0.0,0.0,0.0,0.0,1
26.022908546883016,0.5465365197108614,1.9703655563015978,52.82327538019252,0.9214278534112059,3.2411577048520996,18,-0.7768910438354659,-1.7189469870653298,-0.8766433198764076,0.8762507863662989,0.9563518216953604,-0.1352607532219139,0.490341952524723,1.146394322476624,-1.3479353472169784,-1.8873433437552976,0.16928164696120618,1.324760190297681,0.6519208474606941,-1.9571617498820757,-0.17273196512815048,2.175362532682115,0.6491424115095192,-0.20350465485991975,-0.6959032115709398,-0.5088716577548951,0.5030422758822048,1.5514062667872892,0.35132788186187724,-3.2411577048520996,-1.197846306744168,2.083995983185922,0.8076308130265986,0.9726027881663413,-0.5742668539244704,-0.8550319835910187,-0.9071871589272007,0.9898060548281151,1.345805794121354,-1.4533116873982905,0.0,0.0,0.0,0.0,0.0,0.0,0.0,0.0,0.0,0.0,0.0,0.0,0.0,0.0,0.0,0.0,0.0,0.0,0.0,0.0,0.0,0.0,0.0,0.0,0
25.96318889943128,0.44380768641236046,1.4191858380281914,52.586421027595,0.7292384968168049,2.67117418320548,22,-0.08954695106024602,-0.5852316226160994,1.164372049774144,1.0361993732617591,-0.11199699760704362,-1.0369632923417953,-0.006822912565141337,0.03535882486571751,0.06060559150559186,-0.38416344060975405,-1.346026832840888,-0.4018442092120367,-0.014944686520710349,1.7902940315846436,0.44732362047517427,0.5050650159226535,0.09584120113167316,-1.2929730990361534,-0.05328040660682731,-0.2782982292028535,0.4318500955205735,-0.811057814448688,0.4188762604239571,-0.2888450405177849,-0.7046228509426733,2.320065300488828,-0.26066101403214503,-2.160590678384793,0.8141201687789028,0.6640593853344896,-0.5474437946595749,1.1418919111756267,0.19464468578166105,-0.154979244549601,-0.21989906782285473,0.18799609669257933,0.33622180604041674,-0.25422634804971267,-0.6769372462811063,-0.2910770418267461,0.8700881794350579,-0.6247510566871526,0.0,0.0,0.0,0.0,0.0,0.0,0.0,0.0,0.0,0.0,0.0,0.0,0.0,0.0,0.0,0.0,0
26.07446193696791,0.6282911371829837,2.345082974302443,53.21787337233751,0.7808047069171538,2.859563136247303,29,0.552002849194885,-1.4190071994486289,0.20705879711524489,1.9904996258346657,-0.1583731231033525,-1.0751741241702462,0.17320511855206533,-0.6737011161845032,0.5056411348253249,1.87039092049055,0.06137908819197335,0.19816030469640822,0.3599336103461539,0.027121109450781944,-1.5096277556692783,-2.394442584883137,0.5435786072314777,2.477194695547958,0.8241623269825951,-1.4992468804374823,-1.4866577098218627,1.8816153211368274,0.2847533311195569,-1.1412398182877936,0.2802467926829664,-0.29889795008453035,1.3300297346731753,-0.19424815017608665,-1.5094282532347663,-0.017747196862643477,1.029176672962997,-0.5326811137885485,-0.5558587677506353,-0.31083962558979294,-0.5592785612164342,0.5643215009654128,1.9731390812203564,1.2428404062438787,-1.3025880712160145,-2.0700108018285803,0.09077715697715405,2.1898329571522765,0.07915261517329952,-0.9578211873943445,-0.038775683017298945,0.5104678980006341,0.847558586844972,0.0413487001316426,-0.18306475379623421,0.07614758442586833,-1.3587709958991958,-0.7247547092147428,1.4751615282505206,0.023953229289425337,-1.3594289329610731,0.6734028410417707,0.0,0.0,0
27.147238677919194,2.236415990797873,7.277176168656926,52.06115406052029,2.4711634047354414,8.005115067012483,12,-0.048399710052542844,-1.0735666267914539,0.046170999483752695,1.3429987890736186,-0.17743090762140667,-0.12067258889090482,0.029755598325579058,-0.8119585839214665,0.6433619967047903,1.4683027721608326,-1.129392108949542,-2.9737495246375403,0.9628423217162236,2.415917211114902,1.5842256402428312,-3.0829208500246352,1.7167195267060649,-1.7093034488626557,0.9794939473084057,-0.6144885326466607,2.0338947326834003,-2.0405699219558926,0.0,0.0,0.0,0.0,0.0,0.0,0.0,0.0,0.0,0.0,0.0,0.0,0.0,0.0,0.0,0.0,0.0,0.0,0.0,0.0,0.0,0.0,0.0,0.0,0.0,0.0,0.0,0.0,0.0,0.0,0.0,0.0,0.0,0.0,0.0,0.0,1
25.975365515504116,0.3945175133853333,1.6963289414947802,53.4008244831044,0.8774569782411996,4.519730167270872,30,-0.7677030546803643,2.201712016569637,0.03148398001837904,-0.9696870568371878,0.09883610437309898,-0.1198507359881944,0.7808611816463191,-0.7414093413395122,-1.4015537071746067,-1.1490375967289594,1.0420781951745646,1.5634725883424068,-0.6597864380279432,-3.1032180247194248,0.2570139958009605,2.5864652273365465,0.5777821083084618,0.5656026244701948,-1.125794886799106,-0.7571149463794598,0.6188529083398357,1.2063105004284935,0.07445169850274524,-2.4682080444696766,0.04572238679020302,2.4212666660094655,-0.03289436343267482,-1.406725889632746,0.32991967493745733,1.286795586431154,-0.5043239204931531,-0.34446872459515987,0.408678246705918,0.3950989116765342,-0.01776405153606575,-0.43088400160939244,-0.021885135747389484,-0.2268244408194704,0.12088506332087334,0.5393830344129711,-0.12287914514247689,-1.0485475156416442,-0.18587652896107798,0.4374898867474002,-0.5896372878206293,-0.4847677331889173,1.3130670177193338,-0.5457722068580964,0.16871940385494355,0.9702235716053309,-1.0270163772519432,-0.26416036357257155,0.4079074986739215,0.848182752003467,-0.5020103651899888,-1.159382906494578,-0.08630345157878239,-0.45474964461670453,0
25.961604146473142,0.6084501333254818,2.389881869500421,53.14427540469073,0.9303002782714579,3.4785067831313015,15,1.090137562787337,0.38813157902121986,-0.2311426395902032,1.7828911013034912,0.46103589560482305,-1.081428154667016,-1.094873550827117,2.0683996335909356,-0.06995059229748435,-1.6242107672324906,-0.3028779112830833,-1.165189201608385,0.2598332968818369,1.1099303155443039,0.09027244464747852,0.4577867165807916,0.5346807957632116,-0.4864317892963328,-0.8061856318969554,-0.5898348672492801,0.13301648093496254,-1.1805571898699085,1.179997070316329,1.094889175273984,-2.3137942717395994,1.5920498125924993,1.7055959165117542,-1.9714664861954105,0.0,0.0,0.0,0.0,0.0,0.0,0.0,0.0,0.0,0.0,0.0,0.0,0.0,0.0,0.0,0.0,0.0,0.0,0.0,0.0,0.0,0.0,0.0,0.0,0.0,0.0,0.0,0.0,0.0,0.0,0
26.431313158780924,0.4981996522709319,2.1825317997233533,53.16861755228843,0.7132583507815861,2.5644254687473236,15,-1.4515156999530667,-0.1528947724103702,1.1354347774605884,0.1806878233685083,0.0451646476074643,0.8714898821514865,0.7867575370576567,-0.908840525735009,-0.7072532181199165,0.08169875640301427,-0.041887801898194965,-0.35106219837771846,-0.29344116394065267,0.5909657329618767,-0.18341995948945566,-0.7938031111671364,0.42567108942477816,-0.5783607808819866,0.19825087980625966,1.339055484285474,-0.5391024826278787,1.2253699844618495,0.5606947972061462,-1.8154628302247886,0.7956626972365584,-0.6010088566084875,-1.406176195758686,2.3654777262293507,0.0,0.0,0.0,0.0,0.0,0.0,0.0,0.0,0.0,0.0,0.0,0.0,0.0,0.0,0.0,0.0,0.0,0.0,0.0,0.0,0.0,0.0,0.0,0.0,0.0,0.0,0.0,0.0,0.0,0.0,0
26.03878601601528,0.5378011953481108,1.874263569397467,52.701871498011904,0.650816983192903,2.498124777062621,20,0.970053886799942,-0.5069703784627819,-0.49062548915761184,1.4955940980753581,0.2136629802401231,-1.8737159272462875,-1.5973010604799782,1.4020762961243634,0.5778543227816151,-1.1222414815701924,0.017348185953547812,1.0172799395623642,0.9630108485090254,0.8880798328343715,-0.23810374603479545,-1.3337395920551387,0.19800542247136477,0.5857062439392635,-1.4657394359585076,-0.8912290011700392,1.4929630017352302,0.6245883121827873,-0.22550580726272784,-1.1563750181877879,-0.7917101183357822,1.8124923999732019,0.3635843102775027,-0.8985439659018795,-0.34833047561649266,0.16530800170686888,0.3984887315511436,0.22242644134558276,0.27298210328561723,-1.6287585988954802,0.477432038094765,1.0196094228867665,-1.1718194607599237,0.6619785664231372,0.0,0.0,0.0,0.0,0.0,0.0,0.0,0.0,0.0,0.0,0.0,0.0,0.0,0.0,0.0,0.0,0.0,0.0,0.0,0.0,0
26.19914352736445,0.27938603104549103,0.738775160196159,52.93059333121184,0.5766428610741264,2.230838279046111,8,-0.34775668060598974,0.18276416997993294,-0.11892969380199148,-0.40591514479155677,0.24378121549856147,0.23350259411837726,0.4949939446975975,1.2183801667647316,-0.015282880238544294,-0.9991271377683617,-0.6833183320623952,0.034289088970467674,0.5041210851782587,-1.266000230248217,0.0,0.0,0.0,0.0,0.0,0.0,0.0,0.0,0.0,0.0,0.0,0.0,0.0,0.0,0.0,0.0,0.0,0.0,0.0,0.0,0.0,0.0,0.0,0.0,0.0,0.0,0.0,0.0,0.0,0.0,0.0,0.0,0.0,0.0,0.0,0.0,0.0,0.0,0.0,0.0,0.0,0.0,0.0,0.0,0
26.0435780377912,0.43600395797527475,1.7852062378864986,53.09093173172302,0.9153737316967752,3.7944495540311465,28,0.4254044485734845,-0.9210769921774755,-0.2254238509656119,2.5048262338950096,0.2545890727356195,-2.2831458207460997,0.020753577287678127,0.6166889690845068,-0.5386286838207894,1.1970558520902586,0.2785262876697274,-0.20954753150112282,0.2380380326220113,-1.403376031930783,0.553462574197944,1.4325311245963093,-0.46379012918049156,-0.31416378448193427,-0.4593271763565845,1.6346008667625966,0.5304699695806399,-1.5432761168345337,0.6542720650389562,-0.4361457897094638,-0.39542120836637196,-0.5722081088407123,-0.18458997107670072,0.08980687213107785,0.08903182252335284,-0.06522058281007048,0.3571819329731518,1.7574943275040695,-0.18216362370548467,-1.0825031191163674,-0.254433206449999,0.4378217671666107,0.25094091923621065,0.759200380804927,-1.0751466579270712,-3.0981693937506805,-0.21030707803810955,2.9098703255262706,0.8296819514920557,-0.9787814823336376,-0.04420897049664774,0.3037211678856906,-0.3062953815818972,-1.0107612747109584,0.6848813616704845,0.058623058639788894,-1.344358128139472,0.9951762306092036,0.6640456651967135,1.516601528414789,0.0,0.0,0.0,0.0,0
26.084347793161406,0.5276788323059417,1.7062214206047308,53.01917824900198,0.5586673975896917,1.7861474828920763,14,-1.3679653517990324,0.5295983404723899,1.662226008892631,-0.575500219549113,-0.1853371377177524,1.0478439144313683,-0.18299705366120733,0.5054641589937034,-0.34522807838544267,-0.5882905103821443,-0.39858792177252766,-0.4711774719397397,-0.32374197710224095,0.8556769406688787,-0.2703292519655598,-0.7761795185273002,1.1341881721597247,0.7507539285291358,0.2034473749639787,-1.274794147522691,-0.5680260390108458,0.10352522944337039,-0.18817659226086647,-0.38566193316158603,0.26544367193940843,0.4186712395042065,0.0,0.0,0.0,0.0,0.0,0.0,0.0,0.0,0.0,0.0,0.0,0.0,0.0,0.0,0.0,0.0,0.0,0.0,0.0,0.0,0.0,0.0,0.0,0.0,0.0,0.0,0.0,0.0,0.0,0.0,0.0,0.0,0
25.951764373735216,0.3993369863839384,1.681887337300143,53.273376424708886,0.6159435033434558,2.5501473854105967,13,0.6537949288366782,-0.45923724841093616,0.43198262918110686,0.9108112841598128,-0.4659169233301199,0.261452491742304,1.062026702612478,-0.3114383663528031,-0.8218056020389319,0.2977653109605356,-0.10923373203990039,0.45850150849539517,-0.12493523541852625,-0.0030467520571093587,-0.5038599043254308,0.06762985272738575,0.6347618594808715,0.11836372839254494,0.22435945931916734,-0.4065952677304878,-0.23822818452515904,-0.11260488914411582,0.1745915134858258,1.2693084842171345,0.0,0.0,0.0,0.0,0.0,0.0,0.0,0.0,0.0,0.0,0.0,0.0,0.0,0.0,0.0,0.0,0.0,0.0,0.0,0.0,0.0,0.0,0.0,0.0,0.0,0.0,0.0,0.0,0.0,0.0,0.0,0.0,0.0,0.0,0
26.07040242962188,0.5644273623742053,2.745003314950729,53.15793462721648,0.6549642494591883,2.2181826363651638,26,-0.1650566316713551,-0.2425723386860028,1.619882718357676,1.2385358795934351,-1.286557408897437,-0.9824244664698583,-1.4584459060532922,0.6541589408342219,1.048838718677036,-1.1933158398274841,0.44952113971716656,-0.23794151240473127,-0.6187268424619781,0.5709704405804601,-0.021706486336181996,0.13785102283589623,0.024412983804740662,0.33035528713963913,0.47745198273354106,0.8347019436304066,-0.9012146647177666,-0.2838937737558922,0.3468721582190142,0.1647799290977261,0.7972529038061893,-1.6404929573921763,-0.760019833755802,0.35014393848745584,-0.02992321918102192,1.0103400654697836,-0.4147253332045615,0.19756151813169254,1.011135273271556,-0.37847635421316284,-0.11023725738803236,-1.0436539041106059,0.273462506651164,-0.3831220372446609,-0.542648871864607,1.01967643598757,0.21435771342075327,-0.8997619561077812,-0.004206303381291576,1.0818927217814007,-0.8661788043493175,0.6320353105036247,1.889216665499852,-0.8492770530940206,-0.687693374419645,-1.1959345199061175,0.0,0.0,0.0,0.0,0.0,0.0,0.0,0.0,0
26.298936775677397,0.5261041432713853,2.0496896992061266,52.87444971429838,0.5063172777417081,1.5573060215173697,11,-0.6833564624743644,1.30818795290336,0.852655702262691,-0.5453150972383654,-0.6680038851008838,-1.0119909242790044,0.06276462814089356,0.9645170104259222,0.1385485420383894,-0.7444336425078504,1.4235230622034187,0.8005069528430866,-0.9210705018640262,-0.8082348301622417,-0.32165135368504494,0.7092519597808504,-0.8069678436570555,0.5783857828594279,0.5281971560403456,-0.6428174830881588,0.0,0.0,0.0,0.0,0.0,0.0,0.0,0.0,0.0,0.0,0.0,0.0,0.0,0.0,0.0,0.0,0.0,0.0,0.0,0.0,0.0,0.0,0.0,0.0,0.0,0.0,0.0,0.0,0.0,0.0,0.0,0.0,0.0,0.0,0.0,0.0,0.0,0.0,0
25.999644088881936,0.29521880629319724,0.9545702762099424,52.971656934225315,0.7881770126933155,2.557601697825554,12,-0.27380608667451867,1.8074627192650254,0.02962562472905006,-0.877821317349408,0.1733635303538037,0.4898091932195854,0.2787312589325346,0.20128019752827697,-0.20977271178545465,0.32433582146644113,-0.4351413988443049,0.27163934652618593,-0.026470707802900506,0.22114883717246414,0.6740109376157015,0.11974689999698285,0.12374857632348935,-0.9722176746960471,0.15681076227075152,-1.4341513278721791,-0.7809701585543181,0.8632818125870543,0.0,0.0,0.0,0.0,0.0,0.0,0.0,0.0,0.0,0.0,0.0,0.0,0.0,0.0,0.0,0.0,0.0,0.0,0.0,0.0,0.0,0.0,0.0,0.0,0.0,0.0,0.0,0.0,0.0,0.0,0.0,0.0,0.0,0.0,0.0,0.0,0
26.04355501821677,0.4167353718539106,1.860809055769188,53.016684551355254,0.7005449154469853,2.5126779304706517,22,0.01578095171969096,0.1406836579398174,-0.39295782107687316,-0.44268098062455863,-0.22036149971327035,1.1077755318529086,0.767909236953237,-0.14413229785962756,0.31261112757824705,1.1982319776695718,-0.8163365190373213,-2.035506302053413,0.20357121893956176,1.0843391567633418,0.5236583723845563,-0.8918706925834599,0.04857962639227864,-0.6696400925971204,-0.3476415023487007,1.8439551656616118,0.09138806555887413,0.06623606826025963,0.058924119527890895,-0.09478420327184267,0.08949207088794253,-1.4948918596389476,-0.8912266859869042,1.1200668037505324,1.4943148903766925,0.41101849147882064,-0.8216032432992719,0.2838397950328968,0.22791410519894129,-0.2590924035492108,-0.7458181807878859,0.2694715242214727,0.2879517767797317,0.0817965737134827,0.28144219805113124,-0.7700118467421504,-1.0906957117118345,0.314932127261649,0.0,0.0,0.0,0.0,0.0,0.0,0.0,0.0,0.0,0.0,0.0,0.0,0.0,0.0,0.0,0.0,0
25.81012211775822,0.44864824907424833,1.615589708764933,53.00259757908009,0.6940823243215514,2.746439802456017,10,-0.1575908740171137,0.3518146978206076,-0.5026487458416042,0.146985720692399,1.2087566912794792,0.21395466539200925,0.40683301748545375,-0.5307240108556499,-1.145047702507302,-0.014242684397615335,-0.22177157763539412,-1.287223801808068,0.3236644908794588,2.286137264888623,0.4566293914148041,-0.5466530120109638,-0.3979170219624635,1.0069555495783575,0.0,0.0,0.0,0.0,0.0,0.0,0.0,0.0,0.0,0.0,0.0,0.0,0.0,0.0,0.0,0.0,0.0,0.0,0.0,0.0,0.0,0.0,0.0,0.0,0.0,0.0,0.0,0.0,0.0,0.0,0.0,0.0,0.0,0.0,0.0,0.0,0.0,0.0,0.0,0.0,0
25.726518678148075,0.43420793541074687,1.3645571688015394,52.672986378268135,0.9417476062148056,3.7123281626225335,14,0.5337002125110502,-0.6349714938699549,0.6728507346043244,0.9336323811226066,-0.06832585783655176,-0.8242487803456839,-0.22723984034249511,0.8445202338333431,0.05974364926327169,-0.19938240503324778,-1.0281328059631107,1.453382027027729,0.7566511686466448,-0.9398590340712971,-0.15439466293214466,-1.8694846824123985,0.01114595796033413,0.4597992227676784,0.6293191591641474,1.0560774824760273,-0.7300429771595347,-0.7880447659079834,0.1279132381889525,-1.63081638547456,-0.741194197791053,3.4543317952556762,0.0,0.0,0.0,0.0,0.0,0.0,0.0,0.0,0.0,0.0,0.0,0.0,0.0,0.0,0.0,0.0,0.0,0.0,0.0,0.0,0.0,0.0,0.0,0.0,0.0,0.0,0.0,0.0,0.0,0.0,0.0,0.0,0
25.700032770637577,0.31826510826548593,1.1664393398320847,53.091096510374626,0.5849209590324141,1.9840121468868475,8,-0.3085149740768429,-0.6695149093549446,0.04869741700417052,0.5026614841006847,0.8004258202372156,-1.180033035364076,-1.1664393398320847,1.6575246451232175,0.6074288141011088,-0.4937796594580419,-0.27141955117603445,0.8202671612216719,0.03756688790715401,-1.3159667067969067,0.0,0.0,0.0,0.0,0.0,0.0,0.0,0.0,0.0,0.0,0.0,0.0,0.0,0.0,0.0,0.0,0.0,0.0,0.0,0.0,0.0,0.0,0.0,0.0,0.0,0.0,0.0,0.0,0.0,0.0,0.0,0.0,0.0,0.0,0.0,0.0,0.0,0.0,0.0,0.0,0.0,0.0,0.0,0.0,0
26.00278433476304,0.5739078992695438,1.9089604763827062,52.69345388373069,0.9520094663647676,3.316100703245141,17,-0.013552736647458374,0.500145595094537,-0.9334463425587103,-1.6311071489152766,0.8870876840479056,1.1657431401588312,0.36841274311285943,-0.8559639669628893,-0.9324160917607927,-0.2558662918203751,-0.7242060025208588,-0.24681738402769327,1.1470926425124475,-0.8305093646402284,-0.16641195355436977,1.9548537668032893,-0.7901815804444752,-0.6507784680364708,1.076497034586538,-1.9656549858043277,-0.03754309837378855,2.2443784117009855,-0.9982157461787935,0.8659933212831277,1.6777231778351478,-1.9718658484763978,-0.569093015799087,0.47550910177930206,-1.3206906937338267,0.9228166330621477,1.354562131136138,-2.3998383516825825,0.0,0.0,0.0,0.0,0.0,0.0,0.0,0.0,0.0,0.0,0.0,0.0,0.0,0.0,0.0,0.0,0.0,0.0,0.0,0.0,0.0,0.0,0.0,0.0,0.0,0.0,0
25.590559223490903,0.5692512970976736,1.9858304756026897,53.24821286320468,0.787697767242022,2.698868476251846,19,-0.06741966306990221,1.2468857876549748,-0.9004728829838733,0.708253899508172,0.39989637465312455,-1.4154533236416782,-0.37567063620487673,0.09534054643152956,0.01324216974628456,-0.46190533753385665,-1.0554058377434465,1.525397560939588,0.9893822204762941,-1.175953906236579,0.4214223341780503,0.9075101885378629,-1.3310713181569191,-0.5164157558552489,0.7307187374612596,-0.10024298012868371,0.9894521009510129,-0.9145290571671012,-1.0096774476613248,2.2422805292086707,0.6275352109696932,-0.2533287587038586,-0.7480660900438494,0.6466095661935469,1.0314012283583835,-2.698868476251846,-0.36759577669168664,1.0907363617933328,-0.29596007927387546,-0.8458756332164228,-0.8634126848808137,0.9895805283923309,0.0,0.0,0.0,0.0,0.0,0.0,0.0,0.0,0.0,0.0,0.0,0.0,0.0,0.0,0.0,0.0,0.0,0.0,0.0,0.0,0.0,0.0,0
25.901306708216534,0.44654042332359734,1.7460441448974962,52.89170931022175,1.2825404393147615,4.159853637241206,15,-0.06446599872950642,-1.979464065353163,-0.1025576270165729,1.351255137780342,0.13610500891311617,0.13314373774737476,-1.3087926786534503,0.6423417247600511,0.9597590898095127,-2.0670274266663853,-0.5585636913748004,-0.8584735522671707,0.6713465799286311,1.3809552869203827,0.6735021665341527,2.468858573327765,-1.1075762934727855,-3.123160187273008,0.09969866035118713,1.2657501846917754,-0.07011363063469744,-2.162762835029504,0.06680486285896237,3.225094811595568,0.6349799031831722,-2.954435564578418,0.11657223983129938,-0.4103400466476188,0.0,0.0,0.0,0.0,0.0,0.0,0.0,0.0,0.0,0.0,0.0,0.0,0.0,0.0,0.0,0.0,0.0,0.0,0.0,0.0,0.0,0.0,0.0,0.0,0.0,0.0,0.0,0.0,0.0,0.0,0
26.08447472820361,0.40888787641379126,1.3072477821523378,53.05399028470563,0.6451155586300761,1.8055715686928053,10,-0.6325898804443391,1.636291508958216,0.7639954677579013,-1.11709344360235,0.5177224559161466,1.2863735033369395,-0.9711772040891731,-0.4656831467200888,-0.02054515776723065,-0.4416508979809848,0.28244064401542346,0.6659271268057978,-0.5615069988630879,-1.4024718854052054,-0.03645906544826971,0.13044584078706833,0.01490645563560733,1.19520141301426,0.0,0.0,0.0,0.0,0.0,0.0,0.0,0.0,0.0,0.0,0.0,0.0,0.0,0.0,0.0,0.0,0.0,0.0,0.0,0.0,0.0,0.0,0.0,0.0,0.0,0.0,0.0,0.0,0.0,0.0,0.0,0.0,0.0,0.0,0.0,0.0,0.0,0.0,0.0,0.0,0
25.867347348892313,0.3536813295384597,1.2070816281347838,52.91881099104506,1.0157392786657058,3.372743135789399,14,0.7356847175209644,-1.4706075424809484,-0.6305835586299402,1.0630478854620833,0.5488021788651061,0.3614705117438959,-0.7312647599814817,-0.0033902976435769006,1.0754738996953854,1.2114485542839688,-0.8630827396167149,-2.130312680111814,0.2949854027751897,0.5933599452522103,-0.6389842912932586,1.4004242391795358,0.5859101330868519,-2.4967824058133843,-0.5673536823238798,-0.739432234295947,0.5534462801656694,2.266494536902819,-0.4588189922762389,0.40612151976684174,0.4030903910351036,-2.522597073433168,0.0,0.0,0.0,0.0,0.0,0.0,0.0,0.0,0.0,0.0,0.0,0.0,0.0,0.0,0.0,0.0,0.0,0.0,0.0,0.0,0.0,0.0,0.0,0.0,0.0,0.0,0.0,0.0,0.0,0.0,0.0,0.0,0
26.08553451423303,0.575676834509966,2.298945843965992,52.59530188078844,0.5393847447594489,2.0341917166548313,16,1.5388958706046978,0.08975867099899659,0.7600499733612942,0.230091114363411,-0.8070423322542943,-0.9461579116129357,-0.40458057501525957,0.3007369359027976,0.07408878042900469,-0.8144595552591625,-0.18311973616847865,0.6895736566542112,0.25551372594006594,0.8135067040276382,-0.0635248389700962,0.16501485409925465,-0.4020201681625295,-1.823603795424738,1.261968409673063,1.4736943935617646,-1.5850213123288022,0.5604973230930668,1.10274288945201,-0.5810577153586962,-0.4097645852558891,-0.3767011619212539,1.0010147211916376,0.17730200058367274,-0.7799836079087612,-0.10288176794320947,0.0,0.0,0.0,0.0,0.0,0.0,0.0,0.0,0.0,0.0,0.0,0.0,0.0,0.0,0.0,0.0,0.0,0.0,0.0,0.0,0.0,0.0,0.0,0.0,0.0,0.0,0.0,0.0,0
25.922214837219173,0.44267447184183206,1.6577626548071187,53.175717888236385,0.8315479865624559,3.207774946330595,20,-0.5627921177021733,0.43656978272009894,0.5649599097653599,0.4531194713128599,-0.26390935638769264,0.736318340537693,-0.02913479430456789,-0.7670185789775559,0.02181967682543373,1.548253102960885,0.41534147394240506,-1.7100613875607067,-0.5241452057929834,-0.01526765882177017,-0.38852824010722387,0.18997375101380243,0.5935579290303998,0.032599876998276045,-0.35054242139549174,-0.011491184521915443,-0.1826479590181087,-1.2774723996332753,-0.3658871742603935,1.6675557948567388,1.331059170100655,1.322794055365172,-0.1343166723949949,-2.710935439368079,0.3724570178336073,0.6733963726963381,-0.7023189340664509,-1.065241860593673,0.5378883482438326,1.6997697206263354,-1.0111097806494307,-0.0007685989238055413,-0.48222228833506975,-1.8039951407677108,0.0,0.0,0.0,0.0,0.0,0.0,0.0,0.0,0.0,0.0,0.0,0.0,0.0,0.0,0.0,0.0,0.0,0.0,0.0,0.0,0
26.13067161818233,0.6368274119962607,2.524485951550087,53.12920278877944,0.7836073010444997,3.496191061095736,22,-0.33741356371065123,-0.9437416916617352,1.3123211567083999,-1.785565279074369,-1.8225637272799204,2.7417223326353266,-0.31486658122338795,-1.1318556633077108,1.6326922456992818,-0.5118806346228268,-1.0337980662547253,0.9716704576204549,0.39592130881459653,-0.11951485615506385,0.6530497149093399,-0.7488034276686548,-0.6463998308913652,-0.42889757746421253,0.9036297173972159,1.4031998347217893,-1.0473112045028259,-1.0546296236762416,-0.42216136340697474,0.7714041172339634,-0.8226781648113217,0.20724950424681055,1.3270153210160451,0.4757846379447841,-1.2684868259530795,0.9207419595873176,1.2805329723259042,-1.505515520867128,0.5674492168656471,-0.5300565372329515,-0.738299431009203,1.6670379018200165,0.10358348999487177,-0.4882745425290551,0.3627792018173963,-0.7037677608520667,-0.12306522646403195,0.054483134690791246,0.0,0.0,0.0,0.0,0.0,0.0,0.0,0.0,0.0,0.0,0.0,0.0,0.0,0.0,0.0,0.0,0
26.12114962599276,0.3706459433670293,1.7646144866084796,53.170139599237224,0.6230861880715692,2.1865078172304564,22,0.6150020613051943,-1.100653394204123,-0.18805407795206008,0.9899562448466455,-0.3518179953944802,-0.6978536870592222,0.5387046127456685,1.0418657248717906,-0.3807786609801447,-1.3581491318646783,0.2769662833473916,0.947302961152765,0.19437652325929378,-0.26736597686662833,0.07083267298849094,1.5065708329443197,-0.5298558705322378,-0.5896948136356599,0.45597499137820563,0.2037680019058925,0.11639442437083503,-1.7152419577808544,0.14535217321310157,0.3105536885411624,-0.3345121104069513,0.3034357487467858,0.1502439252680965,0.9189016518279232,-0.5133743930740948,-0.6147859659025983,1.4991599270721707,-0.9002030948353834,-1.320515723740705,0.03381580730976452,0.5926482430551978,1.5195034868311836,-0.8039720347654971,-0.6273051915525016,0.43075657653159993,-0.2847029589956165,-0.018664798656121917,-0.06627885265113065,0.0,0.0,0.0,0.0,0.0,0.0,0.0,0.0,0.0,0.0,0.0,0.0,0.0,0.0,0.0,0.0,0
26.192976139567833,0.7864999245796342,2.5300215733374536,52.46077572791934,0.8559154266973582,2.736054764344807,9,0.733581345824426,-1.1305151046288842,1.1097886800884424,-0.07856072236872791,0.622131572801397,2.736054764344807,-0.558260555006008,-1.0951516263473522,-0.2895228350931376,0.184240360986486,-0.17248242707203332,-1.5791143227323516,0.8519976481396014,0.8299696641346017,0.23278814365476563,0.36616647911014866,0.0,0.0,0.0,0.0,0.0,0.0,0.0,0.0,0.0,0.0,0.0,0.0,0.0,0.0,0.0,0.0,0.0,0.0,0.0,0.0,0.0,0.0,0.0,0.0,0.0,0.0,0.0,0.0,0.0,0.0,0.0,0.0,0.0,0.0,0.0,0.0,0.0,0.0,0.0,0.0,0.0,0.0,0
25.908246155831765,0.4128658556607535,1.1870474887691564,53.07465882205266,0.39170888265819004,1.2380910726957097,6,0.748394138986356,0.31650989096340254,-0.7943825398612283,0.30037920309375465,0.5833001861404163,-0.40142494026023456,-0.017498147675933495,1.022626918898787,-0.958466987372411,-0.749734677738509,0.0,0.0,0.0,0.0,0.0,0.0,0.0,0.0,0.0,0.0,0.0,0.0,0.0,0.0,0.0,0.0,0.0,0.0,0.0,0.0,0.0,0.0,0.0,0.0,0.0,0.0,0.0,0.0,0.0,0.0,0.0,0.0,0.0,0.0,0.0,0.0,0.0,0.0,0.0,0.0,0.0,0.0,0.0,0.0,0.0,0.0,0.0,0.0,0
26.104667610789033,0.44151349031913706,1.8163031019691687,53.090089170620445,0.5307802205262381,1.711411488142609,15,0.18902435871255108,1.1297204084283479,0.48367373629242394,0.2683683684622906,-0.0027886354831778704,-1.2244755307779442,-0.41557985808821485,1.3417828719455045,-0.5772394873921165,-0.3275798308476894,1.3971639275721621,-0.6388269987306145,-0.5684622583403929,-0.22691141222364308,-0.2303427065498873,0.3030247794004737,-0.4716882685168997,-0.6334345300277704,0.39039139938987333,0.9847443978349943,-0.9362012679518621,0.23857743269461196,1.2776760001568412,0.4880896576130027,0.12191502635003815,-0.6969183900572347,-0.3774878469042271,0.07509532878927416,0.0,0.0,0.0,0.0,0.0,0.0,0.0,0.0,0.0,0.0,0.0,0.0,0.0,0.0,0.0,0.0,0.0,0.0,0.0,0.0,0.0,0.0,0.0,0.0,0.0,0.0,0.0,0.0,0.0,0.0,0
25.932053978913615,0.42052866286544965,1.9627270442903573,53.10113696061039,0.8922368031407193,3.3957888377481495,29,-0.371636342212863,-1.0583993037420356,-0.404070907475635,-1.8176944115654479,0.2579600546633287,2.17443696603015,1.1159638226738373,0.9188841498162361,-0.17565606120334465,-0.9680574179648715,-0.9959564453329222,0.5447588154514023,-0.002486099341663106,-0.4102682774939339,0.21920348439001458,0.251042112891561,0.6742297729181743,-0.03895250803117278,-1.4953185088297865,0.009167069425970453,0.5978932390366225,-0.5096607791513321,0.48324564016679616,-1.6253671393727913,-0.05771976812768287,0.5005944614229563,-0.36176445542407976,0.014666586106883983,0.08767889231248915,-1.1637117610328218,0.29162628151788184,1.6726652263633284,-0.37067867704746504,1.4801903477466638,-0.3265238475682146,-2.281479476293079,0.4390200097388899,1.7315610173457614,0.18738034389112102,-0.15917696626585354,-1.156900845387188,-0.23930816343654016,1.2583340774179135,0.7620894280298813,0.29097624655832277,-0.9791157162658735,-0.6657158540295427,1.2502709349422432,0.009070213971181573,-1.3768126217731762,-0.19965081970839904,0.434284090202425,0.29301649066529833,-0.38797275041614654,-0.2028937961156423,-0.6257566357575826,0.0,0.0,0
25.868387592410226,0.34847822103018633,1.127132322399305,52.943971350781005,0.8244236742321228,2.524012523230404,14,-1.0346501697495718,-1.7859573778448379,0.4501751294399483,2.3009831034599912,-0.4537044482609609,-2.524012523230404,0.2342945497052895,1.6706027072277294,0.13389512147294624,-1.4441959818746497,-0.3683522831637589,-0.11938145268365474,-0.08879022184319751,0.10093369046850142,0.6233601453806621,0.5538467657082151,-0.5655053727843082,0.505935896546184,0.017039926546249973,0.07191669349696639,-0.06419779400164671,-1.2910824426021676,0.43057254868532624,-0.036539417730708124,0.51080484036558,0.05841647531818239,0.0,0.0,0.0,0.0,0.0,0.0,0.0,0.0,0.0,0.0,0.0,0.0,0.0,0.0,0.0,0.0,0.0,0.0,0.0,0.0,0.0,0.0,0.0,0.0,0.0,0.0,0.0,0.0,0.0,0.0,0.0,0.0,0
26.01917056360856,0.5098410030481388,1.8620682434930806,52.82836071526957,0.6923810950521079,2.5156427017664598,16,0.39231032932092447,0.33787807276071646,0.4427538420256987,-0.07001292611435161,-0.20348093007593704,0.7384338257866858,0.7664037469925162,-0.42404950717664036,-0.2801904383351719,-1.3275795550983176,-0.20756369236136152,0.5923157779149264,-0.9234724541199242,0.02302780949181482,1.1876808125664802,-1.2695355452364936,0.6743874309266005,2.5156427017664598,-0.5584354416472692,-0.637769304036496,-0.760000523238169,-0.5384835083605708,0.2606711511979185,1.1546316005705393,0.2977162090841716,-0.4810246038093524,0.4637905720707849,-1.2699604521080587,-1.0462061687445612,1.5165708945343965,0.0,0.0,0.0,0.0,0.0,0.0,0.0,0.0,0.0,0.0,0.0,0.0,0.0,0.0,0.0,0.0,0.0,0.0,0.0,0.0,0.0,0.0,0.0,0.0,0.0,0.0,0.0,0.0,0
25.84975935246991,0.45476860582080825,1.799453198101915,52.99307405219464,0.6486728203481634,2.811530870999249,30,0.40002137481060984,-1.0919041035837154,0.043443263944556776,-0.6478954459419626,0.03504021661060719,1.5205605966192763,-0.4200908889071293,-0.7069234589575188,1.2000211222458859,-0.1562297796545309,-0.480090705997803,-0.9370620374599739,-0.3023952107922483,1.1052022774538273,-0.29595697285536104,-0.838788848860716,-0.1573691352913258,0.7969265911816521,0.6157317724842422,-0.2103223558450864,-0.43583357061759287,0.8284619248658132,0.30375198718229157,-1.3280979731201157,-1.0165215487202879,0.34132735346596377,0.6847586752682666,0.7581279724511347,0.21035296159601202,-0.827480646763739,0.5384500539606059,0.17160914069177835,-0.945068133536136,-0.3081641886610882,-0.28175459163972505,0.19446843416012172,0.9652777508106816,0.6676827287286713,-0.2543893483599611,0.931963862484011,-0.8289835730844395,-2.811530870999249,0.02493203358506335,0.33078580818781944,0.5126418057871156,0.8988341798782926,0.2815642572092756,0.15289597362649232,0.7365162583726566,-0.2138365234820725,-1.2352122308834446,-0.26850134566640094,0.8099582297961199,-0.5432631451626193,-1.2498139623759208,0.49727407775124277,1.1609058427789698,1.1424012209041408,0
25.90388779529095,0.35309356625504545,1.1745713121611203,53.30763754718399,0.6339190950612739,2.3510568817867465,15,0.7998855888237628,-1.1732633097124747,-1.0257440246729281,0.6256686924418418,0.04381375710765667,-0.9765193972375243,0.28908004367620066,1.1930645122831152,0.3512076170375167,-0.26478290989691544,-0.6461235683364315,-0.47741096438197417,0.5414856142235891,0.5550984377579695,-0.19994740609610417,0.21033860900288204,0.7950552545486929,0.5100257183986869,-0.8208563783856384,-0.666324509765083,0.25606012102822007,0.3927425518304517,0.0689988159767303,0.8131559972624274,-0.2930372040988125,-2.3510568817867465,0.5947193028432096,1.7642305625569392,0.0,0.0,0.0,0.0,0.0,0.0,0.0,0.0,0.0,0.0,0.0,0.0,0.0,0.0,0.0,0.0,0.0,0.0,0.0,0.0,0.0,0.0,0.0,0.0,0.0,0.0,0.0,0.0,0.0,0.0,0
25.927554617225706,0.45966153624536826,1.8324246827913626,53.31516177175083,0.6235331621433219,2.4435491858288216,24,0.5187350624059093,-1.0528560801269933,1.1689435371868981,0.6949516579635926,-0.6166010736454339,-0.8870763817087521,-0.25479552854182685,0.341754635462415,0.7203453337405143,-0.31631286521238877,-1.1241425903714592,0.9023121249600194,0.45238424932797017,0.5332258534878989,0.18155326944352268,-0.5074720556147483,-0.2895679542343359,0.0986307152753696,0.27107016309811627,0.0008774687602937092,-0.14422837716168146,-0.2974220119208155,-0.6058245581820572,-1.3524336652359779,0.7904104648324655,2.2722061429014104,-0.7549148366959599,0.08275144582554361,0.7469834583047934,-1.6306323440094346,0.6042603495266938,-0.10945464952224881,-0.8275795107130826,0.7864876545052439,-0.4452299663474655,-0.04927905418549727,0.5222476583830016,-0.6022071231492205,-0.35249164743677497,-0.8384636694676644,0.7132400553550013,1.2445814770699002,-0.37124887507716053,0.19658827794062006,0.9288759995937141,0.13950768789059964,0.0,0.0,0.0,0.0,0.0,0.0,0.0,0.0,0.0,0.0,0.0,0.0,0
26.070443277415148,0.4987474856284709,2.25302581434023,53.19683186322977,0.5886051010247184,2.270475369111196,24,-0.4546333860486591,0.5509044160291268,-0.14183637592668674,-1.4489914325382927,0.15314360115569414,0.7411946953865112,-0.27282127248538046,0.4333656525021752,-0.04618407715819828,0.15180562961389654,1.354640936882383,0.9441093916086132,-0.4924242248729911,-1.0274795209068301,0.3492162593430912,-0.7829604346282792,-0.18664271735777405,-0.1343835689399171,-0.8631356270702462,-0.00980529276127129,-0.4691571345012342,-0.04457488179224356,0.5397713314038022,0.6813702361674316,0.275987494854224,0.16385138088190132,0.5262556497238542,0.3231956565416141,-0.5994738830688959,-0.1276400710012382,1.5104852214272455,0.46488994240731785,-1.6995308928729358,-1.5320223988030008,0.5118767965090214,1.844324023594048,-0.5948242471219487,-1.8129120671783667,0.5024366388090264,0.7820706052120201,-0.2659279086138966,-0.43415282972674163,-0.0615437629202269,0.1366903130988817,-0.18506557282494285,0.5569476406614555,0.0,0.0,0.0,0.0,0.0,0.0,0.0,0.0,0.0,0.0,0.0,0.0,0
25.745906604568283,0.4663658063489618,2.0680533952833535,52.728973760901326,0.8359084423713532,3.273597464778554,21,-1.1572717842706872,-0.3257384320550756,-0.9107816110126663,1.420574702918877,0.6073795367268033,-0.23394498764469773,0.15261479651019627,-0.5627419687215038,-0.3380152586387659,0.8762214888673157,0.14794756939517129,0.1559936541738125,0.6174629380819034,-0.14728301895198115,0.2275521218986576,-0.029043026166959862,-1.3620567167083095,-1.447126225819737,0.7661147252736988,2.318896063527525,0.28491885909501846,-0.5886132194061915,-0.5522218796966243,-1.2066091572997095,0.6514758549912756,0.7512262881111127,-0.1770069364455722,0.15203919961562917,-0.16538045192840656,-0.17410471764241464,-0.207950495153284,1.465920758190272,0.5689497007535138,-2.990650151017384,-0.51844770723201,0.37524340500427655,-0.4847630818888575,-0.6581907187654465,0.8775565560211369,1.9030495147463498,0.0,0.0,0.0,0.0,0.0,0.0,0.0,0.0,0.0,0.0,0.0,0.0,0.0,0.0,0.0,0.0,0.0,0.0,0
30.936183268977878,3.755626560909471,11.727035524233429,48.04794798817964,3.39726530514397,9.507616663675591,11,0.2208553542494336,-0.038461626689517914,1.3060892055488402,-0.5351055609168469,1.7323647530005815,-1.6687451352740652,0.9942640045856486,-0.9533277812508132,0.7698124775672106,-1.361628862960636,1.2153650093325759,-0.7684280438420856,1.3382693750167896,-1.1290231482449329,0.9417147267154462,-1.1987345654130408,1.6766306719568362,-1.854161939083653,1.5316699462600667,0.0,0.0,0.0,0.0,0.0,0.0,0.0,0.0,0.0,0.0,0.0,0.0,0.0,0.0,0.0,0.0,0.0,0.0,0.0,0.0,0.0,0.0,0.0,0.0,0.0,0.0,0.0,0.0,0.0,0.0,0.0,0.0,0.0,0.0,0.0,0.0,0.0,0.0,0.0,1
25.845359162247604,0.4896160173610782,1.9605397264923,52.78377110927613,0.5701599468705826,2.0789628502731574,17,-0.44243931807194414,-1.180638757061942,-0.12476891446018712,-0.4936280747872388,1.2973081389128502,1.1746041979741761,-0.4277435057002066,-1.357769925087176,-0.49175208108676216,0.048629629380741335,-0.336332271954479,0.4863093060291632,0.31898150568139627,-0.6547759064319152,-0.35429713063292567,0.4352553522112217,0.32327680659509994,0.36423287616642597,1.3231951573013099,0.07222629058611574,-0.914026730309466,-0.9734078392527294,-0.42843534977756903,0.8642437363703266,0.6487758741311893,0.659997731485376,-0.8047894121346317,0.13341521615642904,0.26220921369871064,-0.9959704977327988,-0.7242733221005331,0.2469499960242416,0.0,0.0,0.0,0.0,0.0,0.0,0.0,0.0,0.0,0.0,0.0,0.0,0.0,0.0,0.0,0.0,0.0,0.0,0.0,0.0,0.0,0.0,0.0,0.0,0.0,0.0,0
26.01581958603128,0.47306976036626697,1.627959877381727,53.09521860289442,0.6730014657608994,2.332993009764408,13,-0.12777060177671018,-0.6965578139707844,0.20157157907435774,0.9663469266134328,-1.0430687049496363,-0.3838496014283095,0.5393277512557084,-0.012734287582716775,0.5969910201802975,1.5033892529476134,0.27371203802269406,-1.1860898540393947,-1.1065826614251506,1.4459305732537828,0.34755181581218864,-1.1454806817641625,-0.06991478311321586,0.29534506136832306,-0.6317585171474143,-1.3480601826644047,0.4783107046430928,0.14067498037863402,-0.6455664361512277,0.568754017752191,0.0,0.0,0.0,0.0,0.0,0.0,0.0,0.0,0.0,0.0,0.0,0.0,0.0,0.0,0.0,0.0,0.0,0.0,0.0,0.0,0.0,0.0,0.0,0.0,0.0,0.0,0.0,0.0,0.0,0.0,0.0,0.0,0.0,0.0,0
25.802628725413673,0.5075558634031363,1.6853622744619123,53.117500237866636,0.5488206711788197,1.4454203541847974,6,0.33533336913496115,0.5208030564700579,-1.0955654869184777,0.45092009995579474,0.652618662248166,0.4736971977589448,1.0327436122137463,-1.4238140389717273,-0.696968225368547,0.01840549032536387,0.0,0.0,0.0,0.0,0.0,0.0,0.0,0.0,0.0,0.0,0.0,0.0,0.0,0.0,0.0,0.0,0.0,0.0,0.0,0.0,0.0,0.0,0.0,0.0,0.0,0.0,0.0,0.0,0.0,0.0,0.0,0.0,0.0,0.0,0.0,0.0,0.0,0.0,0.0,0.0,0.0,0.0,0.0,0.0,0.0,0.0,0.0,0.0,0
25.84037706768787,0.4336059407934565,1.485406557162623,52.993853236336044,0.7476761608195879,2.0951882035978358,10,-0.462461647147272,1.5607666245313254,0.4458889829669985,-0.12497033938772262,0.4826383996052783,-0.4159181146648976,-0.9432197405070113,0.2569424841058776,0.9652920844851174,-1.329266229521707,-1.485406557162623,-0.4819760041293861,0.677264267822931,0.33219166196625594,0.18591650409478078,0.11886644186817819,-0.36501289419138416,0.03960226296791092,0.0,0.0,0.0,0.0,0.0,0.0,0.0,0.0,0.0,0.0,0.0,0.0,0.0,0.0,0.0,0.0,0.0,0.0,0.0,0.0,0.0,0.0,0.0,0.0,0.0,0.0,0.0,0.0,0.0,0.0,0.0,0.0,0.0,0.0,0.0,0.0,0.0,0.0,0.0,0.0,0
26.01065602414616,0.492259664674445,2.2628971255384727,53.16043477167964,0.6278483820838884,2.2817247688014106,28,0.7653648723771873,0.4066495594784172,-0.021440446720326634,-0.5291147116041159,-0.49660187494825436,0.3509505285479193,0.3445657132536404,0.27287303519172923,0.7610234940134468,0.452950657135915,-1.2505962705366755,0.43759596575082327,-0.4888412260461159,-1.1304333385848153,1.203409092365412,1.4391111909173873,-0.28273836981097844,-0.3171948309145023,-0.2998119614567578,-0.34761379734523956,0.6810526620850048,-0.28035576211786406,0.09357245365693956,0.13237737005754013,-1.5237515822744392,0.6943442470382735,0.7778400552743001,0.0292228072743157,1.4850570702641726,0.08909365489949295,-0.867055657699332,-1.0348959172053114,0.046349361249479415,0.4109122664972844,0.24839532016716603,0.6308634732987528,-0.5779127267158763,-1.5738100332307567,0.38980766744594675,0.24423934495847277,-0.03931105812721114,0.26756281338542465,-0.08951027354222063,0.7068496599727467,-0.4305267336850811,0.012458730191369227,0.2470354464918323,-0.9168290095332452,-0.38021024333652065,-1.022196274545422,0.30058793443663845,1.4038347189405442,-0.5906525983328805,-0.9316000652994987,0.0,0.0,0.0,0.0,0
26.293889727764565,0.5324530602626849,1.504561290660849,52.98479470478914,0.7742700761359,1.9745439769828224,5,0.5673657012765823,-1.9745439769828224,-0.15313378831534052,1.9028215615772766,-1.3514275023455085,-1.392124148517631,0.7079923752603889,0.3898520080961845,0.0,0.0,0.0,0.0,0.0,0.0,0.0,0.0,0.0,0.0,0.0,0.0,0.0,0.0,0.0,0.0,0.0,0.0,0.0,0.0,0.0,0.0,0.0,0.0,0.0,0.0,0.0,0.0,0.0,0.0,0.0,0.0,0.0,0.0,0.0,0.0,0.0,0.0,0.0,0.0,0.0,0.0,0.0,0.0,0.0,0.0,0.0,0.0,0.0,0.0,0
26.05004402741801,0.3608138274457328,1.3859640295655318,53.09903820223701,0.500174155248729,1.94103424608776,24,-0.9274200520402012,-1.3444493981439436,-0.0783532356173069,1.0636934780017597,-0.033294311459126646,-1.2392760495075166,0.6629063074402737,0.6003277941778791,0.10798577523608799,0.6714199956402283,-0.05057098035027252,-0.4613894242498233,-0.3123122580203912,0.7436347949176181,0.049328854501180075,-0.21982918984418376,-0.2994079230880118,-0.7807355077887408,0.04663203759467294,1.2842828177197703,0.4955391412842296,-0.6885146416113415,-0.2948407975814469,-0.5439954349908547,-0.36872900492101834,0.31156432258841704,0.7862463379938767,-0.043878343549934584,-0.8535810879913406,0.08853926044550064,0.3767666732945294,-0.274681321086085,-0.6928595058412661,0.4114296329997771,0.14711014900813169,0.3338335897655398,0.4824531534455261,-0.2914046256028726,-0.3576742978665024,-0.02722836425164843,0.23354628070567784,-0.39376602045692266,0.7212103200082716,-0.6283225830816832,-0.6690131696880037,-0.19460971725565201,0.0,0.0,0.0,0.0,0.0,0.0,0.0,0.0,0.0,0.0,0.0,0.0,0
26.04002804736034,0.5346752590566992,1.8948932866404995,52.97439657234816,0.9161702394098983,3.558648523676851,25,-0.2832672539500436,-1.4438143015726013,0.4748123449469226,-0.9437968633501796,-0.8668969824344828,1.7498126831737224,0.7024641141915353,-1.7256904857367843,0.6983422702220281,1.9861398129853,-0.15158942803631703,-2.3968498940166754,-0.5093555505055356,1.238134028538738,0.9015968335029925,1.0028832707158983,0.12527273739721423,-1.9145052994242349,-0.6228943195693866,0.7599833695947495,-1.0659287847127388,0.8593033271637935,-0.20607018235837415,-2.7302481717485776,1.6317009349047638,2.54592377830933,-0.5693811231387542,-0.8118481931776955,0.6954131300944404,1.223904515583662,-1.487118459947201,-1.815561151287028,0.5887487516630934,-0.44742286171617707,0.5951879142114507,0.674991494209543,-0.8794890388460566,-0.016703979747653364,0.8722862735730246,0.2859443945185163,-0.5687822934684306,-0.20967498646740523,0.075420166831627,-1.2314550913709965,-0.605846851499205,1.5303537634087547,0.7175094677360079,0.26140246322220406,0.0,0.0,0.0,0.0,0.0,0.0,0.0,0.0,0.0,0.0,0
26.070440667859582,0.3700216731807628,1.4712463858484242,53.163304127153786,0.535573786014211,2.0003728182407627,15,0.48597550576788606,-0.32521626332160025,-0.30428524119350087,-0.03927079912811848,-0.4099181456965937,0.9165003864659553,0.2912084404663666,-1.3825949335961525,-0.409980998971168,0.526038790338248,-0.2900501675362541,-0.3501564192312614,-0.08794990567690064,0.6441764986876564,0.4674290848563416,0.5889240796978612,0.2597820203581911,-0.40301638336710965,0.7440352806338915,-0.45671178020400305,-0.6924855213554757,0.9290255326250403,-0.11229376960000081,-0.046139526761912464,-0.14556496331492497,-0.6745662658829872,-0.12886576566744523,1.2427982923392307,0.0,0.0,0.0,0.0,0.0,0.0,0.0,0.0,0.0,0.0,0.0,0.0,0.0,0.0,0.0,0.0,0.0,0.0,0.0,0.0,0.0,0.0,0.0,0.0,0.0,0.0,0.0,0.0,0.0,0.0,0
26.11061703783846,0.47261571037215677,1.614298069483734,52.93251054000556,0.6777882705041878,2.5516027153301692,20,-0.012721218243726184,1.074584404165286,-0.35079848488156173,-0.8496934980242443,1.0384091902797152,-0.11163794717315767,-1.3076881557712134,1.4470947326423342,-0.23101792438680846,-1.4022137425214964,0.6589746995709369,0.6622071935044502,-0.5465146422100524,-0.09810010143227288,0.5852271905291992,-0.9810670764553109,-0.6642623899921674,1.62947778535586,0.21638298645377674,-0.3246495693418936,1.1455413514855266,-2.0372572044395056,-1.1482138883934248,1.810969378486213,-0.1966320936348076,-0.8403156363231687,0.9847651663618997,1.4960389924633972,-1.1108603694965993,-2.0339801145547085,0.17904936006981487,0.8711382945209749,0.6347521753280283,0.5748012156944071,0.18092515168214973,-0.24614740547727365,0.1410324836038903,0.5668943700576747,0.0,0.0,0.0,0.0,0.0,0.0,0.0,0.0,0.0,0.0,0.0,0.0,0.0,0.0,0.0,0.0,0.0,0.0,0.0,0.0,0
25.824843399275096,0.4198246991681724,1.487131317171965,53.034685979248074,0.5829552734813092,2.7150633280822305,23,1.0646993470849075,1.028062398547405,-0.5828444764893987,-1.5113238362250527,-0.7090021983666794,-0.5793702865940844,0.608728982182619,0.3966862985172597,0.3496632894562559,-0.1449588865875242,-0.09648491613715038,-0.3699940270872233,0.2907704739842245,0.7613133404582584,0.22697623181491267,-0.1012537260740558,-1.0979991371112163,-0.22074924740557123,0.5388316474593751,-0.16936620695148008,-0.2945266275152605,0.7409524495540225,-0.31948622948414496,-0.948514472611663,0.5985454443496252,0.12046631656257745,0.2417526898100988,0.7025931667061158,0.029505460343372647,0.42911758647473874,-0.44294444389914744,-0.07307353221082735,-0.3063286090729562,-0.9437792941096248,0.18161968374828774,-0.8038089704980962,-0.6161011957999989,0.7798855211725879,0.3437643468501612,0.29039683037168373,0.0433401842799519,-0.9501830133654039,0.9739639718988968,0.6449018409715279,0.0,0.0,0.0,0.0,0.0,0.0,0.0,0.0,0.0,0.0,0.0,0.0,0.0,0.0,0
26.116413160255476,0.3977884329684205,1.6562111150863963,53.25297700515862,0.43417621825673847,1.6164015957446622,11,0.36981523118111426,0.02835098883706877,-0.8291269222192597,-0.4189375406934843,0.5662077126681737,0.10673703658811462,1.0900034024182226,0.16056669568894932,-0.722229170242553,-0.694408562770441,-0.45040984771671333,0.8100106896670525,0.17526746569074092,0.23590990632676778,-0.14276943603521985,0.5477667113985234,0.12634943805631593,-0.9171949251569487,-0.3153537350035016,-0.6992066705877136,0.0,0.0,0.0,0.0,0.0,0.0,0.0,0.0,0.0,0.0,0.0,0.0,0.0,0.0,0.0,0.0,0.0,0.0,0.0,0.0,0.0,0.0,0.0,0.0,0.0,0.0,0.0,0.0,0.0,0.0,0.0,0.0,0.0,0.0,0.0,0.0,0.0,0.0,0
25.869609287788116,0.6815271365597658,2.102953132847812,53.162129432130094,0.8056026319741808,2.7022022030844255,11,-1.393538904573692,-1.412076922353684,1.5421902085814807,1.0834906310462102,0.06033453770723085,-0.8235070192092593,-2.037974769088194,0.14330905300079877,2.102953132847812,-1.301176986238147,-0.12399741173922507,0.33946035903337446,-0.6586689765119509,1.9521341335458757,-0.4508819538510451,-1.1590560341667455,0.17702829556206368,0.3651055762826445,0.03962065173969265,1.2045581683892763,0.0,0.0,0.0,0.0,0.0,0.0,0.0,0.0,0.0,0.0,0.0,0.0,0.0,0.0,0.0,0.0,0.0,0.0,0.0,0.0,0.0,0.0,0.0,0.0,0.0,0.0,0.0,0.0,0.0,0.0,0.0,0.0,0.0,0.0,0.0,0.0,0.0,0.0,0
26.16440618455267,0.3792172567868177,1.2766729645624366,53.001056681048865,0.6517914875223955,2.4252320510540315,25,-0.9644757340694383,1.4190895229136018,1.106074976415421,-1.9469742335309164,-0.8810855677778235,-0.4077652953941069,0.3892267330670194,0.7579002377068633,0.5272990322467805,-0.6018365930137648,-0.9849211201273604,0.8703085888851092,0.4512193791788164,-0.1339753593983275,0.011093322186319199,0.8637626284538271,-0.5803036668077652,-1.28689355686479,0.44441647813872365,0.6301905341668075,0.2612637881631308,-0.11742841413855132,0.4780808639372722,0.5178396980207935,-1.057924298709775,-1.5703602859469754,0.3803881883784328,0.18611076878462285,-0.23647222029451953,0.25508486013683296,0.16021485963601023,-0.404344064119428,-0.3925773461651083,1.357345220812583,0.2113759163185378,0.007651391173155275,0.8436266812938626,0.3761358644338628,-0.6953916862374854,-0.9902371898698519,-0.025661502539449543,-0.2533282432706585,-0.46425155624294234,-0.3878153083335505,0.971696321479552,1.800579221212793,-0.12201720608469557,-1.2206469315963773,0.0,0.0,0.0,0.0,0.0,0.0,0.0,0.0,0.0,0.0,0
26.00453243971313,0.4904316311766172,1.5998452893449873,52.87100180979463,0.34103896401614187,1.2808562150439684,12,0.12759627046950683,-1.0446994891663053,0.5794123009238596,0.8055690790469185,-0.4551137476653757,-0.25802808528651155,-0.13618614677537622,-0.22485784975702217,-0.5794518346579167,0.05638270568455539,0.8145526955151041,-0.6152225755656033,-0.17043803099845434,0.679689452916449,0.47679474215473405,-0.4549725951157839,-0.6184304451990457,0.16978953013495612,-0.9315725217186568,0.03888598033323376,0.05807281565286715,0.07756461984835283,0.0,0.0,0.0,0.0,0.0,0.0,0.0,0.0,0.0,0.0,0.0,0.0,0.0,0.0,0.0,0.0,0.0,0.0,0.0,0.0,0.0,0.0,0.0,0.0,0.0,0.0,0.0,0.0,0.0,0.0,0.0,0.0,0.0,0.0,0.0,0.0,0
25.891621988119226,0.6073643876975707,2.319896131796856,53.06192734866407,0.8783194858789017,3.239561222932352,20,1.7218144310425316,-1.4841701490655694,0.08185199297597734,-0.17328615829853788,-0.7576377817999536,1.5321795385228185,-0.5852136595809903,0.4345019808308095,0.7526198517865872,-0.7117346835401364,0.23712682551366626,-0.7527779659754401,0.04647541104138142,0.44243441456487176,-0.928287673846814,0.3124592649684885,1.085162411811357,-0.4175998262496776,0.41282918668283486,-0.6653799905268869,-0.03603505602557533,1.5880153645250417,0.132518360110069,0.6516380662522678,-1.2174084936472056,-0.36138506436820705,1.0460179738837958,-2.8781761585641448,-0.9064414429798688,2.66171793664617,0.861530265726774,-0.4622258463364304,-0.763295655620361,-0.9883848043374215,0.5446872417536675,-1.0439210845711244,0.5915819429689826,1.478836620522742,0.0,0.0,0.0,0.0,0.0,0.0,0.0,0.0,0.0,0.0,0.0,0.0,0.0,0.0,0.0,0.0,0.0,0.0,0.0,0.0,0
25.823502139123427,0.635086077922315,2.4888703482153076,53.069471672308104,0.7588346272354254,2.845625319728576,13,-1.4923294367120299,0.632367321174037,1.094229961940222,0.1446233390429157,-0.7152190334075108,-1.856444023692795,-0.21758111536733438,0.9198560285617603,1.1139190069558786,-1.9090373245975414,-0.6175635460019961,1.4736685099761644,-0.019132908930341586,0.940065365406042,-0.16028140832987958,-0.6729516675982978,-0.15219333560223447,-0.25140035715586606,0.20230834748436877,0.2547670753818352,-1.5250268802444502,1.0369092007349323,0.6866041965054528,-1.2220393678196757,0.0,0.0,0.0,0.0,0.0,0.0,0.0,0.0,0.0,0.0,0.0,0.0,0.0,0.0,0.0,0.0,0.0,0.0,0.0,0.0,0.0,0.0,0.0,0.0,0.0,0.0,0.0,0.0,0.0,0.0,0.0,0.0,0.0,0.0,0
26.202660444603055,0.6073093349151422,1.912113989622405,53.12175432250473,0.6078023568872524,2.009306517179432,8,-0.5625819299892072,-0.6269254858712756,0.2850540733710645,0.5436257074890349,0.7112318828192308,-0.23601099404267956,0.2188219591175411,0.5736340227873242,0.10990676506256847,0.5800479179359144,0.5870993092520003,-0.3289416886884382,-0.39389579456321044,0.8769515516982764,0.0,0.0,0.0,0.0,0.0,0.0,0.0,0.0,0.0,0.0,0.0,0.0,0.0,0.0,0.0,0.0,0.0,0.0,0.0,0.0,0.0,0.0,0.0,0.0,0.0,0.0,0.0,0.0,0.0,0.0,0.0,0.0,0.0,0.0,0.0,0.0,0.0,0.0,0.0,0.0,0.0,0.0,0.0,0.0,0
26.127159009807794,0.3550066669607736,1.3113186536761923,53.235177376715804,0.6368798722813215,2.9264103807691697,17,0.8781994957855765,0.33154458033193634,-0.8164576459579926,-0.2601460858028446,-0.2068983525971717,0.1091525624305234,0.5428397919850241,-0.23917680606609082,-0.4562027088169387,0.17473404963642736,1.0131762687772436,2.1440543019592937,-0.9359727171270933,-1.9091249264079977,0.35220478622661844,0.2669301276988918,-0.7275507227757174,-0.1658186824823531,0.628846817864968,-0.5606723429001264,-0.11399788819645451,1.2454448292709799,-0.16579980080148005,-1.2681223869744045,-0.2226258182552563,1.076974655495114,-0.06813620224132677,-1.1114092376072051,0.46019141481601267,-0.5006124168620687,0.17329322285841187,1.0602949819041854,0.0,0.0,0.0,0.0,0.0,0.0,0.0,0.0,0.0,0.0,0.0,0.0,0.0,0.0,0.0,0.0,0.0,0.0,0.0,0.0,0.0,0.0,0.0,0.0,0.0,0.0,0
26.08104078074985,0.5104901396685716,2.2390632845095197,53.08216550410664,0.67984794491526,2.2543984650422644,25,0.43757531280923345,1.666373386924512,-0.5563608330259449,-1.3594115872194195,2.1279483529637346,-0.6403124893566172,-2.2390632845095197,0.6223243291817582,0.8318866500063571,0.12406176548469716,0.5667452669668052,1.508012370375809,-0.05345918287149587,-0.5041092122792179,-0.0925218932069427,0.17815552340439922,-0.5842852551973046,-0.26203757942836603,0.8341586672792367,0.10101602341482163,-0.21884892776740728,-1.307460638556499,-0.3505457365708544,0.3915839769814653,0.014140570033056576,-0.6330505261360528,-0.27225170267098164,0.6235418259892143,-0.3028646891088336,0.7156744171774179,1.07340150065588,-0.4396173648979982,0.03752850906140637,0.9415180273184376,-1.0981585673157284,-1.9623172889500111,0.3651619879418675,1.3133233143403729,0.005180974343630851,-1.3988329220540479,0.05538365635930731,1.0739834168343663,0.04847539116394728,0.5169255627062697,0.4412832915292988,-0.7638687915045566,-0.8470393850664628,0.6125033367289419,0.0,0.0,0.0,0.0,0.0,0.0,0.0,0.0,0.0,0.0,0
26.09473547270564,0.5318725574287854,1.700533433692577,53.222944777389934,0.7469865861386169,2.724367992194857,12,0.3144613141722381,1.5445707684165626,0.4904017880625382,-1.012059306354523,0.38214385019774966,-1.712308685840334,-0.09521761420522878,2.135847109155172,-0.9873582108326531,-1.8813294529937608,1.333762959716985,0.2632316567277684,-0.5817924768221197,0.7126919197844899,-0.6417152611082706,-0.24335057885825506,0.04208489896286238,0.7374796726397648,0.4033735820932485,-0.3133540025467454,1.0403886034552272,-0.4957201787726362,0.0,0.0,0.0,0.0,0.0,0.0,0.0,0.0,0.0,0.0,0.0,0.0,0.0,0.0,0.0,0.0,0.0,0.0,0.0,0.0,0.0,0.0,0.0,0.0,0.0,0.0,0.0,0.0,0.0,0.0,0.0,0.0,0.0,0.0,0.0,0.0,0
25.960634037101922,0.3563192724587634,1.3055894024764818,52.618709656367116,0.8641758231393076,3.680791383413329,21,0.5795611229154574,0.905269445986356,-0.9545001535582358,-0.3382669334941042,0.7052139485972866,1.0839519962149282,-0.7445336114359478,1.874246354523315,0.5422832996089966,-1.276806522897573,-0.06195235169787594,-2.403984860515756,0.026985541727977846,0.5817782894422763,-0.2971120894957835,0.1750468693500764,0.35301321367418836,-0.3650696495129324,0.03909202950902113,1.178150535365404,-0.9140792294061093,0.4089866328003211,1.1395742913106517,-1.2173895459618933,-1.0422062220683337,0.8559497911493779,0.179282685713666,0.3546058387546154,0.5596600859323395,0.38301010655997203,0.1779721696717651,-0.4342963726900493,-0.18894125166477238,0.13943660681886172,0.052764701519965485,-0.2942494073437132,-0.7311240117777373,-0.7814299376049476,0.30650646419531924,0.1749483011881452,0.0,0.0,0.0,0.0,0.0,0.0,0.0,0.0,0.0,0.0,0.0,0.0,0.0,0.0,0.0,0.0,0.0,0.0,0
25.975342076035986,0.47762399407472983,1.3106130732939114,52.7946511880935,0.7925286676204317,3.1607208972951426,12,1.2106641757793213,0.7394566404251606,-1.2057913334223116,-0.9895367782568911,1.1134670115137695,-0.10839476689461947,0.10234450244945137,0.5750723913810134,0.08992871697368088,0.047943308680963526,-1.0967260053945438,0.7458042757544803,0.6028726046379589,-1.5354450518492229,-0.38246105068847314,2.728127736040328,-0.14298442524139432,-3.1607208972951426,0.4652336426125956,1.6162664587496423,0.3850188579196292,-0.410514088447151,0.0,0.0,0.0,0.0,0.0,0.0,0.0,0.0,0.0,0.0,0.0,0.0,0.0,0.0,0.0,0.0,0.0,0.0,0.0,0.0,0.0,0.0,0.0,0.0,0.0,0.0,0.0,0.0,0.0,0.0,0.0,0.0,0.0,0.0,0.0,0.0,0
26.155410723461358,0.5971464347465414,2.262539950211174,52.98383927465084,0.9331019893278663,3.68565610377199,23,0.31121350297614825,-2.435074660278424,-0.21710898095813747,2.4158747719403877,0.15520553703168716,1.0879348311758434,-0.0421649466614582,-2.9948540020563783,-0.9074319946630958,1.0434051228524126,0.296314967682882,0.08148340721712799,1.0567372111317468,0.25519394974136844,-1.1620236216446358,0.055669294342450826,1.1992601802047567,-0.8780251299100499,-1.1355444725581059,0.5691538898727089,-0.8151735501216777,1.3632648189798644,0.9001369650357951,-1.0703030343990108,0.5469248892771397,-0.03032296413667268,0.4084412220818301,-0.8662373464258408,-1.5706801842943818,1.6429508231093664,1.1530878117142684,-1.2448501359583446,0.03244042323923324,-1.4665719482966466,0.20412728261035795,1.9762703214922865,-1.9863003371956331,0.22938574055868344,2.1640139523821027,-0.8045902643453005,-0.6079638091861845,-1.5466786464100153,0.008872564304677866,0.8927594910252736,0.0,0.0,0.0,0.0,0.0,0.0,0.0,0.0,0.0,0.0,0.0,0.0,0.0,0.0,0
25.94715746971077,0.6142894301853984,2.919255021398932,53.24335541944856,0.773667120261916,3.9056333657722178,29,0.16434609750995577,-0.8447300780203193,-1.5620475076056586,-0.8978537830461448,2.863649399579007,1.8354681992467619,-0.7707708193958389,0.5451849537447018,-0.6589522093821998,-0.7223800694545943,-0.17865410119741298,-0.34121635163369035,0.31450346772682636,0.7994851904007305,0.6062641438493976,-0.4382674926708461,-1.30448223020219,1.4152611140786462,0.8752502531452926,-0.36241267992454596,0.9561131458785077,-0.218576228035964,-1.452294104215241,-0.16141915425073705,0.607165687365729,-1.6383212229290862,1.0614623882470546,1.5625288932032433,-0.7855790927834931,-0.22933419552482093,-0.25311390460266026,0.1840790165956676,0.19035631721177282,-0.0910521932624846,-0.4537508949593523,-0.03187751917199222,0.850248310156573,1.7984831053612282,-0.8494806541018249,-2.2216417116012153,-0.7799257929178829,0.8100184406250008,0.783939252397758,-1.1258617528746697,-0.28771571296812226,1.0093051153213395,0.34277025883963574,0.1189426450758333,0.011054976558401819,-0.4599150504776901,0.7282536294427686,1.043856692192925,-0.2510652365702626,-2.0428183829895374,-0.21601361954449416,0.31764407575375486,0.0,0.0,0
25.96474365371325,0.4225136125653786,1.819707067073697,52.92004486943217,0.751817937238809,2.2355697936284784,15,-0.1250579294668377,1.124439193434263,0.34199640988908797,-0.23428527254340992,0.5007056530858165,-0.6767110800741492,-0.5914730133316226,-1.3237252164686808,0.46329096595433583,0.9521646406800457,-0.7181438894278678,1.2834051529484327,-0.3338512454569944,-1.0899787526108682,0.5967767988438091,-0.6946474802338471,-0.4647863429361543,1.774866081324106,0.6930531167377438,-2.2202703607737035,-0.5490379325446142,1.2084618406832774,0.1623928645778534,0.5368164102328095,-1.0779283894901859,-0.34562387225518165,1.0578390529478128,-1.0940585072762516,0.0,0.0,0.0,0.0,0.0,0.0,0.0,0.0,0.0,0.0,0.0,0.0,0.0,0.0,0.0,0.0,0.0,0.0,0.0,0.0,0.0,0.0,0.0,0.0,0.0,0.0,0.0,0.0,0.0,0.0,0
26.08037947964095,0.282458845243852,0.7673281718031184,53.12453368917054,0.370912917544107,1.0702123609919099,6,-0.3069721850639553,-0.5400456378041838,-0.2790343309559091,0.04978608063131418,0.39822708518423156,-0.14364551152707605,-0.5795487409674855,1.0702123609919099,0.744282800799219,-0.6238801413023154,0.0,0.0,0.0,0.0,0.0,0.0,0.0,0.0,0.0,0.0,0.0,0.0,0.0,0.0,0.0,0.0,0.0,0.0,0.0,0.0,0.0,0.0,0.0,0.0,0.0,0.0,0.0,0.0,0.0,0.0,0.0,0.0,0.0,0.0,0.0,0.0,0.0,0.0,0.0,0.0,0.0,0.0,0.0,0.0,0.0,0.0,0.0,0.0,0
26.159583696384182,0.3308519120652859,1.009043320932065,53.40376323288778,0.7682794448150327,2.567654122234906,8,-0.2843896633314955,-1.0587312563150633,0.012062072919050593,-1.4764096995394667,0.027592977722413536,1.8276846119603647,-0.39505017018163713,-0.029797224934277722,1.009043320932065,0.7697667352088189,-0.11302550040064929,-0.3773991561141159,0.03360986010334699,-0.7584799785677703,0.0,0.0,0.0,0.0,0.0,0.0,0.0,0.0,0.0,0.0,0.0,0.0,0.0,0.0,0.0,0.0,0.0,0.0,0.0,0.0,0.0,0.0,0.0,0.0,0.0,0.0,0.0,0.0,0.0,0.0,0.0,0.0,0.0,0.0,0.0,0.0,0.0,0.0,0.0,0.0,0.0,0.0,0.0,0.0,0
25.928667101760766,0.47490291495151826,1.6618789471748485,53.024968600736216,0.5122830429358164,1.903059654130388,16,1.104806052822262,0.9855548237448133,-0.17197758033601573,0.12785639216671285,-0.6195803845911421,0.7896484382188618,0.4538279460096355,-1.1671001507830496,-0.007992424273830068,0.812384490594269,-0.45256632131531305,-0.5013334253070383,0.24562625455715192,0.47055164011316464,0.08943758610020325,-1.3358955459071353,-0.4600782388924465,0.9445992065297588,1.0110891968545737,0.22752897070726164,-1.6618789471748485,-0.6958793615667886,1.3270772221000797,0.7020535298135755,-0.9476527784409541,0.07601185374380748,0.48741633833106945,-0.7950253871522577,-0.6773368095402645,1.0346060183689971,0.0,0.0,0.0,0.0,0.0,0.0,0.0,0.0,0.0,0.0,0.0,0.0,0.0,0.0,0.0,0.0,0.0,0.0,0.0,0.0,0.0,0.0,0.0,0.0,0.0,0.0,0.0,0.0,0
25.951229743781855,0.4691188039508163,1.7130778387907988,53.10039543719217,0.9229568968947621,3.3197769105495425,8,-0.6473548914316112,-1.7551586601226532,1.7130778387907988,-0.7353450540582784,-0.8782883969409738,-0.0768890466838954,-0.09605937271395248,0.13487822808571082,0.192963102862997,-0.8872623777704263,0.3443592553705166,1.2333609056971397,-0.14443621245709792,0.5948831189738684,0.0,0.0,0.0,0.0,0.0,0.0,0.0,0.0,0.0,0.0,0.0,0.0,0.0,0.0,0.0,0.0,0.0,0.0,0.0,0.0,0.0,0.0,0.0,0.0,0.0,0.0,0.0,0.0,0.0,0.0,0.0,0.0,0.0,0.0,0.0,0.0,0.0,0.0,0.0,0.0,0.0,0.0,0.0,0.0,0
26.192696741691307,0.40824911057150953,1.3190399969783506,52.903058791447954,0.7925622359562837,3.15925891358458,15,-0.8266426972413647,-0.9911329328229073,0.1337974138837872,-0.3178589460828931,0.17682383772780952,1.3387323976884176,0.622750898896328,-0.21802930942576637,-1.2210648745636945,-0.3463091461141943,0.7297640430529206,0.19523565117761876,-0.15214197281471442,1.4894661587775246,-0.47623051128934435,-3.15925891358458,1.0671792662972592,2.25560491207861,-0.12349899978375944,0.16209985137348326,0.27396817151598896,0.10016236448253579,-0.17903699882229063,-1.876862458515852,-0.5850015819121239,0.8681289768544929,0.3046125136067772,-0.03996002514139718,0.0,0.0,0.0,0.0,0.0,0.0,0.0,0.0,0.0,0.0,0.0,0.0,0.0,0.0,0.0,0.0,0.0,0.0,0.0,0.0,0.0,0.0,0.0,0.0,0.0,0.0,0.0,0.0,0.0,0.0,0
25.77744644266811,0.38762343307240354,1.2315567423942113,53.296338608024,1.0236364770474864,2.8383519163602173,9,-0.6875135660718996,1.2145374080268283,0.23256072060627275,-2.3736278960545576,-0.39682711364342893,-0.46472402030565974,1.0430073290534239,0.24414267623290442,-0.35582278145870205,1.3171406760303341,0.06254241002111272,1.0861655293019936,0.4818297847783768,-0.032770534209987545,-0.9015941794719744,-0.6883384882207224,0.0,0.0,0.0,0.0,0.0,0.0,0.0,0.0,0.0,0.0,0.0,0.0,0.0,0.0,0.0,0.0,0.0,0.0,0.0,0.0,0.0,0.0,0.0,0.0,0.0,0.0,0.0,0.0,0.0,0.0,0.0,0.0,0.0,0.0,0.0,0.0,0.0,0.0,0.0,0.0,0.0,0.0,0
25.951045687186273,0.4378477672647938,1.8993410506280561,53.19103881127446,0.6120065347075194,2.1444662212467946,20,0.8202170430871618,-1.7984711769896293,-0.2830508913012153,0.7613488299940485,0.3715543306422511,-0.807517401031788,-0.8010323699979374,0.8093952023041595,0.8093398106477316,0.4291932563250498,-0.2445911187243297,-0.8080415811175712,-0.34659221261773965,-0.3979524043290823,1.0763746376806935,0.3586366533556884,-0.7457891681929034,0.5268775411894993,-0.3196268593549263,0.26510810314518807,0.4037913566593119,-0.48754893470297134,-0.613760381972849,-0.2692154193665459,0.3848588228538006,1.086645973319314,1.1029279400908756,-1.5243334035307683,-1.8993410506280561,0.17147906788056844,0.6206850134890125,1.7647580140510755,0.19031606284272584,-1.512354252684581,-0.10940454205979222,0.6046347909684826,-0.06712302730368691,-1.2367467595306962,0.0,0.0,0.0,0.0,0.0,0.0,0.0,0.0,0.0,0.0,0.0,0.0,0.0,0.0,0.0,0.0,0.0,0.0,0.0,0.0,0
26.103468442182248,0.49332722103955245,1.9134881130817867,53.20042132401731,0.6854154747950919,2.5492342810938027,22,0.6204285143365524,0.8669702811688964,-0.6777375351463988,0.011864750352252429,0.44082255641758294,0.6307686542540125,-0.6541302641919096,-1.3463270449622868,0.266529090958354,-0.09676107960092395,0.2901870503669386,-0.439972357752751,0.9483961064479693,1.0024052051869887,-0.8569226484316523,-1.6685790039648296,0.7769322227034685,1.859479232874719,-0.7171725120878953,-0.1506018007974177,-0.3037037680829293,-0.002211935525934905,0.9632203835378164,-0.35747597276522924,-0.551169450263636,1.1158024088233987,-0.5398696079780656,-0.5287878256833807,0.5566465266415044,-1.1832565254420473,-0.3815831046539522,0.014318513342438166,-0.8482197231318445,-0.23239581097359263,1.4625036777184555,1.144765716952186,0.07948044818815703,-1.241137803212439,0.3715039871751742,1.6668248518586495,-0.707899168898507,0.19166493180975408,0.0,0.0,0.0,0.0,0.0,0.0,0.0,0.0,0.0,0.0,0.0,0.0,0.0,0.0,0.0,0.0,0
25.62017217462987,0.4325734004252494,1.506435545462974,53.29007153609635,0.8740502760538317,2.6554882644574107,11,0.009614649409030562,-0.9325201179717411,-0.9528077217141728,1.302881053532687,0.4375788938354681,-1.5413438377882898,-0.17473631365770004,1.880251687961234,0.2608051153565114,-2.6554882644574107,-0.1556151656007181,2.318074141395485,0.03383968638943813,-1.7785711001510052,1.086735371320394,1.8713093700323,-1.506435545462974,-1.5303753624768035,0.8626207178540426,1.258129502271764,0.0,0.0,0.0,0.0,0.0,0.0,0.0,0.0,0.0,0.0,0.0,0.0,0.0,0.0,0.0,0.0,0.0,0.0,0.0,0.0,0.0,0.0,0.0,0.0,0.0,0.0,0.0,0.0,0.0,0.0,0.0,0.0,0.0,0.0,0.0,0.0,0.0,0.0,0
25.95781758741363,0.4072234201152715,1.2910978915344131,52.82084828373786,1.041556120596386,3.786345585983703,27,-0.524931430330998,-0.8269578120776941,-0.7173180841980695,2.4973589098521813,0.9854559664168221,-0.3691315496206258,-0.7624404216194591,-1.2771098102971976,0.18177821974905228,1.253096986353377,-0.11988480293408088,0.6516202963252908,0.6355007924799878,-0.7269605641702412,-0.6818980110995021,1.7418983413140765,-0.12038782212966836,-2.6316517815560445,0.09149132882514621,-1.1077146886299616,0.16679618529190066,0.659751967042908,0.6032240751967173,-0.706731082840605,0.20620172485241994,3.5466234932536835,-0.007162346460312108,-1.7150707161521197,-0.4647517120056577,1.5552340735369583,-0.012900959248465682,-1.8349244426056899,-0.06158333156852791,-0.4404278875747494,0.3139382382507563,-0.6599892155173066,0.3377207675372844,1.0666571582762643,-0.6353456804524562,0.9927696633737639,0.34186677415581457,-0.8550567050434381,-0.886533100567295,-1.0983162738266472,1.0465526507236618,1.8005057518406673,-0.3183033756807667,0.14853840476245495,-0.624325265123705,-1.0949218652758717,1.0509334940806063,-0.10015999974393708,0.0,0.0,0.0,0.0,0.0,0.0,0
25.987822016944968,0.6202268364600039,2.8024963056992753,52.95467401098966,0.9555715738392957,4.944583813687551,27,-1.71063099876271,0.9850509748799468,0.5726273574418954,-0.948713094573435,-0.0506612371276276,-1.674274644820997,-1.1370582825279882,2.2774852732981614,-0.26310866113885467,-1.9792243011660062,1.2177190734627459,1.795846338558242,-1.4313835570467361,-0.7886015063980594,1.599056444234506,0.8030940554186827,-0.5473572300251881,-1.3409028727396475,0.3665547793111834,1.7775552651300828,-0.15630599262304656,-0.5925728622734141,0.02669312418347758,-0.3054500202617021,-0.12617097852613668,-1.0804379566635731,0.08855760617834818,2.804228292963529,-0.1177583702109608,-2.173862045497991,-0.7112792273159343,0.9357867954256207,0.49130743696109747,-0.9694557786698113,1.2818146579599379,3.7810951365634367,-0.9278274496866352,-2.9024548843483586,0.4141668568121837,-0.6112873305840765,-1.0627963446343074,0.9763572720699685,-0.008704754233939127,0.11544239964534597,-0.10144989494486012,-0.2843702893987654,-0.06415828288172065,-0.574493103040524,-0.1453147531840031,0.6112196928368121,0.9278065285021242,-0.47667898137570575,0.0,0.0,0.0,0.0,0.0,0.0,0
25.9332886240268,0.49502403946147727,1.800126115267279,53.05670126927057,0.8037646913821895,3.1900624556313275,29,0.8253079632903919,-0.7129374203809178,-1.0277186571385393,-1.4139532245611477,1.3944838819183367,1.1816392823254631,-0.33625865099966035,1.0915832423744263,0.5707021774425378,-0.2084732044252604,-0.5162548982066504,-1.450482028329823,-0.33762079268400313,1.5979389485712971,-0.5569205908723163,-0.5658471500454283,0.5908565450493697,1.084210517152023,-0.1965948372344961,-1.5720054335492861,0.57963097417759,0.06476394226159954,-0.3963265522653252,0.5856600775769465,0.5130086136650505,-0.4262022478715721,0.3744605784506412,-0.3646545878426224,-1.3839592212215734,2.171931097433564,0.7057374353660713,-0.336381664356459,-0.02256803756572978,-1.9046991617660538,0.1809843161708251,0.9441876979642814,0.18621381318400054,-1.4018269477001581,0.45055136089261083,2.5865543664145676,-1.3486148968096003,-0.7528719697698705,-0.2313074271706128,0.19481300176456529,0.8803004088972735,-1.0041607052380854,0.13049959224994723,1.1409920635647026,0.1354065787327592,0.0021231755590704893,-0.7407113544695889,-1.0735998384807743,-0.40837504361302734,-0.7874841914349773,1.3984086686339623,1.2673698389220291,0.0,0.0,0
26.027426479258583,0.4250948599052609,1.8892428804231827,52.855011549315144,0.7068778460302004,2.359131214199877,19,-0.3020316793270865,0.05517483378959298,0.11274446159437446,-0.5582523035963689,0.3612094225944169,1.60760173780956,-0.37961033074086714,-1.7535508827976187,0.656875657830085,1.0689575994661595,0.06906815942370415,0.07639085669799073,0.8493635473835255,-1.0898158395930722,-0.6273539070205132,0.8173809244717702,-0.44128843689752273,-0.7861891417003548,-0.4316836774980466,1.8405397182405139,0.4570058241708388,-2.0238603296257267,0.016424304121176903,0.3879086741954012,-0.41995452446100856,-0.4562623312988947,0.6485222428792703,-0.1067789748095791,-1.0909147057173776,2.359131214199877,0.5768490895721854,-0.8387524935757824,0.40012914742745664,-0.3219849985696115,-0.42172130345475267,-0.6374963112379746,0.0,0.0,0.0,0.0,0.0,0.0,0.0,0.0,0.0,0.0,0.0,0.0,0.0,0.0,0.0,0.0,0.0,0.0,0.0,0.0,0.0,0.0,0
26.0633658275718,0.4740601080688818,2.110813288442987,52.84220563004562,0.7302664584685803,2.411664859553291,24,-0.7892202911916257,-1.1953492307138802,0.6046102919615137,-0.5997266389999254,-0.7266055616838649,1.6499432568402312,0.45451312301997504,-1.42853657496277,0.1740547243662789,0.32405152001396687,-0.29398846500461673,1.04380647365101,-0.5105703295770994,0.5892967753256286,-0.35378082799761046,-1.0604939381542522,1.114733515873386,-0.7363529643295053,-0.4149669783837524,0.8477485615411595,0.03505677696882614,-0.10051017288257924,0.8515093452276616,0.3118253514193299,-1.2231688541049799,-1.0561522936928753,0.8432906535484186,0.2922780417924429,-0.739032339056422,1.488565714948443,0.28020249092943317,-0.20984589095622397,-0.4542971650835774,0.3222693781536776,0.17060491559962188,-2.411664859553291,0.5789675949389448,0.771490615259431,0.44037596877866036,1.5016318876114525,-0.4352460865197294,-0.31886190634007505,-0.058833361653789495,-0.14802102252100724,1.1216168113802851,-0.6157550114262236,0.0,0.0,0.0,0.0,0.0,0.0,0.0,0.0,0.0,0.0,0.0,0.0,0
25.69067286180972,0.3758779659409672,1.179638941976986,53.08072044960611,0.8827089725483709,2.5347209684789505,5,-0.6464453037820981,0.6726180271522182,1.179638941976986,1.8621029413267323,-0.6565935451636946,-1.3964038440315534,0.12555273840926162,-0.7969418142889069,0.0,0.0,0.0,0.0,0.0,0.0,0.0,0.0,0.0,0.0,0.0,0.0,0.0,0.0,0.0,0.0,0.0,0.0,0.0,0.0,0.0,0.0,0.0,0.0,0.0,0.0,0.0,0.0,0.0,0.0,0.0,0.0,0.0,0.0,0.0,0.0,0.0,0.0,0.0,0.0,0.0,0.0,0.0,0.0,0.0,0.0,0.0,0.0,0.0,0.0,0
25.837451380902184,0.36683430177546944,0.8681143092859109,52.3762908592312,0.47649224337394414,1.2550134097733974,5,-0.07945239767516199,-0.9088350248787336,0.7799244012311206,-0.30565899523936935,0.08818990805479032,-0.0050719919678314795,-0.18455671471491897,-0.03544739768746297,0.0,0.0,0.0,0.0,0.0,0.0,0.0,0.0,0.0,0.0,0.0,0.0,0.0,0.0,0.0,0.0,0.0,0.0,0.0,0.0,0.0,0.0,0.0,0.0,0.0,0.0,0.0,0.0,0.0,0.0,0.0,0.0,0.0,0.0,0.0,0.0,0.0,0.0,0.0,0.0,0.0,0.0,0.0,0.0,0.0,0.0,0.0,0.0,0.0,0.0,0
25.72672498567083,0.4472542592711761,1.3219092782812574,53.01598296539279,0.710562576980375,1.848453641445559,6,-0.5041012311572786,0.9670389773426251,0.8655224873255598,0.5105968391419182,-0.9398287486195507,0.1345165630393197,-0.3820805296617067,-0.38948448820575976,1.0097970153891076,-1.4589691532397993,0.0,0.0,0.0,0.0,0.0,0.0,0.0,0.0,0.0,0.0,0.0,0.0,0.0,0.0,0.0,0.0,0.0,0.0,0.0,0.0,0.0,0.0,0.0,0.0,0.0,0.0,0.0,0.0,0.0,0.0,0.0,0.0,0.0,0.0,0.0,0.0,0.0,0.0,0.0,0.0,0.0,0.0,0.0,0.0,0.0,0.0,0.0,0.0,0
41.61258227576924,12.245460159578034,38.04288234051063,46.19763401635852,4.284402413123569,11.539952410549645,26,-0.7008863823549802,-1.7865577143523552,-0.13204134222221953,0.22105819176206154,1.0204543297239859,1.171209995164297,-1.0040174840934348,-1.38591739717603,2.3698049174612414,-0.7014629772334189,1.419467610989681,-1.9346829593896544,1.9021660049076203,-1.5724265692054402,1.8017497017913762,-0.8916119054400866,1.9985011523575622,-1.6369961659528798,1.8436522761221568,-1.95144452360924,2.104553922922186,-0.5921457302529163,0.9228047954162335,-0.4789746548639826,1.8328446567848715,0.0,1.8094578967619057,0.0,2.0246160489235194,0.0,1.7477438977344022,0.0,1.5289913721129196,0.0,1.578614112837343,0.0,1.939356820009472,0.0,1.4795784033561006,0.0,2.365806478139305,0.0,1.4646503328147134,0.0,1.4992209861339276,0.0,1.4905617441265733,0.0,2.9023023631769718,0.0,0.0,0.0,0.0,0.0,0.0,0.0,0.0,0.0,1
25.983458615862688,0.4258946804248947,1.486164659050484,52.8368172225891,0.6021274388668463,1.8880762858422102,17,-0.668636382966664,-0.3740709115432139,-0.40898774018660333,0.8356230114459535,0.3321978253109066,-0.18590263653950956,-0.33239450894149414,-0.36677983690967864,0.20124851657363507,-0.4535290273948789,0.3832392344838347,0.9073731819191124,0.15533969190189012,-0.29004118478751906,-1.0508982068116595,0.8739331898323925,0.7864116578725984,-0.018592788413229755,-0.2846238640253276,0.3485550031209925,-0.03089953669952905,-1.8880762858422102,0.39054971404594596,1.3282830876589387,-0.34156824591114443,-0.9028192111418463,0.9662949337679407,-0.3943588036619232,-0.09703805929780529,0.6334495790898984,-0.0031167911545111338,1.197845773666657,0.0,0.0,0.0,0.0,0.0,0.0,0.0,0.0,0.0,0.0,0.0,0.0,0.0,0.0,0.0,0.0,0.0,0.0,0.0,0.0,0.0,0.0,0.0,0.0,0.0,0.0,0
26.07998516232251,0.444390170570189,1.7160747925931297,53.0785349685701,0.9268678517019489,3.801384663820201,22,-0.47148449725045793,1.2000934902168083,0.7770694539434935,-1.2971859330934663,-0.35732582839606053,1.2113603595381122,-0.6889780802804957,0.8482804310217773,1.3956810120136112,-2.502710945762459,-0.7996619062470209,1.0880662880777194,-0.12034131555049044,1.9653973553433204,-0.437164430945554,-2.1457548712057104,1.0175354687566767,-0.003840445338617826,-0.33113142012321717,0.5813685416970955,0.05598137646696699,-0.597934466605011,-0.5683847619105045,-1.3986454869322458,0.6708159577179202,2.271610695527592,0.03885651083036379,-2.5081886309633035,-0.7902959161759604,1.268925410181481,-0.374105950449934,1.2993739202359933,0.9991815995099564,-1.2511745422395535,-1.0773600044723324,-0.2697232510572931,0.8626813637217623,1.2583683181047718,-0.29963044131254435,-1.3843029536007592,0.8329551577881134,-0.29688874620605077,0.0,0.0,0.0,0.0,0.0,0.0,0.0,0.0,0.0,0.0,0.0,0.0,0.0,0.0,0.0,0.0,0
26.030909305372976,0.4255028707097034,1.537231639315987,52.834224957354486,0.9145766024290759,3.4738911180872805,28,0.7814607858144633,1.9861557738806255,0.7443788307082606,-0.3419633145107994,-0.8340837915734127,-0.4476652072151168,0.5950023099800319,0.9772691586558011,0.03770551579883019,0.12890550507052012,-0.7391380248614858,-1.0309851904250706,0.5197985882024412,-0.4535635254500292,0.03042079589165425,0.07200798588196733,0.21036326554266793,2.495360583931266,-1.2676681873825792,0.08836934826811671,1.4589915511951155,-1.5153189551221757,-0.3029870423371648,-1.120899057244344,-0.9086224384314185,0.9809778657989909,0.5012918766952588,-1.6442574755474837,0.4828194136786763,2.012281150824336,-0.9574719541938848,-1.046991830703881,0.07627725421554032,-0.17291088271709043,0.4715802353284566,1.7502662499153416,-0.22742256763991264,-0.9055029918605157,0.343551608532767,0.8159403400562155,0.2860458420347207,0.2729846702518728,-0.27535782839901657,-1.0370576945785004,-0.1412704198228525,0.06740272570403505,0.4189209254127775,0.8507451433694229,-0.46622170337164803,-1.2776407855345226,-0.32041872616996514,1.35472914547519,0.9505097479796873,-2.542301749326583,0.0,0.0,0.0,0.0,0
25.869093959491895,0.4901164902011952,1.9143504456612739,53.00418344710251,0.6027241959181235,2.1414919084578017,22,0.2710260401019795,-0.5348039592937184,-0.6961220832807555,-0.03995131084654702,0.7872700470607299,0.39914234136476523,-0.09866548895520211,0.6121850911826883,-0.4522002411499919,-1.2477864178972027,-0.01912759943656539,0.48037293022136396,-0.05079689329532755,1.0563019126926037,-0.34724350017215855,0.601498079927147,1.5883077994019743,-0.8524860764952393,-0.9102374331962011,-0.9646009477241648,-0.5712741541049304,0.40577213659931743,0.6153130948673038,0.4538380452646251,0.1810982841726272,-0.5630086012262296,-0.5289797873215605,0.8026468005868708,0.22669974257039627,-1.1535043815229713,0.8343296977270462,1.8746620101344789,-1.2358990861065102,-1.3606348041955698,0.29309585980543673,-0.4348821749305216,-0.7118997437716921,0.9781754456117895,1.9143504456612739,-1.256600730978569,-0.5825621911669749,0.9016519500618116,0.0,0.0,0.0,0.0,0.0,0.0,0.0,0.0,0.0,0.0,0.0,0.0,0.0,0.0,0.0,0.0,0
26.101398176616435,0.5680477477876872,2.0235623295002334,52.98872180584994,1.068362781368196,4.299478047549606,13,0.4969874188640695,0.9091797219495632,0.5768149108028169,1.3817232068952165,0.3902300401457204,-3.0259656287406003,0.4268667844904357,-1.2735124188090055,-1.1678666019966322,2.2127857302616576,0.2953379954519768,0.592088834213115,-0.613912190022571,-2.103876863382254,-0.13790906927210855,1.9040676600404751,-0.39921246366089846,-0.9358846888988168,1.0379110118432315,0.5391599963640346,0.4372549468766458,-1.0046902511883857,-0.2443135935729508,-0.0492212288378866,0.0,0.0,0.0,0.0,0.0,0.0,0.0,0.0,0.0,0.0,0.0,0.0,0.0,0.0,0.0,0.0,0.0,0.0,0.0,0.0,0.0,0.0,0.0,0.0,0.0,0.0,0.0,0.0,0.0,0.0,0.0,0.0,0.0,0.0,0
25.9115315618993,0.43382589068238603,1.5984454669695012,53.21363599674732,0.6474218969161506,2.155577472665861,15,-0.06972997423091343,-0.6001486340837019,0.6409410101537425,-0.45598276312340147,-0.3758576659747881,0.8518612457932093,0.29565357906545486,-0.8442121953401411,-0.2284175806352593,1.06476912239129,0.26033668773465024,0.7365965527539515,0.051742362479441084,-1.8275083674786785,-1.2012952039555707,1.0144571329182526,0.7423786532203493,-1.1484700583608713,0.39835767495929986,1.3460018034947865,0.23844057124313167,-1.019105641244117,-0.5712795300600959,1.3554840833401514,-0.7562848507360549,-1.3803969382462071,1.546832948342871,-0.49603948708917756,0.0,0.0,0.0,0.0,0.0,0.0,0.0,0.0,0.0,0.0,0.0,0.0,0.0,0.0,0.0,0.0,0.0,0.0,0.0,0.0,0.0,0.0,0.0,0.0,0.0,0.0,0.0,0.0,0.0,0.0,0
25.881035771661384,0.5027892172324577,2.254857112946219,53.05217309556333,0.7462576251319041,3.409118976140306,26,-0.9912328197493459,0.40747325425446945,0.048987281037007335,0.3739784731978162,0.6943565602077975,-1.3834501927427496,-0.28040724124271676,0.8976974538245557,-0.4189545380926276,-0.6982805617407379,0.166940539212046,0.2541783453580919,0.14083044769608577,0.2797392895820252,-0.7471674361140224,-0.13389715241406464,1.1652487657190775,0.5937963770841961,-0.6221676477109419,-0.19878427134958088,-1.152512017429455,-1.5962046147902171,1.3799226277443246,0.12027680184539236,-0.35885014529202763,0.7904852178449175,1.2151967255980907,1.7586735577608934,-1.1371336066113216,-2.1441736759547396,-0.25609917132932125,0.5146952983110751,0.8027880167703145,-0.2624986538750136,-0.584190018984799,-0.014158685705247365,-0.05950441662232464,0.5858273023945131,0.644478792038317,0.9780300258324743,-0.7749843453569838,-0.7558471010520478,-0.20840317515494533,-1.0075994890461502,1.5916358301468954,2.8454083777842385,-0.5732496322468457,-2.1397250318736596,-0.4218540112975049,-0.5246353418745926,0.0,0.0,0.0,0.0,0.0,0.0,0.0,0.0,0
26.128736630632357,0.4989939143289388,1.6553348065634772,52.84841403428871,0.9623347973621719,3.663245574141186,25,-1.266778222977056,-0.8672512668322696,1.1503365899440183,-0.22528848560570935,-0.6144913623198356,1.2308157958071888,0.5450022842103692,0.8745438860593637,0.3053567379995563,-0.01068060754946032,-1.5171864996114017,-0.8141322197106788,1.2041895556397897,1.5184231329626314,-1.3423378625918652,-1.6909838280292746,0.18085977458859048,-0.02699780596555712,0.12188744772789661,-1.943094629073272,0.6535230479851464,1.6960583684622321,-0.2353103796214988,1.0395023872557658,-0.10007598054884781,0.5695570415609694,0.15668568159259877,-1.9153567764215964,0.22252715513555543,1.03398957036827,0.03847926732393958,0.4677013624241937,0.2129593558368903,-0.8285367033019142,0.36293398857615244,-1.8355908885785013,-0.9206985926044595,2.024456365681182,-0.2498632948447188,0.4113124995893145,0.5673125456580514,-1.3670828152634797,-0.8788954727249028,0.5546146913152583,0.2327753420765042,-0.7210732090035066,0.8390425392522012,-1.13172120516127,0.0,0.0,0.0,0.0,0.0,0.0,0.0,0.0,0.0,0.0,0
25.857623476511673,0.5426330866288972,2.2073927524759362,53.169913401206536,0.7686417147302763,2.8453324351935763,22,0.10442416097670204,0.07971939854230214,0.23014955183295882,-0.7035356364523366,-0.25110697216175026,1.3387910382257502,0.22997373315780223,-0.4811537970690125,0.4492625542677402,-0.03247171667967308,-0.6058655605646273,-0.5626119224446242,0.4277073041755841,-1.174922082548818,-0.06085427400632071,1.1317165786341192,-1.5665318660100347,0.2334474076764721,1.0748492997292836,1.3386779847896975,0.8967452741957835,-1.4134079315266277,-0.9401989877503141,-1.0497025958022732,-0.08804895353731723,1.210698238690597,1.0533626503990767,0.632186804173223,-0.4412246233468693,0.36083409411020995,0.651908092786293,-1.4523724064708432,-0.9610299466846222,-0.07414985919536576,0.8334669223009747,-0.9694129258151918,-1.045488787869779,0.6464081267317141,-0.8398050524190168,0.8289270052683833,1.6208632378263097,-1.5653409853574018,0.0,0.0,0.0,0.0,0.0,0.0,0.0,0.0,0.0,0.0,0.0,0.0,0.0,0.0,0.0,0.0,0
26.002012393752377,0.6931896656965518,2.6067302998529556,52.741592321382605,0.8579608782266901,3.1967859100066676,13,1.0353176892867388,1.5349143187340744,0.4627518861644191,0.09876247536687544,0.9838011864420935,0.9345320831622104,-1.1526377346181107,-3.1967859100066676,-0.71962553444477,2.0882708581596674,-0.7344670307900749,0.6388403195404919,1.2616989516102706,-1.0696113572764858,-0.9961459383182181,-0.9411311005220568,0.322673997549888,0.5374963607346714,0.8466024191119459,0.7697637290551498,-0.2959111835408912,-0.4195326932833936,-0.6116349804116155,0.6327106521412773,0.0,0.0,0.0,0.0,0.0,0.0,0.0,0.0,0.0,0.0,0.0,0.0,0.0,0.0,0.0,0.0,0.0,0.0,0.0,0.0,0.0,0.0,0.0,0.0,0.0,0.0,0.0,0.0,0.0,0.0,0.0,0.0,0.0,0.0,0
25.91677210341344,0.6304944410313493,2.2752559436577826,52.97387926028446,0.8826667953388769,3.2718360591908464,11,-0.6676896529531682,-1.4274852849633817,0.2272914088925404,3.2718360591908464,-0.22801672044445098,-1.0249997956508778,0.24096642251569378,-0.5944921951946824,0.08695606836689507,1.395772681571934,0.05153491516214004,-0.7095001866862631,-0.31928320596101756,-0.3259504625402272,-1.6670151792364152,0.21644286017186687,1.9631621682972842,-0.6217646564092973,-1.2829134691260506,-0.6860983588106393,0.0,0.0,0.0,0.0,0.0,0.0,0.0,0.0,0.0,0.0,0.0,0.0,0.0,0.0,0.0,0.0,0.0,0.0,0.0,0.0,0.0,0.0,0.0,0.0,0.0,0.0,0.0,0.0,0.0,0.0,0.0,0.0,0.0,0.0,0.0,0.0,0.0,0.0,0
25.884722644193943,0.45551752923226785,2.1404766123033667,53.04362974350819,0.837814208664096,2.944488603421746,21,-0.20974025551191744,-0.2605078225501174,-0.48241742572635005,1.9018415212117787,0.08626070769199146,-0.7264733604251745,0.3971071162967412,0.8210334190077262,0.13135015216578694,-0.48778743691288184,-0.4235932351441747,-1.325456958597023,-0.037356434275736206,2.3890146271831085,0.33889699872416656,-1.217492443532187,0.6333332593452283,-0.6228841603752073,-1.5110902215421405,0.1704374999246454,0.5908964961274137,-0.5417174064094752,0.5499622613842376,1.2352454200299832,0.562548265525944,-0.3551154147795117,0.43706958926577144,1.7038432970959647,-1.2515066931315175,-1.198944878119434,-0.007294352795018,1.1504795660996905,0.10953742742031025,-2.335436764178972,0.18240335211076086,0.504360669961855,-0.1360053124838032,0.9767368843469058,0.08072770786355221,-0.2409631438885782,0.0,0.0,0.0,0.0,0.0,0.0,0.0,0.0,0.0,0.0,0.0,0.0,0.0,0.0,0.0,0.0,0.0,0.0,0
25.93826553722047,0.5357157896408431,2.004104594750956,53.12343390932749,0.8405803165582093,3.884006451455271,28,0.2262261897345006,-1.6933499132911933,0.32243104200255956,0.9953930450376092,-0.7245211856901008,0.7358404875723394,1.0980688509349434,-2.919750230172035,-1.9301371049268425,3.4153789671449744,1.0893144462510982,-0.7854189486485552,-0.6089311323228266,0.29043861746103516,-0.554350803752385,-0.9035575415296861,0.8527238116948226,-1.0480025618964746,-0.6276991610608995,1.8054283503058457,0.6478724001940677,-0.4933226253867673,0.09809857306363767,0.09176462467906532,0.5418860806207455,0.8443932238133058,-1.3130632720499413,-0.26043448906908395,1.2080151502048544,0.9273388345816116,-0.40518235768298894,-1.4139065505728894,0.46538435166489833,-0.6760533333316943,-0.7303001643203615,0.40223647270590845,-0.45024670586615656,0.4832641755578706,0.05737263027378958,0.48015451716349844,-0.037154063725626685,-1.98631237634536,0.8848108032938882,1.180457253294307,0.4995539346470217,1.2808032334873616,-1.0209367744349613,-1.4798004224327101,0.5970434124565038,0.9369765806972978,-1.076288678196704,-0.3503154621224738,0.8518816536564593,0.3701944634471772,0.0,0.0,0.0,0.0,0
27.14987833714648,1.1832368995722347,3.6284478759249374,51.93026582695697,1.6003810151892481,5.2487632729466895,8,0.10912510817341925,-0.06175894934501969,0.5265510067639916,-1.365958074240723,-0.18472307176289604,2.375313355952912,1.0062962544485572,-1.9108932365959674,0.4964429116787059,-0.7611604305848374,0.3757157833225513,-1.2785444925100649,1.2990398833006083,-1.2981651132558198,0.0,0.0,0.0,0.0,0.0,0.0,0.0,0.0,0.0,0.0,0.0,0.0,0.0,0.0,0.0,0.0,0.0,0.0,0.0,0.0,0.0,0.0,0.0,0.0,0.0,0.0,0.0,0.0,0.0,0.0,0.0,0.0,0.0,0.0,0.0,0.0,0.0,0.0,0.0,0.0,0.0,0.0,0.0,0.0,1
25.93732543924173,0.4186359590818606,1.253390258321943,53.29314009619441,0.3534233056233886,1.0311936405527078,6,0.7659494355372658,-1.0244678410805506,0.3835424479663452,0.253680330827315,-0.13243528652479952,0.00532563455324464,0.04586506075246177,-0.16327138446998646,0.19046860059066972,-0.10246038038273042,0.0,0.0,0.0,0.0,0.0,0.0,0.0,0.0,0.0,0.0,0.0,0.0,0.0,0.0,0.0,0.0,0.0,0.0,0.0,0.0,0.0,0.0,0.0,0.0,0.0,0.0,0.0,0.0,0.0,0.0,0.0,0.0,0.0,0.0,0.0,0.0,0.0,0.0,0.0,0.0,0.0,0.0,0.0,0.0,0.0,0.0,0.0,0.0,0
26.03189705412385,0.4450955227810905,1.891805592791684,52.96579352609852,0.9061439654248019,3.455158663066335,26,0.9187099589026353,0.08946878018573301,-0.8142370771061955,1.019541063660931,-0.12264525126134629,-0.7367883131778896,0.736526043414635,0.5704739388917517,0.3418787140062989,0.876041047857747,-0.3639300379114836,-1.0958293712092342,-0.2336047313017353,1.7335720400813273,0.1446749011644819,-2.603974143044802,-0.08686345401711293,0.8201819455714201,-0.6311889071013361,-0.3109835001888399,-0.058334624404761115,1.1806556237343884,0.5818971327357296,-2.541038589138502,0.07934135762138084,0.6373410729506475,-0.034262228700786324,1.0686147733814764,0.3323846176410896,1.3269796347683638,-0.4457891649071257,-1.0604287095777494,0.38922794903459845,-1.2619114306412342,-0.3537829746156511,0.12350468925920666,0.983972864681455,2.296125036428144,-0.8713226176550108,-1.835299601312954,1.130004442399617,-0.25746285892282117,-0.9943555102174066,1.9362687464645063,-0.28284438083953845,-0.3730204440350988,-0.34288540283573,0.21037011014384177,-0.27172029889900884,-1.7792812188260854,0.0,0.0,0.0,0.0,0.0,0.0,0.0,0.0,0
28.28146343397936,2.944374215143269,9.404689828106811,50.565220205928526,3.4196863227564815,10.969745724512215,21,-0.2535922877024035,0.5054663030123834,0.8445539657010599,-0.40734571996820534,-1.0203407534514533,0.8386209611936835,0.2427989989684427,-1.5837175547210833,0.9143945799826945,1.7320616983340003,-0.9708809503606446,-0.37285803483700874,0.5490613045721346,-1.164316446920246,-0.166376490113759,0.8208462052347656,0.1263961138010714,0.7684180967522707,0.3191724673048988,-0.5524998662740046,0.8625929762567885,-1.083320181802378,0.42201515089647756,-1.4839878345784996,0.7093333393949486,-0.7446327005307509,1.2034669833503067,-1.276920116779685,0.3910450608576319,-0.6955993319447273,1.513397792992361,-0.9799686079615455,0.5463283153378917,-1.339372001650183,0.765151463714858,-0.375698108203089,0.6947714698180363,-0.7099290782086456,1.2820212513326723,-1.7278178965787063,0.0,0.0,0.0,0.0,0.0,0.0,0.0,0.0,0.0,0.0,0.0,0.0,0.0,0.0,0.0,0.0,0.0,0.0,1
25.74096211868883,0.49186915151273825,1.526986610085327,52.55088434144704,0.7915046610289874,2.7907850782762793,11,0.8389894826275999,0.01717434159986908,-0.7079862432795601,-0.03212926850467568,0.4178369443919543,-2.0467057314327946,0.14385406476290186,2.7907850782762793,-0.3768003606695167,-0.49078162392930835,-0.04556955423596065,0.12666531479964505,0.024553758839953588,-1.7139875785413352,1.2092956618070865,1.649960033700765,-0.6453797830890728,-0.32793712055395474,0.6681926389299413,0.45133927504672045,0.0,0.0,0.0,0.0,0.0,0.0,0.0,0.0,0.0,0.0,0.0,0.0,0.0,0.0,0.0,0.0,0.0,0.0,0.0,0.0,0.0,0.0,0.0,0.0,0.0,0.0,0.0,0.0,0.0,0.0,0.0,0.0,0.0,0.0,0.0,0.0,0.0,0.0,0
25.94965693546732,0.4208664198790511,1.7331160650845625,53.04373435616168,0.6687011181499507,3.196415397835203,24,-0.8555009674006833,0.2963991454044148,1.648806509465473,0.1490141732701602,-0.6118372266987748,0.24957990794435858,-0.5822122375406416,0.31058816314229176,0.5074895898289178,-0.4591429082843632,-0.9588178433596077,-0.6792839718453436,1.2832233079617836,-0.29474142738109066,-1.263282405875099,3.196415397835203,0.6251886261210338,-2.981801790111831,0.23264447082131667,0.48895202320014874,0.39719263118827186,0.8285002430226527,-0.46614751777385877,-0.12491175435860669,0.26420909858908814,0.1280040663967128,-0.33156489103105,-0.770866209674999,-0.002009521247366308,0.5450201121373794,0.05883160064628967,-0.14177152511894775,-0.13726758560033758,-0.2987800254257209,-0.7487561611145281,0.4460328874501016,0.4591233746924033,0.6479646439834994,0.5065491674041631,-0.86205261614883,-0.24694792230020823,0.005322455833400852,0.046655960653406936,0.866966550815647,-0.08377229362840666,-0.08544054004573809,0.0,0.0,0.0,0.0,0.0,0.0,0.0,0.0,0.0,0.0,0.0,0.0,0
26.196347674371637,0.37938453031876035,1.405054017024824,53.22947136306957,0.6587675689057149,2.368670819093225,12,-0.5004320493343357,0.5319643453751297,-0.11850279696400179,-1.144084584980945,0.39194797092670797,2.236958723799951,-0.44402673180760743,-1.374830702837265,-0.5172422819619449,-0.5320345689472106,0.15725568781427768,0.8509866555220071,0.5607685419955892,0.16949777072755268,-0.05355195564774462,-0.17918525160538223,-0.08926268534278137,-1.303104721952927,-0.7920077167029831,1.7099773921795673,0.9755289770722229,-1.1900222015322584,0.0,0.0,0.0,0.0,0.0,0.0,0.0,0.0,0.0,0.0,0.0,0.0,0.0,0.0,0.0,0.0,0.0,0.0,0.0,0.0,0.0,0.0,0.0,0.0,0.0,0.0,0.0,0.0,0.0,0.0,0.0,0.0,0.0,0.0,0.0,0.0,0
26.095590750781106,0.574682488670459,2.1863893199828084,53.2614151947597,0.6793043385350722,2.1382063286025073,11,-0.6106870211810467,0.19419352643616605,-0.05279456111090752,0.6575903515044814,0.3781716404981239,-0.31359642111314656,-0.36833885765256014,0.6220994316697954,-0.6619303594006212,0.5550648971225911,1.1918836623411515,-0.1085372486108227,-1.3483542765611638,-1.9761814364369812,1.117981054903673,0.9374507805719361,1.0684082650791353,0.3814422934342332,-1.0026393527088189,0.819313254596338,0.0,0.0,0.0,0.0,0.0,0.0,0.0,0.0,0.0,0.0,0.0,0.0,0.0,0.0,0.0,0.0,0.0,0.0,0.0,0.0,0.0,0.0,0.0,0.0,0.0,0.0,0.0,0.0,0.0,0.0,0.0,0.0,0.0,0.0,0.0,0.0,0.0,0.0,0
26.30208014082956,0.549857402207048,1.7907948089047068,53.039225798723706,0.5872637158017102,1.6790111051076622,8,0.6818201725271962,-0.0013591053047221635,0.5986724465666668,1.2604263301387135,0.28538662225608036,-1.5740692734663995,-0.9457579333735673,1.6790111051076622,0.08584759023602118,-0.6027414300702745,1.0848259106923095,0.1467366402208512,-0.5382043735011663,-0.6195636540056952,0.0,0.0,0.0,0.0,0.0,0.0,0.0,0.0,0.0,0.0,0.0,0.0,0.0,0.0,0.0,0.0,0.0,0.0,0.0,0.0,0.0,0.0,0.0,0.0,0.0,0.0,0.0,0.0,0.0,0.0,0.0,0.0,0.0,0.0,0.0,0.0,0.0,0.0,0.0,0.0,0.0,0.0,0.0,0.0,0
25.9172553346094,0.5710176274664478,1.9134519896241784,53.10655870946054,0.5115981669949125,1.8971855268498246,13,-0.08408384525994705,0.5289768638816454,0.392946586657537,-0.35989250763037006,-0.24878656769674734,0.2421260107016323,0.7901940829897249,0.7218331957546908,0.9790978876736638,-0.20231702807187446,-0.7177173053695007,0.23638534910559628,-0.9725269023655727,-0.22218406311102967,-0.09050931684478769,0.05532578409091826,0.9877384198633159,-0.5684845521220865,-1.0806022302824694,-1.1618426957076267,0.09946600065083899,1.077692660230639,0.6769357484768292,0.3386331619085823,0.0,0.0,0.0,0.0,0.0,0.0,0.0,0.0,0.0,0.0,0.0,0.0,0.0,0.0,0.0,0.0,0.0,0.0,0.0,0.0,0.0,0.0,0.0,0.0,0.0,0.0,0.0,0.0,0.0,0.0,0.0,0.0,0.0,0.0,0
26.163340412684292,0.5092171548324624,1.902521811522817,52.77972270109136,0.6507228436255221,2.2916459484808485,18,-0.23232480451749282,-0.49010509291035476,-0.002573063016740207,-1.4416480204724778,0.4495551913800533,1.2828611456790568,-0.5612855604434124,0.1404511458874964,0.5131206707729916,-0.200830398577736,-0.7846718198182963,-0.690200821005476,-0.0031202995669161737,-0.09910294480685877,0.37960269980765915,1.01200902229958,1.053663906923294,-0.9060255061195903,-0.4179567947873366,0.01825222882409605,-0.09368939544972932,0.4111254626913876,-1.2349824499043613,0.23953102188276887,0.7585225722160907,0.7031716864261526,0.33800148003988184,-1.7878344892964364,0.6321105233770865,-0.07904582732017928,-1.8845277470144488,0.7302168462332972,1.2073435298124373,-1.1344714078955747,0.0,0.0,0.0,0.0,0.0,0.0,0.0,0.0,0.0,0.0,0.0,0.0,0.0,0.0,0.0,0.0,0.0,0.0,0.0,0.0,0.0,0.0,0.0,0.0,0
25.947270318017203,0.41182740489558106,1.3290927761884141,52.98904837168543,0.593379579946821,1.9527289932189404,13,-0.5075635316908809,-0.9788705252476646,0.5832614721504683,0.22292845675612938,0.5636178662529225,-0.7201920145095428,-0.3908959913788621,0.6492927282365386,0.46258660308361854,-0.7155073268467262,-1.0751053062395215,0.6190944167582089,1.0565002680144957,0.1622987742624602,-0.2815260065608669,0.4600755481250687,-0.3019735381636188,-1.6099064877400124,0.7126274090297784,1.9276860151299076,-0.4151644317287122,0.025042978089032886,-0.612115457274097,-0.9786330096481137,0.0,0.0,0.0,0.0,0.0,0.0,0.0,0.0,0.0,0.0,0.0,0.0,0.0,0.0,0.0,0.0,0.0,0.0,0.0,0.0,0.0,0.0,0.0,0.0,0.0,0.0,0.0,0.0,0.0,0.0,0.0,0.0,0.0,0.0,0
26.035781599406928,0.38727568804487317,1.4739639944317702,52.9935580269043,0.5531152529375548,2.0184480263185804,12,0.08873449967121516,-0.06886560223248495,-0.11157735201187435,-0.17302436744289906,0.2600300241929041,0.8813003883489614,-0.4953344492981522,-0.6715724406250274,-0.1864444511522123,-0.8366180863109847,0.5941482238009037,1.4230022897726897,-0.9770046592962878,-0.5063287009509523,1.0724428992396007,1.101774437496843,0.051769291960745534,-0.6217270683577425,-0.7524378349355665,-0.034089962979706456,1.1021896381669904,0.5986817667240274,0.0,0.0,0.0,0.0,0.0,0.0,0.0,0.0,0.0,0.0,0.0,0.0,0.0,0.0,0.0,0.0,0.0,0.0,0.0,0.0,0.0,0.0,0.0,0.0,0.0,0.0,0.0,0.0,0.0,0.0,0.0,0.0,0.0,0.0,0.0,0.0,0
25.836611765394814,0.4742338537265079,1.9729574715112506,53.14288633616784,0.6830099714430398,2.7685609384544563,20,1.147943062875921,-0.9614177852611618,-0.6853036844529576,-0.5502312565553495,-0.7385819711217394,0.12308461992957831,0.6697943910049453,0.11173089545982151,0.024404828487739394,0.7137112584322978,-0.030935275874689694,-1.0198855009896661,-1.2123357595545485,1.6230250473785617,0.8758962544452551,-0.7000887701737639,-0.417383669254626,-0.11533406099083976,0.007247162101148064,-0.12108504232536887,0.7673877148915729,-0.07451796718423509,-0.36362959552352336,-0.999538202872543,0.09855081851180714,1.2496462325202273,-0.2655995904702131,1.3065612116484147,1.137124853495017,-0.9871307999887762,-0.669715423838376,-0.20269242523772135,-0.7815370447602561,-1.5787377132279587,1.0836206044196253,2.096880831750397,-0.49328547686934954,-0.22690612167037472,0.0,0.0,0.0,0.0,0.0,0.0,0.0,0.0,0.0,0.0,0.0,0.0,0.0,0.0,0.0,0.0,0.0,0.0,0.0,0.0,0
26.029008575617897,0.4296945000752569,1.8220514243438295,53.02169843503044,0.8406062191406928,3.1557270058234437,22,0.10245253217075856,-0.6090444741756968,-0.4015451256940068,-1.1403636915029551,-0.22073459308090193,0.6134555151730225,-0.30680602242004795,-0.16574519613433836,0.19053745362373675,0.48357349466914457,-0.06625368452058567,1.022009762662016,0.6276789296489014,-1.1834675740665617,-0.1924448860133552,0.04858234172039033,0.17498765406005035,1.4926397501518593,-0.9285473594072258,-0.7211510617182171,1.2960431701706163,-0.24169976765210066,-0.9293649278739231,1.1072402665561967,-0.33651813528394925,-1.1746562884062115,0.33039943862642573,-1.9810707174172322,1.4614918787046598,2.255354319886308,-1.4357414295395365,-1.9397393719992095,0.031310197510318716,1.6352110605608772,0.06649589542062628,-1.7325991541693497,0.021742148599109612,0.9975105309834618,-0.3164278411849004,0.0824567046320368,0.4623445745036925,-0.3250676620975099,0.0,0.0,0.0,0.0,0.0,0.0,0.0,0.0,0.0,0.0,0.0,0.0,0.0,0.0,0.0,0.0,0
25.943279809468734,0.4691641434300969,1.5807252386567292,52.980835237375516,0.8223710195852704,2.821286826429379,19,-0.19745254666416656,0.8961108261920003,0.4919616962942399,-0.7682165708447144,-1.020289248317475,-0.26765961193399335,1.1698421256344815,0.8369997455876472,-1.33149551223406,-0.04178162584295819,0.3384001124591727,0.585473015521984,-0.10783248145525093,-1.7569413575790662,0.2292198015275595,1.7693442339814922,0.44426809059888583,-0.6377783105701766,0.18617212230272528,0.7504536451543373,-0.3799840007655284,-0.008259125395525757,-0.5980339488212003,-2.7929396744892188,-0.3614394222690329,2.785737938823253,1.4234315049040056,0.035548887606125845,-0.06189366809978836,-1.881106635917547,0.1741444807455288,-0.24285232091378361,-0.6016614798570608,1.8692827048783656,0.40030215350013165,-0.5288901658005187,0.0,0.0,0.0,0.0,0.0,0.0,0.0,0.0,0.0,0.0,0.0,0.0,0.0,0.0,0.0,0.0,0.0,0.0,0.0,0.0,0.0,0.0,0
25.886219952384895,0.45148648906774086,1.3228519956119626,53.06177898400455,0.4214652167913921,1.2586336082565097,6,-0.36678860708448724,0.2297062180502678,1.0663688664634385,0.09438396682148209,-0.13287987089125508,-0.26743088707211626,-0.44659814944501974,0.46945424631012855,0.8359611494847989,0.7325200641467475,0.0,0.0,0.0,0.0,0.0,0.0,0.0,0.0,0.0,0.0,0.0,0.0,0.0,0.0,0.0,0.0,0.0,0.0,0.0,0.0,0.0,0.0,0.0,0.0,0.0,0.0,0.0,0.0,0.0,0.0,0.0,0.0,0.0,0.0,0.0,0.0,0.0,0.0,0.0,0.0,0.0,0.0,0.0,0.0,0.0,0.0,0.0,0.0,0
26.27338918833385,0.5663172733646578,1.7234599434568594,53.157413743751434,0.7334537275417635,2.2185121572987967,9,0.22572432324822955,0.13775540578880197,-0.290913983799328,-1.380632034548988,0.44837660471034013,0.8229845228342967,0.2746863089634992,0.17398723942821448,-1.7234599434568594,-0.9890636594335405,1.5745155138724733,0.5928114691274473,-0.11022388835331398,1.3920752864243227,-1.2370604722863234,0.22571729891805603,0.0,0.0,0.0,0.0,0.0,0.0,0.0,0.0,0.0,0.0,0.0,0.0,0.0,0.0,0.0,0.0,0.0,0.0,0.0,0.0,0.0,0.0,0.0,0.0,0.0,0.0,0.0,0.0,0.0,0.0,0.0,0.0,0.0,0.0,0.0,0.0,0.0,0.0,0.0,0.0,0.0,0.0,0
26.26521526904069,0.4817532095349961,1.4530698529067685,52.85737479974858,0.8280979150942199,2.4908169804435687,6,0.2925275293485079,-1.371590283704755,-0.47282362447134574,0.7478935557163595,-0.581883732276502,-0.5678148785774013,-0.3983624961589207,0.9509169079111217,0.8502512652525063,-2.2502222817888935,0.0,0.0,0.0,0.0,0.0,0.0,0.0,0.0,0.0,0.0,0.0,0.0,0.0,0.0,0.0,0.0,0.0,0.0,0.0,0.0,0.0,0.0,0.0,0.0,0.0,0.0,0.0,0.0,0.0,0.0,0.0,0.0,0.0,0.0,0.0,0.0,0.0,0.0,0.0,0.0,0.0,0.0,0.0,0.0,0.0,0.0,0.0,0.0,0
25.996884330738876,0.5795113300434762,1.9249949732147584,52.994775323665785,0.5516165028908911,1.9779492445253055,15,0.8640414636412252,0.646247431816434,-0.5094231256879844,0.16685715384507205,-0.9278999649269579,0.07779021673681541,1.9249949732147584,-0.4799812217973738,-0.31013193437893705,-0.5516312327748807,-1.5143410106412283,1.493857074034679,1.375068088250977,-1.7655279446380874,0.39393284832531705,0.5834971895165637,-0.8545784582660119,0.40807143686309644,0.16774553468010112,0.3738608613209138,-0.2338736175680296,-0.6216076164095483,0.41922767707886877,0.8359568696096744,0.2567172576889014,0.3981705036246055,-1.1121334614715437,-1.4988920559328989,0.0,0.0,0.0,0.0,0.0,0.0,0.0,0.0,0.0,0.0,0.0,0.0,0.0,0.0,0.0,0.0,0.0,0.0,0.0,0.0,0.0,0.0,0.0,0.0,0.0,0.0,0.0,0.0,0.0,0.0,0
25.82793149083365,0.49154890225423753,1.7362461720201061,53.37997744271193,0.7419737671935963,2.063808815802197,8,-0.7075172389488635,-1.116309343887366,1.6121004832712984,0.3972827777328334,-1.0463802815712349,1.6665260380693638,-0.02608093866160388,-0.6518815625715746,0.16630189798618034,0.534168588448729,-0.08621595051993225,-1.8313688288365668,-0.7438708992535155,1.1256389856993536,0.0,0.0,0.0,0.0,0.0,0.0,0.0,0.0,0.0,0.0,0.0,0.0,0.0,0.0,0.0,0.0,0.0,0.0,0.0,0.0,0.0,0.0,0.0,0.0,0.0,0.0,0.0,0.0,0.0,0.0,0.0,0.0,0.0,0.0,0.0,0.0,0.0,0.0,0.0,0.0,0.0,0.0,0.0,0.0,0
26.003537734098092,0.491807766024093,2.190967158145135,52.77444818668303,0.9151847946256052,3.735967996953761,26,0.9176006118596973,-1.8666149104352172,-0.7993586923001317,1.6542696528197354,0.32519799959878526,0.05813785087553924,0.38841524636699987,-0.13639912072505211,-0.9449203723845301,-0.20221394718510055,-0.05595376493425519,-2.593759177310986,1.8023701215278898,3.190367801668444,-1.6880833425319963,-1.2330797427632518,1.2383983071705167,1.269532478964166,-0.83486935509303,0.509147459084403,-0.1864360148644515,-2.340998376554154,0.0496136071450195,1.8074899319032838,0.13221562850306512,-1.4550634194206253,0.700064997355998,0.9545380840076518,-0.29090617769453075,-0.06683820606686197,-0.48385747440230276,0.7058905732429395,-0.8271073337334229,-0.11879751965901164,0.9432234321282635,-0.2766438898614396,0.05610897885154387,-1.5243792876809863,0.5628404623170624,-0.6971633135926751,-1.3643215551808048,2.7416754223079494,0.4883063069045157,-0.13265121694126947,-0.015777846635586457,-1.3951589105001148,0.23459528391237328,1.0758608534869367,0.07346136259399216,-0.4452940467874953,0.0,0.0,0.0,0.0,0.0,0.0,0.0,0.0,0
25.992751051127538,0.590604896089507,2.0397817782193997,53.14125412233568,0.7011526162344761,2.0547996126661516,8,-0.7569779226035429,1.6652722788058938,0.44929456529877854,-0.03334105028463341,-0.34885067038326767,-0.9332141105645988,-0.10288985236742931,-0.17830925373060325,-0.8557062081048947,1.5343917484400933,1.6266751498969363,-0.08431500069320919,0.41310662832246337,-0.4988967290210482,0.0,0.0,0.0,0.0,0.0,0.0,0.0,0.0,0.0,0.0,0.0,0.0,0.0,0.0,0.0,0.0,0.0,0.0,0.0,0.0,0.0,0.0,0.0,0.0,0.0,0.0,0.0,0.0,0.0,0.0,0.0,0.0,0.0,0.0,0.0,0.0,0.0,0.0,0.0,0.0,0.0,0.0,0.0,0.0,0
25.956996559259025,0.5517384914393684,2.2694170996377565,53.14834772417906,0.7460234339815569,3.2210695799460467,30,-0.05218002577714742,-0.5970315190747186,0.18561631126700462,-0.6740988924870379,0.04364988935409286,1.9421762131945428,0.6518610540917038,-0.33780624252674585,0.3567139268750026,-0.14367289555893592,-0.8846370898652864,0.11448939484782983,-0.5225042043217059,-0.8898104367576494,0.1499512236766023,-0.2561777877038196,0.18131762801245443,0.8346739675900423,-0.4235156603427441,0.8988512241938054,-0.07440964840530029,0.3574925864335441,1.6380343072402006,-0.6501155429168932,-0.8972568432133841,-0.6130066240314633,-0.5678733298133025,0.1924876021054729,0.8248683520190312,-0.20655205605965676,-0.9974748475822786,-0.8300297592198405,0.04116703846789349,0.8404725743279826,0.14648482340340507,-1.0875793566392318,1.2287778409646393,0.9685996731883648,-0.9536966733217014,1.4081458693594868,-1.094413460562059,-0.650596710250376,1.8258864600390403,-1.3967827256159069,-0.7582236486689737,0.680552091675402,-0.7715133208580234,-0.6095577936899659,0.7663622589574963,0.6174900348620227,0.4188436922841561,0.8828972677614146,-0.05847736503596579,-0.3104799025717284,0.6971829063159234,1.4649089139483493,-1.3255914208673758,-1.0333333425902111,0
25.786668713218027,0.5157077775023534,2.1495111436884144,52.79292941853453,0.7027397862916092,2.6099631205614955,16,-0.046960032232444604,-0.10752553511271401,0.034199280527285936,1.1496012744409398,0.32430318084925247,-0.5281988404911147,-0.24999707569604368,-1.2903328631402573,-0.7114791104984199,1.5687944835147292,0.6914492152467098,-2.0073969873686153,-0.2721791974962713,0.7565350475901482,-0.601104651106187,0.9117804818925066,1.4367755289522393,-0.5111600934958176,-0.8384484609840079,1.4528076845746583,0.4576155797858057,-0.8179111528895078,-1.7686782624902122,0.3653090747097423,1.8264560353159247,0.03262439726614019,-0.4061678831886333,-0.8878979963467302,-0.6207171898866015,-0.4978299717456238,0.0,0.0,0.0,0.0,0.0,0.0,0.0,0.0,0.0,0.0,0.0,0.0,0.0,0.0,0.0,0.0,0.0,0.0,0.0,0.0,0.0,0.0,0.0,0.0,0.0,0.0,0.0,0.0,0
25.81302005745616,0.42734900250155516,1.557813747541875,53.11180837892402,0.7151482083355633,2.3449879374339773,15,0.4118605575736609,-0.6415899833376386,-0.3090989361989642,-0.42845253434988706,-0.7629549771699367,1.2836526169577454,0.042534290056437385,0.6082887551352485,1.5152794574854376,-0.6010541646639282,-1.3649993121533228,-1.6627273915094136,0.26496637889908925,0.021233201867204343,0.7775897095247828,1.2269786626603008,-1.055065780847766,-0.21276043864891392,0.25451590187403994,-1.1166578071392266,0.23593293962675332,1.2089682138568634,-0.06532604908656836,-0.1500519898598327,-0.31411238623058324,1.1032395985481074,0.38850299609896766,-1.530732109022928,0.0,0.0,0.0,0.0,0.0,0.0,0.0,0.0,0.0,0.0,0.0,0.0,0.0,0.0,0.0,0.0,0.0,0.0,0.0,0.0,0.0,0.0,0.0,0.0,0.0,0.0,0.0,0.0,0.0,0.0,0
26.07536238124874,0.4456400705673746,1.5656258454693806,53.16901273865697,0.9690438164266214,3.2373924922615416,17,-0.8451185985307319,0.7998089546623817,0.2384731166305798,-1.862578911278952,0.15651499061270258,-0.4377514424212663,0.016064945781309348,2.1321814529748764,-0.9998361723979627,-2.6678234889437746,1.116535440247997,0.6228862234654429,-0.26046637608399337,0.6093383325934312,-0.4692076064674424,-1.0508604602353415,-0.05720278319365235,2.138066024489305,0.2078069344445339,-0.20419503384119508,-0.4823443022768217,-1.1453587981763391,1.5105045387987595,1.4835258771144524,-0.1180580329218408,0.13574264738086583,-0.5172255620837021,-1.2499704613551117,-0.33754930865901756,-0.26999802342235313,0.01314521420234982,2.168216164248385,0.0,0.0,0.0,0.0,0.0,0.0,0.0,0.0,0.0,0.0,0.0,0.0,0.0,0.0,0.0,0.0,0.0,0.0,0.0,0.0,0.0,0.0,0.0,0.0,0.0,0.0,0
26.162723891265887,0.5342341949229698,2.3284000291753237,52.92335806970049,0.8583428828576241,3.2676119979475047,23,-0.5308076558182933,2.100752517082981,-0.403775610461107,0.4385712039340248,0.2928901732033715,-1.5482842521193234,0.4792472634160916,1.8037864826283396,-1.5154199268344755,-1.9076102565115178,0.852077413454996,0.9051357794470007,0.8355440690104139,-0.5982842772192285,-0.9474628998375607,-0.00017893799918056175,1.028988480762461,-0.2482421700763524,-0.06568237053579651,1.0526996404960514,-0.7401364674243816,0.12018398149554343,-0.25150509470002547,-0.7305821258469081,0.1405902153696843,-1.0364368112760687,1.4759866830755328,1.4105107042453255,-0.39509502253409323,0.015075354221046666,-0.8745167375632548,-0.5109834966376994,-0.36677226171357447,1.6671570388537944,0.3625972936008388,-2.7449284416651736,0.06339294551774799,-0.5226835562823311,-0.7435928321130589,1.189159048444715,0.6617000034123066,1.1530075470313008,0.6211815277982353,-1.4130153372202372,0.0,0.0,0.0,0.0,0.0,0.0,0.0,0.0,0.0,0.0,0.0,0.0,0.0,0.0,0
26.10200323149951,0.3914565557630207,1.2018139893134112,52.95919555636098,0.3429922661677376,1.1145776744842806,6,-1.0442562791826582,-0.43117149491569506,0.28281680073341064,-0.3023717532598411,-0.4403745108641637,0.312033134972971,0.21537541284718742,-0.6930675612817154,0.35040590725331455,0.41650463433282425,0.0,0.0,0.0,0.0,0.0,0.0,0.0,0.0,0.0,0.0,0.0,0.0,0.0,0.0,0.0,0.0,0.0,0.0,0.0,0.0,0.0,0.0,0.0,0.0,0.0,0.0,0.0,0.0,0.0,0.0,0.0,0.0,0.0,0.0,0.0,0.0,0.0,0.0,0.0,0.0,0.0,0.0,0.0,0.0,0.0,0.0,0.0,0.0,0
26.18984685371163,0.6168336550702671,2.485007248413556,53.15441224893053,0.5398779956909585,2.5950403873383436,19,-0.5286152156960746,-0.8318210049483312,0.425969667349527,0.407487615312192,0.8916966041567527,-0.5190331621846198,-1.7347377627989857,0.5104161201637609,0.18268171795070742,-0.652747681783957,-0.06140770289288611,0.3399599038281096,1.50245885586774,1.8505828718721773,-1.0611275942362468,-1.4660866524842575,0.45277673698274157,-0.592650543982991,-1.7656514992866263,-0.5363031908710951,1.5091421225813058,0.8003560093176247,-0.36763447818870887,0.676132548755362,0.8747099680356172,-0.4869229216264088,-0.36492446453441474,-0.1525343862575923,-0.5392360971687538,0.38362296475784774,0.999765290673146,-0.025021199937143024,0.04590460654010542,0.24879515521240592,-0.08296980428551137,0.02131420432722564,0.0,0.0,0.0,0.0,0.0,0.0,0.0,0.0,0.0,0.0,0.0,0.0,0.0,0.0,0.0,0.0,0.0,0.0,0.0,0.0,0.0,0.0,0
25.821993912385587,0.37476915843997954,1.308204970594172,53.21733825353788,1.0188894184386577,3.233895598791534,13,0.27972492438777863,-1.3341582980187212,0.28044247303327907,0.2703816418854288,-0.7290144379458638,-0.6625430801016563,0.0865727499444553,0.2940316037052355,-0.32486338545565374,1.8579646249156099,-0.3408998971371098,-0.6919558039669127,0.12871052392893034,1.315650499454705,0.1170572365673479,-2.3092454192246024,0.16897527060137563,1.7963398507421218,0.5628253497608569,-1.7897968953013788,-0.7656104969359419,0.18211956584079303,0.544511010100603,2.578787572625963,0.0,0.0,0.0,0.0,0.0,0.0,0.0,0.0,0.0,0.0,0.0,0.0,0.0,0.0,0.0,0.0,0.0,0.0,0.0,0.0,0.0,0.0,0.0,0.0,0.0,0.0,0.0,0.0,0.0,0.0,0.0,0.0,0.0,0.0,0
25.781573951890355,0.36989783082811867,0.9918572470738987,53.42703197783302,1.0191145476462595,3.265358716853406,7,0.7714733501244879,0.7184506865604092,-0.3601545641104664,1.4666418578219549,-0.28801793309421697,-2.146026751825879,-0.11585955697941586,-1.119331965027527,0.07093767269349627,1.0239962565027554,0.9134782784400137,1.6128961405684166,0.0,0.0,0.0,0.0,0.0,0.0,0.0,0.0,0.0,0.0,0.0,0.0,0.0,0.0,0.0,0.0,0.0,0.0,0.0,0.0,0.0,0.0,0.0,0.0,0.0,0.0,0.0,0.0,0.0,0.0,0.0,0.0,0.0,0.0,0.0,0.0,0.0,0.0,0.0,0.0,0.0,0.0,0.0,0.0,0.0,0.0,0
25.960375140469566,0.4545863466114823,1.65234884829513,52.921162046284344,0.780617375041795,3.0397346011837527,25,-0.866387921331075,1.3731873455945305,0.1709984138067142,-1.4502997027191569,0.5395252491603699,0.9347240730237942,-0.14772419090887112,-1.3749722623870468,0.15305482989386476,-0.007820879184450291,-0.512359063566656,-0.8847612566388321,0.3138208469034218,2.097010097497204,-0.34692997238829193,-0.666160453131873,0.8493462616213598,0.5422359022314964,-1.4598630892973965,0.8452911661618927,0.0015417402829918103,-2.0342759518208595,0.40428132636114,-0.12103868673891327,0.018139723163333343,0.1686686536271722,-0.42408338827802083,-1.0530886162511521,-0.0900063729569176,1.5282250895795855,1.3875252896681047,0.8619276942902729,-0.6177516835663894,-0.6681300025067785,-0.0378338472743458,-1.2959605515423576,0.14948288533842558,0.9712231407266572,0.770926204129335,0.38564446231239913,-0.7409238844886055,0.6698720990554605,-0.113770772997146,-0.13283399920701555,-0.2631756946446764,-0.9135591138083896,0.6182773240751054,-0.0014140031043652357,0.0,0.0,0.0,0.0,0.0,0.0,0.0,0.0,0.0,0.0,0
26.040783218977964,0.27977352987850473,0.701014107181642,53.711453015485496,0.3711405089925669,0.975219382284223,5,0.518829666935865,0.6442259894512219,-0.5361362715974316,-0.7369140288995695,0.701014107181642,0.975219382284223,-0.3035896428651448,-0.5020680059452189,0.0,0.0,0.0,0.0,0.0,0.0,0.0,0.0,0.0,0.0,0.0,0.0,0.0,0.0,0.0,0.0,0.0,0.0,0.0,0.0,0.0,0.0,0.0,0.0,0.0,0.0,0.0,0.0,0.0,0.0,0.0,0.0,0.0,0.0,0.0,0.0,0.0,0.0,0.0,0.0,0.0,0.0,0.0,0.0,0.0,0.0,0.0,0.0,0.0,0.0,0
26.014250906859452,0.40636814441990465,1.607278637631783,52.89377941949793,0.7865010890101021,2.9056833458489635,28,0.33648547441019616,1.1350659948375608,-0.2393094180198645,-0.6512578000573797,-0.6567444375431855,-0.13648287718681473,1.0967975188904724,-0.3928002490264575,-0.19901423970664567,0.068490718993651,0.649242524764496,0.2843147040548786,-0.5847483358176433,-0.42092989601999165,0.31139714695555654,1.0463531172199794,-0.8009605092909311,-0.18638703624650788,0.5831395724555826,0.254733747206636,0.23078544585581895,-1.790314341586111,-0.12610683770795106,-0.02627465748128799,-0.39145682760982226,1.2485165075121785,0.2884990387476343,-0.4548165376911939,0.13614853561385942,0.2715656107101836,0.2893208445370874,-1.1010086284221572,-0.8812520308452214,-0.2724376118292611,-0.27785232059607523,1.3524377307849136,0.14275420293237318,-0.7939719212524778,0.488356620017111,1.1791926100941055,-0.07050520858252085,-1.0635818199256164,0.31146316585704525,-0.21768114818202378,0.10172965774670573,-1.103343567518209,-1.357990797900392,2.8113590220007723,0.7020658471667076,-0.43999687314923364,0.34665346821875076,-1.754598320969862,0.4514725384037206,-0.40140712146269664,0.0,0.0,0.0,0.0,0
25.92275959964236,0.543409299950919,2.144564433570096,52.96681051800068,0.8873534527892107,4.702166080297253,26,-0.6471217596897816,0.29026840283602695,1.2421450046216016,0.9541230075869649,0.4209988864824723,-2.472750858256113,0.06001552866245774,0.15520075049666815,-0.4367104503257835,0.4908153172189955,-0.7529315562203713,-0.05967361428926665,0.1864307560057874,0.6847097874079751,-0.16231194051167108,-0.24972725188618483,-0.4451231206667998,-0.6994770332244329,0.4588349763868145,0.20303740939534265,0.6021211073205208,0.8251249576385362,-0.8878727503509651,-1.7596133556924514,-0.707001455207628,0.8259976771499851,0.5139918058270219,0.630737692941679,1.0356106179471816,-1.2971136323405403,-1.268210906045887,-1.9794339268574461,0.6231058614613936,3.9900300798786787,0.04418512030991195,-1.173639724376855,0.32081146483650613,-0.9896749823128275,-0.01169807830346059,1.7423889865390763,0.08280677488804855,-0.9029819682265838,-0.27444873985505325,-0.6612053852839068,-0.39792518441393554,1.1236349036868276,0.9229657739303434,-0.2545404470582113,-1.3325629833241877,-0.5317935972788632,0.0,0.0,0.0,0.0,0.0,0.0,0.0,0.0,0
26.222997648480945,0.3686627415008245,1.0524551265996003,53.15762825612257,0.7729996245183317,2.3167515808323174,7,-0.05711117663014775,0.8629393308870377,0.657772279162316,-2.0669407724510975,0.14433515854208423,0.08587404886784356,-0.5608181021326857,1.056594063055499,0.8111657910278858,-0.7680017433570185,-0.7474741336354604,-0.6242771769475439,0.0,0.0,0.0,0.0,0.0,0.0,0.0,0.0,0.0,0.0,0.0,0.0,0.0,0.0,0.0,0.0,0.0,0.0,0.0,0.0,0.0,0.0,0.0,0.0,0.0,0.0,0.0,0.0,0.0,0.0,0.0,0.0,0.0,0.0,0.0,0.0,0.0,0.0,0.0,0.0,0.0,0.0,0.0,0.0,0.0,0.0,0
26.110182726174557,0.5899349536864685,2.420360458461758,53.19810796412002,0.7269771247060042,2.468021442319987,23,0.48378452450698006,-0.9619106929619079,0.6483432367494544,-0.2662724946584092,-0.031379358199835394,0.24551356226640308,-1.7181185817714564,-0.10458229842696909,0.9733601532422007,0.9463771152221767,0.7439391929443389,-0.7482612802713291,0.7030611122752184,-0.6841915336941611,-1.0934235533241576,1.2738000611749314,-0.5358295887236508,0.14610823957487895,-0.32066992937045313,-2.0550519865430488,1.613973254984117,2.2968916092708582,-0.7450008855325443,-0.9344576892477008,-0.7884042566755873,-0.06515345844950815,0.32245528027581827,0.5786837451599354,0.25667144158124344,-1.258880818080634,0.11681006852970555,1.2169127241561597,-0.7217126557169529,-1.0647519871430262,0.14271411971014558,-0.878540167977981,-0.5193720721237334,0.3817555204827201,1.3463484259888716,1.2518224896081307,-0.6906903781875471,-1.209992138318313,0.4039700579768031,2.0444355705474493,0.0,0.0,0.0,0.0,0.0,0.0,0.0,0.0,0.0,0.0,0.0,0.0,0.0,0.0,0
26.02827374149235,0.411825198999529,1.2232590912645414,52.88269365645557,0.596309778582863,1.4756091943681398,10,-0.3423104866174391,-1.3980172006631264,-0.6878902924153039,0.04662263024743396,-0.19305831223179837,0.5373649381752301,0.7017633300695962,-0.2997707776325811,0.049574821952280246,0.9092822731665109,-0.7501240791165493,0.24268493238870548,1.0152469311938113,-1.207202906540715,-0.06024674232851268,-0.1314534364914124,-0.16184387466362793,1.3780815410549678,0.0,0.0,0.0,0.0,0.0,0.0,0.0,0.0,0.0,0.0,0.0,0.0,0.0,0.0,0.0,0.0,0.0,0.0,0.0,0.0,0.0,0.0,0.0,0.0,0.0,0.0,0.0,0.0,0.0,0.0,0.0,0.0,0.0,0.0,0.0,0.0,0.0,0.0,0.0,0.0,0
26.121310574995405,0.43870399708243557,1.6833514426045433,53.038694177291774,0.8699330197618759,2.8868713285375094,29,0.5719454315880519,-0.38095969963827514,-0.5127472413181486,-1.0000798627405914,-0.6768955981556388,1.4122507542179648,0.882326090790297,0.01987677442308211,0.6685924499473899,1.3494930921847867,-0.7977101587817863,-2.1350823453772065,0.5839597483266168,-0.7465217798339552,-0.7494150530270431,0.34247838805553243,0.6770520217441209,2.2163171348036386,-0.46604898666609174,-1.6312102545053904,0.8834840304414264,1.4492918335711025,-0.9183455725669631,-1.086054906103712,-0.114531835839081,-0.7847542877506513,1.006936964427922,2.3808034204669895,-1.0241629544215272,-0.5468330073121876,0.394835425397428,-1.1978347871659736,-0.39123270533391974,0.9410516418873058,0.7468647584923893,-0.6989883196810425,0.18639147895935437,0.2516201984480304,-0.985703874638105,1.0597872300603868,0.6104334667354969,-2.6255646709435467,0.04640905074172963,0.9287962365835938,-0.256478225730973,0.3102799251990973,0.6996953236058623,0.24422575410768133,-0.0037824306092772986,-1.2665436788020017,-1.1853356006030573,1.7324926752231988,1.0306515090060415,-1.6567165158093644,-0.3510212242266668,-0.07667017310821933,0.0,0.0,0
25.82750082299605,0.4194869303458411,1.3262948777116996,52.92848435648212,0.7426032596155328,2.4873639082643066,7,0.15421394751304973,0.7348722407366495,0.1327971680125195,0.8325857759992843,-0.7702516024199149,-0.011523374969044653,0.06700617271084752,-0.7902135958530181,-0.6230494480026323,0.7568835252499326,0.668873855228469,0.964759337100503,0.0,0.0,0.0,0.0,0.0,0.0,0.0,0.0,0.0,0.0,0.0,0.0,0.0,0.0,0.0,0.0,0.0,0.0,0.0,0.0,0.0,0.0,0.0,0.0,0.0,0.0,0.0,0.0,0.0,0.0,0.0,0.0,0.0,0.0,0.0,0.0,0.0,0.0,0.0,0.0,0.0,0.0,0.0,0.0,0.0,0.0,0
26.054100193952728,0.46637083551695907,1.7254275088215572,52.742875807112654,0.5471997951681784,2.2516312889971957,17,0.2916123506904498,-0.1282033699048668,0.35831677167085374,0.09514397139222552,0.38334316790781386,0.17640703676629244,-0.29186045554737206,-0.6244076125470883,-0.8151648930997482,-0.4924144477279171,0.5451779393297009,2.0211616221568676,-0.15290400366858492,-1.219279938553285,-0.6976180380614636,0.44195526453287926,0.8651808696615895,0.09459107759867891,0.7292197766127195,0.029390822790176685,-0.9121228668653565,-1.1966707814029078,-0.8133046419562007,-0.4016177339627376,0.812225675417011,0.8697181118878845,-0.6219904350409351,0.7875232456871544,1.0386588529297676,-0.8989291199130136,-0.169370257580578,0.2984228110200604,0.0,0.0,0.0,0.0,0.0,0.0,0.0,0.0,0.0,0.0,0.0,0.0,0.0,0.0,0.0,0.0,0.0,0.0,0.0,0.0,0.0,0.0,0.0,0.0,0.0,0.0,0
25.869812316402008,0.46167352556894214,1.907867390422794,53.19608932762088,0.7795176774313063,2.972919529696405,21,-1.0274306705911407,-0.26221796371964246,-0.19765272874563777,0.04722717275480903,1.2119218041602267,-0.15392930183564602,0.2729099318484991,1.3991080344581874,0.4230356544140683,-1.3015562917024894,-0.5940497197348158,-0.5281202363138746,-0.18326292652709242,-0.17267871690845737,-0.17264418899954137,1.342898147666432,0.43334789568164567,-1.6703101494502022,-0.871868683480038,2.0347667269344853,0.2688296296440491,-2.61892613780158,-0.2517551368020712,2.5143593401500013,0.32880421993052167,-0.3432418959857131,-0.10029242787777903,-0.989436114320057,-0.03386382080284989,-0.24850911371074602,0.07630811816296657,1.5858798959127256,0.42534173734807723,0.4538674176501942,0.5290942932230429,-1.930466795280985,-0.49036381070020596,0.9552299543010747,-0.43076773428922266,0.3192477590023941,0.0,0.0,0.0,0.0,0.0,0.0,0.0,0.0,0.0,0.0,0.0,0.0,0.0,0.0,0.0,0.0,0.0,0.0,0
26.027211092282784,0.4917976692567154,1.5490488915368026,52.847944203147264,0.665478607758072,2.5214497910629916,10,0.09177949255260742,0.060682211538861,-0.34993516657483426,1.2877325526688352,0.42270390821452963,-0.6261195698297755,0.15407241602443378,-0.19501291303983948,-0.04291483581705435,-0.07096843988088608,0.055905065174233215,-0.1396601275776277,-1.5490488915368026,0.1265632068420004,0.45539766398633574,1.303618647595627,0.32872141764960006,-2.5214497910629916,0.0,0.0,0.0,0.0,0.0,0.0,0.0,0.0,0.0,0.0,0.0,0.0,0.0,0.0,0.0,0.0,0.0,0.0,0.0,0.0,0.0,0.0,0.0,0.0,0.0,0.0,0.0,0.0,0.0,0.0,0.0,0.0,0.0,0.0,0.0,0.0,0.0,0.0,0.0,0.0,0
26.023127372553724,0.5762102601539586,2.142218953159013,52.79961988947784,0.7358056744930863,2.920230048285326,26,-0.16462814810947535,1.483525826236992,0.7882486334417891,0.2794005021549566,-1.2449468272029414,-0.23642598854748798,1.7276084513254943,-0.08859257560839495,-0.7662004091555659,-0.3478937371502653,0.8083769123939426,-0.2224277476940273,-0.44256765179951074,1.4175058177235442,-1.152726149732544,-0.5282248725523786,0.7070834256343623,-0.16994998825172303,-0.9329576356862397,-1.4291512372667938,0.4458051957985809,1.075545158207838,0.38338753744736564,0.16069146189613548,-0.2841442476028533,0.7172816700321718,0.11431691108967357,-2.0674669435443818,-0.09531184281478744,0.5181988413940388,1.4480760962627315,2.3156287370645927,-1.0551056309742535,-2.0768913875424886,0.25230445761397036,-0.8433386607428375,-0.3376268409535612,0.9227079706038808,0.19458661881429506,-0.07651529241662303,-1.1963775576594635,1.1559540037420462,1.8630395684589196,-0.009828446353353115,-1.1962546077059137,-1.2865626502303087,0.9338019069920556,0.4723511332086403,0.019445482568144712,0.7326879890987357,0.0,0.0,0.0,0.0,0.0,0.0,0.0,0.0,0
26.115651531202165,0.4682675483126627,1.6785186207510314,52.97851685673094,0.8345828371454207,3.4702088832353013,12,1.5202077065834736,-0.03338577736921167,-1.1880245988960176,0.4255724909028942,0.876582652902048,0.3804435051517743,-0.6324187295168713,-0.6203827788373886,0.4332069722570644,0.8739247329400044,-0.23486945027893924,-1.0962638928713915,-0.22714526138549473,0.4017163525829801,-0.005916806233631888,1.9493392137602754,-0.699933399599189,-2.9798100451920817,0.537014924834267,0.6240004149977025,-0.17768425550966427,-1.1143992530409221,0.0,0.0,0.0,0.0,0.0,0.0,0.0,0.0,0.0,0.0,0.0,0.0,0.0,0.0,0.0,0.0,0.0,0.0,0.0,0.0,0.0,0.0,0.0,0.0,0.0,0.0,0.0,0.0,0.0,0.0,0.0,0.0,0.0,0.0,0.0,0.0,0
26.08732832627148,0.371660784778299,0.9603770642774165,53.25247187367993,0.8245559559012516,2.165446037602436,5,-0.34127046820121976,0.1706090813823451,0.22986170262680972,-2.165446037602436,-0.8489682987030065,1.1174413340663136,0.19082107149383276,-0.5445438946792294,0.0,0.0,0.0,0.0,0.0,0.0,0.0,0.0,0.0,0.0,0.0,0.0,0.0,0.0,0.0,0.0,0.0,0.0,0.0,0.0,0.0,0.0,0.0,0.0,0.0,0.0,0.0,0.0,0.0,0.0,0.0,0.0,0.0,0.0,0.0,0.0,0.0,0.0,0.0,0.0,0.0,0.0,0.0,0.0,0.0,0.0,0.0,0.0,0.0,0.0,0
25.798586799321257,0.297358876619225,1.4268890565218726,52.962033954428826,0.6896047665190309,2.7741594857588936,27,0.02228860146254874,1.3695349493637394,0.18826418980102844,-2.052852950778586,-0.7097749958498021,1.8500796775871606,0.5626910757579182,-0.7307500199793893,0.057688776614696735,1.0029736624721934,0.19962743066509603,-0.10855631427597245,0.6068817734841616,-1.4259468799258315,-0.7499441410457806,-0.785434555433099,-0.5579548144758135,1.0090547376611667,0.6746654422043896,-1.4632764737851573,-0.4204305325683251,2.109043089648111,-0.012943596417073877,-0.4064743023654245,0.21937726108459898,-0.6004038272952741,-0.11176797015520279,0.11950094072826545,-0.2727932870959542,-0.45804529807532646,0.2899212378507947,0.7920968343482642,0.47044965334095323,-0.7679620571607444,-0.20758159321734837,0.7638711539001619,-0.5166113305350422,0.3121696910493128,0.06612776178399216,0.23754073759005223,0.4918432317141317,-0.1636453865078522,-0.5552153794756052,-0.5949453206852056,0.04519107723999838,0.5938541221300042,0.16288741186072642,-0.24719223510483346,-0.20041911703395243,-0.006637601725671516,0.5362950009799548,-0.9226235067577448,0.0,0.0,0.0,0.0,0.0,0.0,0
26.10890850307042,0.3048443476064708,0.9246947739079552,53.223755370825884,0.5823276423622884,2.0179154944881716,9,-0.18113900580613418,1.8721020388390741,-0.371923908384197,-2.0179154944881716,0.8201852801703069,0.9183314852079789,-0.48719278395143917,-0.20270750250839598,0.027275226713264544,-0.14573430994558123,-0.1754445991789737,0.6356344431572154,-0.2825994402978509,0.08629019411614536,0.9246947739079552,-0.20305706929605805,0.0,0.0,0.0,0.0,0.0,0.0,0.0,0.0,0.0,0.0,0.0,0.0,0.0,0.0,0.0,0.0,0.0,0.0,0.0,0.0,0.0,0.0,0.0,0.0,0.0,0.0,0.0,0.0,0.0,0.0,0.0,0.0,0.0,0.0,0.0,0.0,0.0,0.0,0.0,0.0,0.0,0.0,0
25.95065565686862,0.529416733074922,2.434563398948182,52.94504990924659,0.6883915825017569,2.655037343484601,27,1.0417593165987284,-1.060359377811757,-1.140476742665907,1.3894625771222522,-0.6613429166516553,-0.18599744335816126,0.021850115588058827,-1.063499114686266,-0.31164095203602216,1.0347638927582352,1.1009507440762505,-1.4497474433052773,-0.4576829272366645,1.0026836251966813,-0.9862207200222421,-0.7611566051934275,0.1779995825367635,0.882396752813051,-0.15185630331494337,-0.3865054708153295,1.2597847177836172,-0.4714249456948778,-0.882131242485169,-0.6499161617102942,0.9178495046004223,1.0842679153846078,-0.6960375973496369,1.1273588567865716,0.6753496703170327,-0.7270471095681046,-0.5249290631369767,-1.4784489158712404,0.6036011305722369,1.0642019516588732,-0.8709959477811537,1.1376153939656177,0.028771077256219968,-1.1986265189394771,0.1396379899143092,-0.530458787301562,0.6445459812014782,2.1761745573693148,-0.9579921112617455,-2.2623983470434013,0.2528170583538518,0.6835509623833715,0.16332548492658816,-0.31104078517120826,0.3245029249201572,1.0143286318903506,-0.39764017228607784,-0.13713310157780256,0.0,0.0,0.0,0.0,0.0,0.0,0
25.94463225430192,0.3733710804942614,1.6185169181997239,52.96573207414059,0.8880066020755958,3.786520141614453,24,0.8008951011027285,0.14493419209441072,-1.0729430385116636,1.656239765591124,0.7236319374630504,-1.56666823571787,0.016639236730554785,1.2544339556020603,-0.9716538375809307,0.24052509880124262,0.684887878898035,-1.5910282245599205,0.34836167928587614,-0.1252003723105446,0.08651422762296335,0.491064376060784,-0.31651760094711534,-0.6499965073539684,0.4405977065404407,0.9677292793410928,-0.3931022308583785,-0.261348632284907,0.06148458465554896,0.4529855421917546,0.1190004784557459,0.8290907522772173,0.3376728798738071,-0.46356678037000165,-0.8013588155748472,-0.26259616428637145,0.09444806494861524,-1.9642305507042224,-0.09103730960545775,1.9275395160562354,0.16834938779363995,1.0234013428817406,0.8792159871108503,-3.786520141614453,-0.4267544693749734,2.959924047431315,-0.8519075322493315,-0.6789928941856758,0.2653213897900848,-0.5523491426131812,0.4866070949325376,1.3207388695479167,0.0,0.0,0.0,0.0,0.0,0.0,0.0,0.0,0.0,0.0,0.0,0.0,0
25.995044654037745,0.40586923195538205,1.3019507934590564,52.937296719863056,0.8750253471246363,4.167554342907991,28,-0.5403548509376215,-0.780034775358672,0.509107490714964,-1.0225793521111939,0.544347195542116,1.7215404268615018,-1.1241438739140968,0.2883393567471657,0.9546149726630162,-0.5308690104887432,0.176865519496328,0.35324288102845713,-0.6280718124660467,0.7486351100673048,0.1467986067706022,-1.125398949871709,-0.25642363996716,0.10499064390155155,0.08472095588135531,0.1655149377503662,0.5640811369331722,-0.23538727290184625,-0.046561566335888926,0.0002065842902965187,-0.16578120034003518,1.6178571845800818,0.1072426084450484,-1.2663006283873628,-0.20394590848933092,-0.33803426805761205,-0.7134491169830035,1.3448886477900288,1.14543378218794,-0.23912600644413118,-0.9787448487429664,-0.36889865579419023,0.3966759701930407,-0.9871770943819271,0.4766954975511837,2.6736506585175874,-1.12724215543669,-3.438502386357179,1.0128849829318654,-0.1723453824826251,-0.9083253926722321,1.7312798898794526,0.8934279429598533,-0.5918522227611618,0.3039632602395699,-1.6961342411864777,-0.9700981628806318,1.8690365691668092,-0.06503464678198512,0.1757296316896486,0.0,0.0,0.0,0.0,0
25.9462823462851,0.41242140936883676,1.5964360743276522,52.77293986843087,0.853919920053427,3.5166472977217182,27,0.1655733498669072,-0.7736552829535839,0.7233817706881318,0.45604314984536387,-0.17464792878457303,-0.31403866023473626,-0.5837278860906459,0.6214253422518965,0.3784247595050161,-1.362130965847797,0.1626985385566897,0.9662220957992602,-0.9055908382281146,0.06279622086491798,0.6339879746952697,0.19377195069250774,-0.08704999773701161,-1.3933712444220347,0.25065586206883594,0.6958792215294665,-0.8008046654471919,0.8615675614478917,0.4548940937333086,-0.3001423398505736,-0.3600635864107282,1.206400010273292,0.5431786749505072,-1.8105496746857597,-0.5786253103565215,-1.1662822055512834,0.13995242420158505,1.216705449117299,0.3339718497730928,-1.7565208666019743,-0.5314422847029796,2.6913039471239415,-0.33777215385989123,-0.5642618628440559,1.3274838409834935,0.32118690278914386,-0.8412907485655694,0.12744443923592286,-0.37818451110428697,0.38585340350616093,0.14557739371756284,-2.9047301295392742,0.5044328494278645,0.4391887838016686,0.8384172498685878,1.029272611416303,-0.8583922691279078,0.3612077236243536,0.0,0.0,0.0,0.0,0.0,0.0,0
25.952280152830756,0.4274792027218703,1.4387043825818964,52.86004256386691,0.8486611994016957,3.092317204393325,15,-0.4354535051248405,-1.4283206343082924,0.3741964411863954,1.0337414060669659,-0.2808306131950573,0.09026769193479112,0.9647263146320064,-1.6668868014176041,0.38061223995855187,1.2269600572474317,-0.6292774321749413,-1.6102165375100412,-0.4477696016492807,2.7888361692720878,0.7090876875109835,-2.229963861644002,-0.39176775524398977,0.9029672497744059,0.5270537060111664,0.14719271947115686,-0.9801377961457121,-0.7657868630819138,0.03471248697032081,2.2490717906015902,0.8010810058896318,-2.0327196045963447,-0.3732130023565965,0.3375213144552234,0.0,0.0,0.0,0.0,0.0,0.0,0.0,0.0,0.0,0.0,0.0,0.0,0.0,0.0,0.0,0.0,0.0,0.0,0.0,0.0,0.0,0.0,0.0,0.0,0.0,0.0,0.0,0.0,0.0,0.0,0
26.128978353619846,0.4304161027989303,1.6910131511941948,52.86905270197313,0.7383022628832926,3.3090932675954434,23,0.3516250643523797,-0.7412455315187572,-0.18200195428196508,0.8496966962660863,0.8221250555240225,-1.982356477682032,-1.128319182601512,0.6052783986984096,0.7151226603552665,1.134480309155201,0.30008065206064316,0.808466272824198,0.29342379682451636,0.7608682869176349,-1.2709500814558616,-0.967993829918683,0.9180798872667957,0.1062922733013636,-0.4092424502538172,-0.3371075504911616,0.42317035207178577,0.5804517565130709,-0.8484551969280218,-0.5000236405722873,0.26420462939277556,0.12738330137211307,-0.123710773975656,-1.5489989409847382,-0.0435645089166421,1.461277915964537,0.24597441433673595,-0.1917560023017657,1.2268797704156746,-0.3515257239468994,-0.9130087596458338,0.05889654950080114,-0.5100016508377685,-0.7930646778506016,0.02958245074081134,1.498350131461919,0.427254863361199,-0.24327723656225686,-0.37435529554791813,-0.13262556087066457,0.0,0.0,0.0,0.0,0.0,0.0,0.0,0.0,0.0,0.0,0.0,0.0,0.0,0.0,0
26.076966808960606,0.43651778636981803,1.6125998027684751,53.21301472920347,0.8596246441230859,2.8928146396814043,20,0.34998140300463376,-0.22364941584972797,-0.48344736094733776,1.03627364814556,-0.4809083619961996,0.15851705737750876,0.4723111171311345,-2.466327488423751,0.35333821727892456,1.8026196790042164,-0.5025620498617585,-1.4262657129814187,0.5071434223504916,2.4520747992291447,0.27872788374249424,-1.0544193021319046,-0.46224007973473036,-1.0108780548584306,-0.1340891985243715,0.4656225203398279,0.42864584825228746,-0.03812469626264203,-0.8427223763317571,0.6512721609215788,-0.04930450312784629,0.41343972903332826,0.34406877438197014,-1.7520959169193517,-0.11265358494274125,2.389569434307056,-0.155731260238003,-0.18645151447301345,1.3169052251446232,-1.9848109403295098,0.1707623672477574,0.7585002895626829,-1.2628491258749364,1.3104053998016028,0.0,0.0,0.0,0.0,0.0,0.0,0.0,0.0,0.0,0.0,0.0,0.0,0.0,0.0,0.0,0.0,0.0,0.0,0.0,0.0,0
25.816890225480584,0.7362631099139484,2.202445646563504,52.963320957146024,0.5885549059639832,1.9818929710814288,8,0.4211229324024188,0.4414365854890079,-1.1657548084029123,-1.311763462092543,1.41793458619021,-0.6701295089888859,-1.564230271179511,0.9492054891996347,1.8003377925477189,-0.5415499936500723,0.4021078540157852,0.6717495020517035,-0.5772923964285752,0.14238083013545833,0.0,0.0,0.0,0.0,0.0,0.0,0.0,0.0,0.0,0.0,0.0,0.0,0.0,0.0,0.0,0.0,0.0,0.0,0.0,0.0,0.0,0.0,0.0,0.0,0.0,0.0,0.0,0.0,0.0,0.0,0.0,0.0,0.0,0.0,0.0,0.0,0.0,0.0,0.0,0.0,0.0,0.0,0.0,0.0,0
25.964264841505468,0.6245157378913468,2.0597034931675005,52.94197242483522,0.594568104598007,1.660753227974304,6,0.992657878168874,0.5943461426124017,-0.13401560313734606,-0.10561137816949184,0.035454356654323504,0.7044886383745421,0.5487869210531073,-1.6371422708841763,0.6168199404285417,-0.023610957090127727,0.0,0.0,0.0,0.0,0.0,0.0,0.0,0.0,0.0,0.0,0.0,0.0,0.0,0.0,0.0,0.0,0.0,0.0,0.0,0.0,0.0,0.0,0.0,0.0,0.0,0.0,0.0,0.0,0.0,0.0,0.0,0.0,0.0,0.0,0.0,0.0,0.0,0.0,0.0,0.0,0.0,0.0,0.0,0.0,0.0,0.0,0.0,0.0,0
28.863849833638763,3.036801879808682,7.919362106667595,51.89849944153659,1.803555406544229,5.30990037829924,7,0.1609949523879486,-0.5163264825516123,-0.4241105928046842,-0.5728174581669023,2.6856326703020486,-0.6400336657803436,1.9700809643905082,-1.6507459034176435,2.198232982016094,-0.43343914062428723,1.0654154899589443,-1.4965377277584508,0.0,0.0,0.0,0.0,0.0,0.0,0.0,0.0,0.0,0.0,0.0,0.0,0.0,0.0,0.0,0.0,0.0,0.0,0.0,0.0,0.0,0.0,0.0,0.0,0.0,0.0,0.0,0.0,0.0,0.0,0.0,0.0,0.0,0.0,0.0,0.0,0.0,0.0,0.0,0.0,0.0,0.0,0.0,0.0,0.0,0.0,1
25.898498903941338,0.4482440427876746,1.0965034243911091,53.28696904473285,0.3100918453082029,0.8739498090806919,5,-0.9342874739454246,0.22355195539935835,0.26905201927829836,-0.7483210669001465,0.8274514051128108,0.33037858040313495,-0.9950022209086882,0.5435712286775569,0.0,0.0,0.0,0.0,0.0,0.0,0.0,0.0,0.0,0.0,0.0,0.0,0.0,0.0,0.0,0.0,0.0,0.0,0.0,0.0,0.0,0.0,0.0,0.0,0.0,0.0,0.0,0.0,0.0,0.0,0.0,0.0,0.0,0.0,0.0,0.0,0.0,0.0,0.0,0.0,0.0,0.0,0.0,0.0,0.0,0.0,0.0,0.0,0.0,0.0,0
26.076508524371558,0.378844506344677,1.208481415651221,53.1316564215934,0.6532715771332629,1.7148289321789179,7,0.015828131037718407,-0.8280611460916276,-0.5411402198581712,-0.2732835976334158,0.1101645817455541,1.7148289321789179,-0.7775057775386038,-0.1254721749329164,0.5932427901345143,-0.8956972820079443,0.2188325983384125,1.0117906814977573,0.0,0.0,0.0,0.0,0.0,0.0,0.0,0.0,0.0,0.0,0.0,0.0,0.0,0.0,0.0,0.0,0.0,0.0,0.0,0.0,0.0,0.0,0.0,0.0,0.0,0.0,0.0,0.0,0.0,0.0,0.0,0.0,0.0,0.0,0.0,0.0,0.0,0.0,0.0,0.0,0.0,0.0,0.0,0.0,0.0,0.0,0
26.010533458617886,0.4742434827874741,1.8610463370557433,53.140424959502106,0.6984978356647599,2.293582929618964,15,-0.21650913680923622,0.10079736998630295,0.5060567178142321,1.097647964405418,-0.3627254973666254,-1.216132274868876,0.3890731456264831,1.770691351541359,0.43191503835139855,-1.4153808943512942,-1.8147292981246999,0.6603883689133241,1.5088057877026522,1.277884103515575,-0.4759834692492859,-2.244378298658532,0.4603046584411352,0.6199880839302878,-0.678445852867295,0.7883371310340195,1.0463652130285368,-0.08232462060862389,-0.14149018513329636,-1.0232741592927113,-0.17246423474881922,-0.15113210182599346,0.11243678463372575,0.22687560398144058,0.0,0.0,0.0,0.0,0.0,0.0,0.0,0.0,0.0,0.0,0.0,0.0,0.0,0.0,0.0,0.0,0.0,0.0,0.0,0.0,0.0,0.0,0.0,0.0,0.0,0.0,0.0,0.0,0.0,0.0,0
26.020579529364543,0.3391161618342734,1.235563569947594,53.2674691409471,0.8566866584605751,3.102340465497811,16,0.5829175818049421,-1.262951201943494,-0.10517600106272695,-0.031699709054379355,-0.13289042268656814,0.0865864489308592,0.11583786673687513,-0.8739580672556784,-0.663610523042788,1.5327106380327962,0.18868895309818967,-1.2711594436013556,1.0468746168494043,1.47238933323856,-0.7273362826160081,-1.6780879151735135,-0.45213470165939995,0.8322278497099589,0.28003445786547587,-0.4389264729787712,-0.19699846537016086,0.0806583083089123,0.7159524156717048,-1.5501302337117053,-0.7292825245297792,0.5494541095880763,0.3024865930576581,1.9945241380513679,-0.35332656549711317,-2.239019389956006,0.0,0.0,0.0,0.0,0.0,0.0,0.0,0.0,0.0,0.0,0.0,0.0,0.0,0.0,0.0,0.0,0.0,0.0,0.0,0.0,0.0,0.0,0.0,0.0,0.0,0.0,0.0,0.0,0
25.93736423282909,0.6087709087954652,2.16611292279169,53.04318368116582,0.7234308583869171,2.555812247470513,23,-1.6004722675988674,-1.0317507619654194,-0.5656406551928228,0.7193269638432156,0.5201058526014677,-0.3851849641882694,0.0020207215146079704,-0.08706492665241683,0.004674454925357452,1.2208486965351213,0.834742147338634,-2.0442854104623436,-0.28236150957333095,-0.05802285613184921,-0.7356014007385063,0.10549288977728821,1.2723110398685087,1.0032925797327152,0.23841641165977734,-0.2335124038519112,-1.79902245907099,0.5253586214264345,1.4413283786157258,-0.6289417747379176,-0.6738830298621075,-0.09564445875507488,-0.3859476274436737,0.41980745061678704,-0.2565908328374782,1.0938413355209704,0.5012050220782704,-2.2869998947561925,-0.03453525313008399,0.19370826728206936,0.3346745427042457,0.7690029328069343,0.9992745265811429,1.5931010473815093,-1.3269820035633444,-2.4832982518445803,-0.4493214584133334,0.8493230730324441,0.5381928342547724,-0.6939253628865458,0.0,0.0,0.0,0.0,0.0,0.0,0.0,0.0,0.0,0.0,0.0,0.0,0.0,0.0,0
26.120619942635113,0.7442716777408432,2.004710194398328,52.806877824842374,0.8722695641913427,2.6256320519165754,5,-1.093375167989489,0.8242529893646804,-0.9113350264088389,0.9439410692883996,0.4168446675981734,-1.1942101283009023,-0.3926234568565441,-1.431421923615673,0.0,0.0,0.0,0.0,0.0,0.0,0.0,0.0,0.0,0.0,0.0,0.0,0.0,0.0,0.0,0.0,0.0,0.0,0.0,0.0,0.0,0.0,0.0,0.0,0.0,0.0,0.0,0.0,0.0,0.0,0.0,0.0,0.0,0.0,0.0,0.0,0.0,0.0,0.0,0.0,0.0,0.0,0.0,0.0,0.0,0.0,0.0,0.0,0.0,0.0,0
25.98561810892548,0.4290961135780209,1.7581768818492236,53.02899918169844,0.8176825359794399,2.845427380165532,14,1.0947426839794012,-0.9923114652441356,0.14552885948915417,2.228966116932753,-0.5256690863948528,-1.2217877579071015,0.19086288096712423,0.5658069012819382,-0.5777456456288341,0.10828405034025224,0.6516950870580622,-1.0408151839023176,0.17428342786981332,0.3446159101812327,-0.5083297938673823,1.2256087640277755,1.1128084683767376,-1.9613440131871585,-1.2637794981663752,2.5960925923981577,0.5602914653829458,-2.298232688026822,0.2824203078428127,-0.3477157370913915,-0.46280335992699406,1.0494611818632364,0.0,0.0,0.0,0.0,0.0,0.0,0.0,0.0,0.0,0.0,0.0,0.0,0.0,0.0,0.0,0.0,0.0,0.0,0.0,0.0,0.0,0.0,0.0,0.0,0.0,0.0,0.0,0.0,0.0,0.0,0.0,0.0,0
26.138273608599473,0.2261181913853718,0.6828230272920202,53.27012414995659,0.4170397715855134,1.2883361030243208,5,0.16920208827032113,-1.2883361030243208,0.513620939021699,0.5612173165936838,-0.44701772646502036,0.10915556109112856,0.07168684472336295,-0.24331803103480354,0.0,0.0,0.0,0.0,0.0,0.0,0.0,0.0,0.0,0.0,0.0,0.0,0.0,0.0,0.0,0.0,0.0,0.0,0.0,0.0,0.0,0.0,0.0,0.0,0.0,0.0,0.0,0.0,0.0,0.0,0.0,0.0,0.0,0.0,0.0,0.0,0.0,0.0,0.0,0.0,0.0,0.0,0.0,0.0,0.0,0.0,0.0,0.0,0.0,0.0,0
26.106710629439945,0.5469657482621177,2.509287449563317,52.940100297158494,0.6201036042824151,2.3985388087870803,23,-0.4477168604180264,1.3237113843619852,0.07208024179177386,-0.9156226135601884,-0.573969986295765,-0.8464032010771163,0.8661279386173995,0.35253578445372113,1.0899074645703735,-0.006459115649299463,-1.5498361886177143,0.5226876121644963,0.5644444849794468,-0.6362256100674983,0.3116283715077621,1.805813260618578,-0.8844180908257435,-0.9718852002719345,-0.9511060266070679,-1.2829758360333727,1.5603503234703062,2.3453243106133286,-0.3081000084302623,-1.265539054283252,0.1160113529239517,0.4414209460226175,-0.12821929186799963,-0.15940140575351336,0.5524538820731024,0.08854457749880851,-0.6286632941714316,-0.6087448482797271,1.1342038152701868,0.53941753788677,-0.736417573271801,-0.3839996064721021,0.15671801812588626,0.4090731131912051,-0.5024578797396266,-0.4382655262195527,0.15213798521396527,-0.08345164524185122,-1.0002404799811515,-0.9375928971364829,0.0,0.0,0.0,0.0,0.0,0.0,0.0,0.0,0.0,0.0,0.0,0.0,0.0,0.0,0
25.86320379279914,0.46767892351437707,2.104099655986012,53.13025836688275,1.0657167465757427,4.178445229290489,19,-0.08690815447910083,0.35918111898212146,-0.09504906594021989,0.18101448994408287,0.09138574453320203,-0.7797285221253176,-0.2605397639641893,-1.5340446856994419,-0.027075601743113964,2.8498262012379243,0.2570434440751157,-0.4255511192182695,-1.0537129570407977,0.16845428720525035,0.8190936874673973,-0.7423081990100329,-0.16766667315959083,0.4526511539184739,-0.061771463727140485,-1.880654613949332,0.25724507600832425,0.7434264930112775,-0.5125541373677969,1.8117044382056946,0.5149415997040485,-0.9306748176196677,0.2708880504011262,1.4706939236899856,0.409547151374408,-2.275189655344164,0.5743763652852358,2.8214823062212773,-2.0138618504660215,0.11458483094207139,0.4473185078126498,-2.672238821705328,0.0,0.0,0.0,0.0,0.0,0.0,0.0,0.0,0.0,0.0,0.0,0.0,0.0,0.0,0.0,0.0,0.0,0.0,0.0,0.0,0.0,0.0,0
25.989208954268946,0.559244346344668,1.9466563921527182,52.85916146342374,0.8875966664157798,3.1182306738435344,19,-0.9294835342336647,-1.0805419241316585,0.38204179674335137,2.0490317691421964,0.6672304379844505,-1.4955877554668717,-0.6840217906373027,-1.0680096348266375,0.5907206243445913,0.7710512614404621,-0.7098930872062077,-0.7603347169487122,-0.23005894281167727,2.235606603826348,-0.2718311242753124,-1.8010180970833716,1.4537749620867402,0.9222517980357878,-1.2247976254535402,-0.7705253037814401,0.9420288858797576,-0.11577133182426991,-0.8735668084592376,-1.035893497214829,1.1586654723666001,2.0067430274172935,0.4446994033376406,0.5608053197108944,-1.9466563921527182,-1.7721190671954687,0.3008868127657607,-0.5034092269068182,0.9289441489810173,1.8788361261892064,-0.1300444702187029,-1.9596459134752635,0.0,0.0,0.0,0.0,0.0,0.0,0.0,0.0,0.0,0.0,0.0,0.0,0.0,0.0,0.0,0.0,0.0,0.0,0.0,0.0,0.0,0.0,0
25.967791005725996,0.5061018734814499,2.035765791547483,52.91247679260876,0.6650191937496582,2.3183819401814603,20,0.6758775819779608,0.4460302977790178,-0.6433008530713664,0.6008357243354823,0.16551410185911664,-1.8819746258589447,0.5305465069821054,2.2107256557759882,-1.3915471349188238,-1.7988429549784257,2.035765791547483,0.6654494436532161,-0.7993895567312919,1.2410497957306816,-0.6683030724346324,-0.7327457655861735,0.1378603215583425,0.00921618422420778,1.0044458737738218,-1.216124794847019,-0.1952967215933512,0.10923208757701275,0.3928638611055568,1.5882738659942106,-1.0347617510447265,-1.2243199537226488,0.48966334097752195,0.07538533774763323,0.06499203731643632,1.167090499483649,0.13434979423427862,-1.6110918371393907,0.2160068115899172,1.0553189426046288,-0.9222725146382089,-0.1810622453748536,0.3015468190419348,-0.036474441624747556,0.0,0.0,0.0,0.0,0.0,0.0,0.0,0.0,0.0,0.0,0.0,0.0,0.0,0.0,0.0,0.0,0.0,0.0,0.0,0.0,0
26.02000255416783,0.4417989720932423,1.6846806247712678,53.011200007903284,0.8032657359445986,3.2618844034438865,22,0.38360109520167285,0.3896919453574057,-0.8710944969533614,-1.0023297617350195,0.9945170397847249,0.43214119651832306,0.2756674174598075,-0.28119455577048313,-0.22518212773069024,1.779974614633133,-0.5334112816689185,0.26005172125286435,0.8343945985228451,-1.771188496855629,0.10772499795538337,2.8420999236656783,-0.5348288790050226,-2.9578811639529974,-0.0843752714810293,0.40862061729558974,-0.3843727361343774,0.7329396707853277,0.10651514594950484,0.07550145492677274,0.7394260105702877,-0.7250488460439115,0.38860571054875237,1.1306111641550345,-1.1321819994423201,0.08357618049774374,0.12183932161942579,-0.965110767189465,-0.23796976263643188,-0.1139422882879586,0.10821272805025828,-0.3683519051964126,-0.4135954379254727,-0.34376379384120526,0.8435838049243181,0.19182873508850662,-0.8486388156999709,1.0759944505801329,0.0,0.0,0.0,0.0,0.0,0.0,0.0,0.0,0.0,0.0,0.0,0.0,0.0,0.0,0.0,0.0,0
25.876212770110556,0.38004440052906563,1.255159716360204,53.11038289907837,0.9141250155036527,3.530965486925325,18,0.2066641913761309,-1.9494727464048225,0.49316067978958245,0.12910093575867876,-0.7367786480706506,0.748996547210659,-0.10494879359470843,1.2230269795077149,0.8990445870335826,-1.2124313078205162,0.35611512932662137,0.4886940316650126,-0.04538818856413229,0.13537812982903574,-0.4874797661586996,0.1503650659588942,-0.10738591890489246,0.9987826853912267,0.16308979826159842,-0.6959447470893991,0.4702284249283153,0.24225517123864648,-1.1244475266082858,-0.8994076132055469,0.23967518613016026,1.280240183320501,0.19982583440339852,-1.1215169542101577,0.06776331385666268,-1.6215422864769664,0.09388421429067861,3.530965486925325,0.014784115367444173,-1.9297632485099143,0.0,0.0,0.0,0.0,0.0,0.0,0.0,0.0,0.0,0.0,0.0,0.0,0.0,0.0,0.0,0.0,0.0,0.0,0.0,0.0,0.0,0.0,0.0,0.0,0
26.134633253785328,0.5700589839624973,2.751710517839328,52.87746167934248,0.7577132676298433,2.9986594037105547,27,0.2791388972938016,0.05579647782376185,-0.28131587310944184,-0.0510241723250644,-0.348739768155955,0.4732992425046021,-0.252282844258108,-0.15650340701572674,1.1424939354595267,-0.03340721851424178,-0.19463152370535042,-0.6285210356055728,-0.7629239117204563,-0.5857545422772148,0.4916627043342139,1.5148634389719575,-1.777399119815442,-0.5071608120123514,1.802583851778575,0.27849541679714207,-0.6575109571853517,0.022329568604021688,1.6066376232461046,-1.9708283390883707,-0.7809315390107834,2.9986594037105547,-1.5616533963610344,-1.8292908607684666,0.6306920137493144,1.5512375844154889,0.38594026019439553,-0.7594306534949027,-0.051509640421897984,-1.2025816891075323,-0.02258353589786921,0.29674582979806985,0.5361687286282795,0.014812684257329067,-0.7627547330495332,0.046010177068829705,0.23422322881969393,-0.9101966213413775,0.7992016898176182,0.7767150836171695,0.008073661757368455,1.4126750058234379,-0.2822405937891297,0.08189900817471596,-0.6637326682966531,-1.396810766339577,-0.1787989312915208,-0.9572880305002869,0.0,0.0,0.0,0.0,0.0,0.0,0
25.900907228851302,0.36361427582991607,1.557840460741641,53.05744563057485,0.7677280470289943,3.253903254304774,25,0.35892979895468,0.14519481249672594,-0.046817475851220536,0.9900979276957997,-0.20664251931946964,-0.8485687113542966,0.04517856738284465,-1.3552251672923177,0.0987285337288526,1.5167008650280778,-0.10602400463652373,1.3421433497313515,0.031450397625384596,-2.01309404142404,0.17267848161316834,1.798833049542452,0.3295436348882994,-0.7448622013336745,-0.05215229205780858,0.4470364174526722,-0.3956116416835833,-0.24065463036290424,0.11273860965110316,-0.5581178599502508,0.8305212085750853,-0.6328313660166955,-0.1788576566748219,0.631135048102955,-0.2192078422753525,0.04600609515327392,-1.1597749617914666,0.5907021300520086,0.9391911839553586,-2.5780558955205706,-0.3912614375511616,0.6569120126714623,-0.1405194834336534,1.3329388510014653,0.2984114879582158,0.07714173388330181,0.7033816989844155,-0.959964879598715,-0.07939868505683023,0.9796028177370104,-0.7538959254906885,0.25686223691377563,0.35206724111886345,-0.6984516881125984,0.0,0.0,0.0,0.0,0.0,0.0,0.0,0.0,0.0,0.0,0
26.099751595253014,0.4757401692830911,1.205021229965304,52.90881133899699,0.7051236192711416,2.220235280223875,9,0.039764886337071204,-1.7506366440504664,1.1652563436282328,1.332449668241388,-0.047247475710360476,-0.24693023183458962,-0.6565609734245115,-0.44806187046035006,-0.3190945955155513,-0.7631336455212434,0.9421287283894202,0.21519507122387438,-1.0315632920416604,0.8111126663631438,0.46167618474035876,-1.3702302941856317,0.0,0.0,0.0,0.0,0.0,0.0,0.0,0.0,0.0,0.0,0.0,0.0,0.0,0.0,0.0,0.0,0.0,0.0,0.0,0.0,0.0,0.0,0.0,0.0,0.0,0.0,0.0,0.0,0.0,0.0,0.0,0.0,0.0,0.0,0.0,0.0,0.0,0.0,0.0,0.0,0.0,0.0,0
26.079643283317903,0.41095175784054266,1.642548224173332,52.984912080016,0.762509150564656,3.2071410031155807,23,0.631794782148372,0.3275936877736143,-1.62858596857291,-1.2239790652598472,0.9009649638030695,0.813609787926076,-0.030286013585371307,1.355403679210923,-0.37813466896566794,0.16345503970769926,0.3119903110888096,-0.8472817506239068,0.23802122514547364,0.1346694907233399,-0.5292109403329164,-0.611430006428165,0.4008248440572366,-0.2641840693031128,-0.537571410292859,0.9683648540533056,0.4077128119686293,-0.8080924198301389,0.5665054946261918,1.704115339386611,0.023395445223691524,-1.0253948269064068,0.09863762452342684,0.029344029050413667,-0.637204066934359,-1.2038318540050597,-0.11254142963853297,-1.007258351254528,0.5323404814449653,2.210974905662063,0.21446090491217262,-0.7536242555400747,-0.5417196904519379,1.184699047737503,0.71436233758131,-1.5173719087179265,-0.4007902571261255,0.3052260315728077,-0.6407974729495045,1.320535242717277,0.0,0.0,0.0,0.0,0.0,0.0,0.0,0.0,0.0,0.0,0.0,0.0,0.0,0.0,0
26.282856236493814,0.37875981622034544,1.0258848127569706,53.791982392372084,0.34445844646740936,0.9120278174461163,5,0.9348615290913251,0.873114017052842,-0.8800494157026613,-0.5508549647900765,-0.14583539705430937,0.12115700556358888,0.5216361836605046,0.46861175961976187,0.0,0.0,0.0,0.0,0.0,0.0,0.0,0.0,0.0,0.0,0.0,0.0,0.0,0.0,0.0,0.0,0.0,0.0,0.0,0.0,0.0,0.0,0.0,0.0,0.0,0.0,0.0,0.0,0.0,0.0,0.0,0.0,0.0,0.0,0.0,0.0,0.0,0.0,0.0,0.0,0.0,0.0,0.0,0.0,0.0,0.0,0.0,0.0,0.0,0.0,0
26.14578055735768,0.412180829164724,1.5315816591990057,52.8700880192334,1.1040576931229802,3.7510722766539857,14,-0.3877477152855029,0.6461814565470263,1.1102767943948777,-0.07281175015313579,-0.29849885560817313,-0.6390954019839441,-0.542588931056482,1.2389617242075772,-0.2256093509519772,-0.3472187830726128,0.03244402150385994,-0.41120033907458264,0.2453663597287168,2.178402187869132,-0.1869112181108079,-3.6128956923304614,0.5872783487629221,1.254054308197496,-0.3302411069371054,0.22929354903979515,-0.716385827420325,-0.6253035544281289,-0.09643509910963388,2.8930279738448235,1.0687071836071986,-0.008440631961910583,0.0,0.0,0.0,0.0,0.0,0.0,0.0,0.0,0.0,0.0,0.0,0.0,0.0,0.0,0.0,0.0,0.0,0.0,0.0,0.0,0.0,0.0,0.0,0.0,0.0,0.0,0.0,0.0,0.0,0.0,0.0,0.0,0
26.096280910272878,0.4673733578943433,1.8518278242109432,52.643778116290555,0.7369515933512688,2.478400406858995,22,0.45317696338908675,-0.7971163625509448,0.32784608801868487,0.4276377617775253,-0.7213389853230261,0.4742333432254924,1.061018902764605,-0.5738781862524789,-0.2011921681262976,-0.7244159006100972,-0.26458398597077704,-0.2778158447483676,1.1969010094586672,2.4129948277363695,-1.2013457763064324,-0.5028598186024666,0.519404382657271,-0.08773946606940086,-0.2943722883144524,-0.08584125928492625,0.6146357856528972,-0.5726335224886157,-0.17707630756959958,1.073414929518428,-0.6922930517027162,-2.0268887778216254,0.018160185133915263,-0.2758524921103884,-0.5388671135636685,1.5059547113694691,0.728684961701834,0.2650781384230356,0.2693429884877858,-0.8110498744343673,-0.35825635263579514,-0.5673721856224176,0.7312390195768863,1.7471956802396988,-0.62774723610314,-0.8016751169824019,0.5511496617534526,0.8844137343208516,0.0,0.0,0.0,0.0,0.0,0.0,0.0,0.0,0.0,0.0,0.0,0.0,0.0,0.0,0.0,0.0,0
25.912821518705865,0.5241573006439841,1.9067870626914605,53.27469871031225,0.6951106396834099,3.083462949749382,29,0.6092746251308192,-1.002693465404242,-0.512574182510587,1.4667637419539759,0.16892804867754307,-1.6129132367324104,0.19060837411626608,1.9948127599618317,0.5717576662149462,-0.9540245919602057,-0.02424172784510148,0.8091394376701899,-0.47305824535399665,-1.80907369146869,-0.7742546188544885,0.6950614992752548,1.8527462151843679,-1.0994470422308424,-0.8817287945342542,1.450614760370847,-0.41526272713239365,0.044041824574343025,0.6956104756856156,1.1983859082912502,-0.0352428052734588,-1.531987296785232,-0.2635608177615687,0.19364352422915232,0.23560374032073383,-0.9559396632079,-0.651780428024761,0.8097677993112171,0.9574713417922531,-0.7370164650582538,-0.8783899689666796,0.3966015740236628,0.19564871972671938,0.04692392216303887,0.6271857357275046,-0.42145642791597027,0.27757857442933087,0.3321999759129284,0.1909078015180512,-0.3505922130043331,-0.26498816478988374,-0.0035487642563296617,-0.689935211134177,1.1651166212288828,-0.6084804426493413,-0.7210008077406869,1.4730443273516798,0.13732210429909486,-0.017179798348958997,-1.4434968329486537,-1.0213360711292374,1.5046104806527438,0.0,0.0,0
25.932030978366416,0.44041582329945866,1.223120967210729,53.13293701442484,0.8351317200329123,2.7673964929104145,8,-0.3808755696180839,0.6541997193979441,0.3363425122495691,0.8276164753422748,0.8530975830302943,-2.7673964929104145,-0.16085934256108203,1.828639635356204,-1.062261624649647,-0.6928263783429074,0.28743025950814527,-0.28756107716183976,-0.2534484235308305,-0.45452387271057404,0.0,0.0,0.0,0.0,0.0,0.0,0.0,0.0,0.0,0.0,0.0,0.0,0.0,0.0,0.0,0.0,0.0,0.0,0.0,0.0,0.0,0.0,0.0,0.0,0.0,0.0,0.0,0.0,0.0,0.0,0.0,0.0,0.0,0.0,0.0,0.0,0.0,0.0,0.0,0.0,0.0,0.0,0.0,0.0,0
26.05265942897415,0.4159638253234667,1.6143908168393253,53.15455522382721,0.5670625075598663,2.0836776697089405,12,0.206099592263552,-0.21378141388585448,0.23998670010269763,0.5746197354890441,-0.8127653341385965,0.16022070558828716,0.8660034403755894,-0.2731584519281185,-0.7722930814723057,0.6664355487935865,1.02522300424517,-1.629092755901567,-0.6364182830733576,0.10115884527392183,-0.05107101146541382,0.7996425273246999,-0.9269015223005539,0.20405983650480408,1.2237952034572501,-0.1160663563624098,-0.28141602818566724,-1.4433797665483894,0.0,0.0,0.0,0.0,0.0,0.0,0.0,0.0,0.0,0.0,0.0,0.0,0.0,0.0,0.0,0.0,0.0,0.0,0.0,0.0,0.0,0.0,0.0,0.0,0.0,0.0,0.0,0.0,0.0,0.0,0.0,0.0,0.0,0.0,0.0,0.0,0
26.127459154689845,0.47810174596775834,1.4503462696644682,53.33777943565064,0.5444824786963599,1.7092605507174667,8,-0.701346829560773,0.23467453593315923,-0.17327717799047804,-0.8013997059730968,0.651653033107717,-0.31359130452581496,0.6963561230640707,0.7778619033359675,-1.2833174586332312,0.16456784920306688,0.0795408717267918,0.6514979470446107,-0.24656968275802882,-1.7092605507174667,0.0,0.0,0.0,0.0,0.0,0.0,0.0,0.0,0.0,0.0,0.0,0.0,0.0,0.0,0.0,0.0,0.0,0.0,0.0,0.0,0.0,0.0,0.0,0.0,0.0,0.0,0.0,0.0,0.0,0.0,0.0,0.0,0.0,0.0,0.0,0.0,0.0,0.0,0.0,0.0,0.0,0.0,0.0,0.0,0
29.78041128397977,1.5670772989597743,4.083130508736495,49.94785528314213,1.2817828380643574,3.77956939865026,5,0.9846845053167144,-1.0543450783201465,0.7271916751578367,-0.9896188362627072,1.9823061980403125,-0.43918276208462714,0.38894813022163177,-1.296422721982779,0.0,0.0,0.0,0.0,0.0,0.0,0.0,0.0,0.0,0.0,0.0,0.0,0.0,0.0,0.0,0.0,0.0,0.0,0.0,0.0,0.0,0.0,0.0,0.0,0.0,0.0,0.0,0.0,0.0,0.0,0.0,0.0,0.0,0.0,0.0,0.0,0.0,0.0,0.0,0.0,0.0,0.0,0.0,0.0,0.0,0.0,0.0,0.0,0.0,0.0,1
26.044295709037474,0.4132550869845381,1.4644803760250973,53.228877460322416,0.7989104969330147,2.724673592762258,21,-0.40971989885354887,-0.7887210831379292,0.46549715571983086,0.16194125132765436,-0.6228036856961872,0.6490014700267537,1.043412509088725,-1.021981395000715,-0.20742289896095656,1.7467648091806538,-0.35211886701243955,-2.006423261197156,-0.25505776096591504,1.956610566707731,0.5328486455920718,-2.3781467091402533,-0.2299305312803952,1.1937760678342855,-0.07698181365340062,-0.9280136573493394,0.40214061081450225,1.4096786286298624,0.19183537242351534,-1.2782389798716167,-1.3394736694460931,0.6152830388020121,0.10101353856786943,-0.7531305493485263,0.13506169093550469,1.2702137357665464,-0.36108193608237826,-1.2743811474446005,0.7198380360372028,1.8713328843054455,0.33143249040682576,-2.143529561363245,-0.31076737509841834,-0.27970464909340365,-0.25635167333028264,1.8377439971257843,0.0,0.0,0.0,0.0,0.0,0.0,0.0,0.0,0.0,0.0,0.0,0.0,0.0,0.0,0.0,0.0,0.0,0.0,0
26.02902715064257,0.2823043425066143,1.0247608537219008,53.00641436174714,0.7273124037140718,2.8040949058861884,15,-0.04709745458955794,-0.5702855058277692,-0.0030804767937624433,0.6520104139983331,0.26199451450361266,-1.3894238172247881,-0.912243811967052,-0.5961819694799289,0.5426364042186904,0.8295450499015189,0.1816267356255139,-0.3618113029649024,0.08143056238052537,0.0964872472494065,0.21906715149717115,-1.3827101133674944,-0.5511670031076648,1.9179557266791463,0.1284015864266408,-0.12329327269119261,-0.39742425978522533,0.6572516740494834,0.5648941399944221,-0.2319794924479126,-0.6293476229841772,-0.5827526910010903,0.722087281850893,0.8705563092333293,0.0,0.0,0.0,0.0,0.0,0.0,0.0,0.0,0.0,0.0,0.0,0.0,0.0,0.0,0.0,0.0,0.0,0.0,0.0,0.0,0.0,0.0,0.0,0.0,0.0,0.0,0.0,0.0,0.0,0.0,0
26.141003110322046,0.8893597989730995,2.6857266797833432,53.202117367155964,0.862288950193407,3.115717289585234,11,0.8657547745772405,-1.5839829869187412,-0.8916069932984882,0.2321042538719169,0.8606813606275985,-0.146576420990975,-0.7444934031074837,-1.6172621355474348,-0.6158380266314261,2.583586974673757,2.166781316795376,-0.10477409533623216,-2.3718380294949775,-2.047162389419185,-0.26488277756737233,1.2454209224827935,-0.04900587272099344,-0.3192778569841508,2.407208978772033,-0.11019580214614422,0.0,0.0,0.0,0.0,0.0,0.0,0.0,0.0,0.0,0.0,0.0,0.0,0.0,0.0,0.0,0.0,0.0,0.0,0.0,0.0,0.0,0.0,0.0,0.0,0.0,0.0,0.0,0.0,0.0,0.0,0.0,0.0,0.0,0.0,0.0,0.0,0.0,0.0,0
26.362060659765355,0.40054587315850376,1.2818949619908722,52.62677792230105,0.41239145611915456,1.1859116054451135,7,1.1723208841290358,-1.1859116054451135,-1.2818949619908722,0.070479589185517,0.4674148033991159,0.3499331438797242,-0.28987729699684195,0.25889553869629367,0.4614450746040042,0.32292845779056734,-0.24673335851504774,-0.5799020895850404,0.0,0.0,0.0,0.0,0.0,0.0,0.0,0.0,0.0,0.0,0.0,0.0,0.0,0.0,0.0,0.0,0.0,0.0,0.0,0.0,0.0,0.0,0.0,0.0,0.0,0.0,0.0,0.0,0.0,0.0,0.0,0.0,0.0,0.0,0.0,0.0,0.0,0.0,0.0,0.0,0.0,0.0,0.0,0.0,0.0,0.0,0
25.8987312985635,0.3464419568770191,1.2868673900688563,53.1295543583822,0.9671478700203084,3.578584984909334,18,-1.1100342638039358,-0.40852506959073054,1.2868673900688563,-1.6837921493231676,-0.7109286368824392,0.20753544401075885,-0.06690531877903538,2.940667019923147,0.4187151520369916,-1.542301850546572,-0.5802445212626814,0.7601358277265859,0.5723900996767277,-1.0367564458753407,-0.5054272644092173,0.23015104898652083,0.08768713118180216,-0.3162796479015313,0.48104434082695136,2.335433588585765,-0.7719674515317614,-1.770147927277776,-0.06287828401398698,-0.630480262296274,0.7562814045863497,-0.8933454463391968,-0.1375626799498626,2.900218524932839,0.09779629864938855,-1.7096094623713256,0.07947324595601657,0.7260060038319196,-0.1351318414572198,0.08941453659596021,0.0,0.0,0.0,0.0,0.0,0.0,0.0,0.0,0.0,0.0,0.0,0.0,0.0,0.0,0.0,0.0,0.0,0.0,0.0,0.0,0.0,0.0,0.0,0.0,0
26.192727811506145,0.43704512938288403,2.050189140753478,53.120627526625,0.7846298217296521,2.5476255773665812,22,-0.20181383763964433,-0.6900652124772151,0.2386751581508122,1.100417063733694,-0.2794820414433232,-1.0916402865296604,-0.07383104991015443,-0.19474266408221297,0.831114735354241,1.1231431748850014,0.43297648377781073,-2.295499859635484,-0.6887144630686528,1.2536461544860487,-0.7270888886751941,0.14824952058823015,0.39978461564842505,-0.46062296147889725,-0.03747639863475172,-0.41831733891053346,0.2603355517474064,0.5388904098691256,-0.24128185735349206,-1.1507317265581989,0.2134449357364403,2.4509838196919205,0.5866698600475573,0.040000912747380823,-1.8158624962012162,-1.224082585008965,0.6685343107887967,-0.3074264558478319,0.7328425825208846,-0.932869660969061,-0.5018134470855315,0.6586218905873764,0.3184915305096325,1.7093420674129831,-0.3912863030737803,-1.179822308345571,0.8749848275050525,-0.41751378832363173,0.0,0.0,0.0,0.0,0.0,0.0,0.0,0.0,0.0,0.0,0.0,0.0,0.0,0.0,0.0,0.0,0
25.985442440615262,0.39695576369442404,1.3877823262773425,53.23622638165853,0.8188541895015894,2.7812160561652632,22,-0.52494577349173,0.3000153524764997,0.7467634768145324,-1.2086502799688574,-0.22857960943120403,0.29773718469311206,-0.6584422934809133,2.033352053116758,1.1209074141442805,-1.8308998649107977,-0.7303384117176606,0.363770676752992,0.07786065560377864,0.35252440844175936,0.578418451466856,-1.0458590906611107,0.13758158078398708,1.938208562840643,-0.7696289799591902,-1.076237496971224,0.2886813309654137,-0.19513408380826291,0.2852420216711984,1.0436223350252192,0.2906462809188355,-0.12505067367371225,-0.5872920528029972,0.8441527487679323,0.19152954887513474,-1.9232185397601,-0.6928398833917164,2.104247836312055,-0.2991799389577636,-1.2377097939668147,1.033600578615701,0.8354105459298609,-0.680912123249076,-0.5636796261360928,-0.05871540618409554,-1.3022279071118206,0.7828884503625986,-0.15338254593052625,0.0,0.0,0.0,0.0,0.0,0.0,0.0,0.0,0.0,0.0,0.0,0.0,0.0,0.0,0.0,0.0,0
25.84488790764312,0.46985924775161075,1.5326984511283435,53.092812772649744,1.0130347263821984,3.1962194096584184,8,0.6648473680624924,-1.078674992311747,-0.14934467120410844,1.5044891024581517,0.5429956858957858,-0.02615191607373646,-0.3986341681509131,-1.0428887861185956,0.7619407931574038,2.464104782775493,-1.5326984511283435,-3.0133582725749335,0.7299159524112646,-0.18286113708348495,0.0,0.0,0.0,0.0,0.0,0.0,0.0,0.0,0.0,0.0,0.0,0.0,0.0,0.0,0.0,0.0,0.0,0.0,0.0,0.0,0.0,0.0,0.0,0.0,0.0,0.0,0.0,0.0,0.0,0.0,0.0,0.0,0.0,0.0,0.0,0.0,0.0,0.0,0.0,0.0,0.0,0.0,0.0,0.0,0
25.847071478587274,0.5126586561052204,1.5381579688852263,53.163178558073106,0.6209499513060024,2.7478183552469915,20,1.5021460057289886,0.21137031884548918,-0.17668863970304471,-0.4902707756397504,-0.5836131892672505,-1.031109182650944,0.28219662065023243,1.040972606785033,0.3853439817839188,0.8665602506220083,-0.6298376913977393,-1.44219640648258,-0.7849103364566794,0.6956736791966946,0.006373705760214676,-0.020653684370721237,0.3263194147265125,-0.7182483882105046,0.5984355242999051,1.0450445791579668,-0.521914656133724,-1.0576165577930396,0.9875560478076757,0.6701945528553068,-1.15354314690207,-0.553940406968529,0.29006798634467756,0.22640153083847991,-0.5639435903978551,0.7119562914791544,0.6880792484975657,-2.3044335449492195,0.2261565404811101,2.0511723013578376,0.5353186076515541,0.07213722715975024,-0.4788871001400956,-1.0256553343673644,0.0,0.0,0.0,0.0,0.0,0.0,0.0,0.0,0.0,0.0,0.0,0.0,0.0,0.0,0.0,0.0,0.0,0.0,0.0,0.0,0
25.918958669632314,0.39160364931234504,1.605910358542726,52.888957479721306,1.0109253432673027,3.6366795951547033,19,-0.7968344968132648,-0.5881851107832361,-0.003079975473010421,1.2169076284407794,-0.15301903224936453,-1.5451605661370493,0.030192087484493868,0.6875054509399661,0.21002470797751016,-1.4881617362589452,0.34473775738557677,1.8518048417847552,0.1668019883200742,-1.6638172402086582,-0.3273569993193597,1.592648806823405,0.6438162781506627,-1.9285301237874322,-0.6493002538523491,0.6456809754274104,-0.9566101046903768,1.4971273709187116,0.3205439951361697,0.5811608891755355,0.9272409739941132,-3.4245071494941826,-0.5126893166115103,1.3011839729365136,-0.034191508208415655,2.3354956222181897,-0.28536233521604615,-1.3500161883915212,0.2821047810630688,-0.9393257180565655,0.007422309280048722,2.007333480124302,0.0,0.0,0.0,0.0,0.0,0.0,0.0,0.0,0.0,0.0,0.0,0.0,0.0,0.0,0.0,0.0,0.0,0.0,0.0,0.0,0.0,0.0,0
26.13798495242769,0.5791092231774776,2.3931880761995963,52.836422606585735,0.6282176174568426,1.9573953010215988,14,-0.3300103868636519,-1.513132361295554,1.4277860145404127,0.5887581410764611,-1.2609785999750045,1.3686371599451377,0.23594323174125265,-1.8736928490742315,0.10148466695610736,0.5754385718018185,-0.1081736975890415,1.0366812166267891,-0.18215133217113788,0.19299517649401565,-0.4819469271848966,-0.7345428230343813,0.43938285293621604,0.18540981166622572,-0.8770382328214019,-0.001862641974433643,1.1767218765719711,-1.0829913983895594,1.2164661996276251,0.9280283835901812,-1.3718999350952181,0.2521822374886469,0.0,0.0,0.0,0.0,0.0,0.0,0.0,0.0,0.0,0.0,0.0,0.0,0.0,0.0,0.0,0.0,0.0,0.0,0.0,0.0,0.0,0.0,0.0,0.0,0.0,0.0,0.0,0.0,0.0,0.0,0.0,0.0,0
33.619523670596664,6.665278139917604,20.06884324369279,49.43402677924031,2.607007806791485,7.617324918441014,14,-0.9185784717660255,-0.5407517761962524,1.7306040263955396,0.26245016111747077,-1.3145093606839922,0.17373845595283655,3.227566190721163,-0.14506307270471552,2.017139044642729,-1.0041121314560684,1.066755005916466,-0.9978855198102821,1.853606643578523,-0.6294669519476486,2.197587385697858,-1.1480216282950124,1.6588958237333031,-0.6196474125079234,2.361680347188802,-0.6631605916563004,1.7053381503849536,-0.8558277134319923,1.37992257149741,-0.38860386539526104,2.184257414620035,-1.0609728721098648,0.0,0.0,0.0,0.0,0.0,0.0,0.0,0.0,0.0,0.0,0.0,0.0,0.0,0.0,0.0,0.0,0.0,0.0,0.0,0.0,0.0,0.0,0.0,0.0,0.0,0.0,0.0,0.0,0.0,0.0,0.0,0.0,1
25.968848958140576,0.418461894425226,1.5515494859069925,52.79190357165852,0.643245683488594,2.9803832321498263,29,-1.118691920646409,-0.5805583173021489,0.04230362672772969,-0.8886339889472552,0.6332746270460561,1.3873547076747954,0.014885600025156265,-0.9818554950233676,0.3161267179088796,0.5033892543693952,-0.05147100202771071,-0.28913333826010046,-0.39295700624263574,-1.99547375725232,0.08691085446723434,2.7023601562577966,-0.12486705365596862,0.07474228268217331,0.781554895806913,-1.0090009950358336,-1.199947252236278,0.9091440061545413,0.5068490560969643,-1.2112905211033578,0.3689394092725493,0.016313369872513306,0.17022270594284095,0.8727783983900608,-0.8888513835323693,-0.748604139926826,-0.15139665806515978,0.45357205263399436,-0.13545873377619344,-0.6478676122842231,0.44924423626910936,-0.2764537448912918,0.2985677850515742,1.1938323549397865,-0.363180490131068,0.007467590440626282,0.5856911448163515,-0.1582715453063912,-0.38237946713239523,-0.24785877961463854,0.3375299564774572,-0.33037908510068803,-0.2311622818761947,-0.3020732865200557,-0.916217513084181,-0.03137186148761373,0.26770491022312726,0.4132180050113945,1.1534800528280407,1.3001265870378589,-1.047029431866548,-0.6322246279516648,0.0,0.0,0
26.189631212715977,0.5839705867566004,1.9100353949416728,53.07304119464205,0.5775556969972208,1.8491807335600896,7,-0.4798958452910682,1.3600728651227456,-0.8609045495565297,0.45401206995770593,0.5513821250642366,-0.8139090671892077,-0.5100198509949152,0.3582911566799254,-0.6105972741633963,-0.013252642214851562,0.7141780770117663,0.503966351203772,0.0,0.0,0.0,0.0,0.0,0.0,0.0,0.0,0.0,0.0,0.0,0.0,0.0,0.0,0.0,0.0,0.0,0.0,0.0,0.0,0.0,0.0,0.0,0.0,0.0,0.0,0.0,0.0,0.0,0.0,0.0,0.0,0.0,0.0,0.0,0.0,0.0,0.0,0.0,0.0,0.0,0.0,0.0,0.0,0.0,0.0,0
25.738426803072088,0.45494296546693475,1.604699328241967,53.101218156022405,0.6196773905777222,2.234676556395513,16,-0.32019110483452806,0.4423157087683478,-1.1470575071308318,-1.1176688593567974,0.8926351445691552,0.8675156782880791,-0.08344236878105704,-0.35368214037524837,0.3323152586768394,-0.8276661994441952,-0.053734296466718234,0.8065762640720848,-0.9951748201788675,0.4780380761573255,0.22931865221999814,0.7656616256583106,0.26943059582388784,0.18440059050779212,0.508657790016926,-1.769542776778593,0.5046933723618032,-0.04820908269467594,-1.338742779412101,0.5346689665780389,0.46576438981752943,-0.4664696913463402,0.3118203867635323,1.4045835916971043,-0.4414624106477376,-0.8898734106856807,0.0,0.0,0.0,0.0,0.0,0.0,0.0,0.0,0.0,0.0,0.0,0.0,0.0,0.0,0.0,0.0,0.0,0.0,0.0,0.0,0.0,0.0,0.0,0.0,0.0,0.0,0.0,0.0,0
25.985454418917985,0.3688941081398067,1.5214885979275543,52.89483727396133,0.7282251227779277,2.8883766945868175,27,0.8871775077249673,-1.4218677275118168,-0.52792722653437,1.3622429380905672,0.3017611717275237,0.5669597700868607,0.8604771450094333,-0.5311167100335439,-1.2346403791572342,-0.5497954414803203,0.11957689984270914,0.040725026658847696,0.06738331592305258,1.4859619836910767,-0.11567668783091634,-0.8399630835861984,0.015509222333438544,0.5491060877728913,0.5304927800029979,0.07848695946055528,0.3128279723667795,-1.1107376330164271,-0.5967422588013918,-0.4447044112174581,0.30499155830326075,1.3181516001975027,-0.4563222239669251,-1.2026342633001335,-0.012601289923644288,0.2134262054390419,-0.10094445147885622,0.5552572870761097,-0.18240269982591428,-0.2838580786730347,1.0005330548375042,-1.6502544285699372,-0.8691522675209171,0.8635202709743908,0.5564819851076059,1.7946715749554016,-0.7240848899726053,-0.8720110185928505,0.44149969359487784,0.6511872463588304,-0.023340919371818813,-1.235455592988835,-0.4141375520864443,-0.2401548522976924,0.24117061082233704,1.467089180064356,-0.360917475897903,0.45952988611321643,0.0,0.0,0.0,0.0,0.0,0.0,0
25.965508475325635,0.4550067317391877,1.4541612655165892,52.780736895132826,0.5765885405102031,1.9595567866869317,24,-0.3302748234061639,-1.8180045622500103,1.11140240932804,0.8018469664859467,-0.7703950551025294,-0.4630187309677254,-0.1276309612984079,-0.48038045995514267,0.010841501000196985,1.540497649349362,0.4203449701070525,-1.0915334604039444,-0.6763977039179316,0.5532054850899115,1.1474114733851444,-0.4787954667358534,-0.05633076964074135,0.451223973935285,-0.0004366377546070055,0.7970474979959334,0.3635171995267932,-1.2364362443504078,-0.11843752782082007,0.40239409532247095,-0.939232518603486,0.7856897645592156,0.7908883299736331,0.12258544830903162,0.2185488422575439,-0.8604817156749931,-0.1485293246842545,0.5514173352690221,0.0374520626830126,0.41768121699791294,-0.5198316427041405,-1.4993394718322506,-0.24878698627531293,0.274463204519634,0.20679991505296513,0.2718765336002207,-0.2319787982819861,0.6565400684197371,0.8509427971654198,-0.20797280055946743,-0.4083492433287219,-0.09780016982176676,0.0,0.0,0.0,0.0,0.0,0.0,0.0,0.0,0.0,0.0,0.0,0.0,0
26.0044724591152,0.5373102741726684,1.9642497291703087,52.86910184717743,0.7664735210387688,3.485061629614627,17,-0.1323052959391191,0.37607885219904347,-0.705635172021637,-0.5282117625028704,-0.4619588242297894,1.1528495243532006,1.0489989990318485,-1.6540821335644225,0.41638096060232854,0.05108969352457393,-1.0022474307629032,0.3954310594502317,-0.07053738987074709,0.18684423538294936,0.1392054477690614,-0.18961150675479388,0.5482553368380536,-1.2098898312141557,0.32845444780389954,1.2775441545205197,-1.2340622088977184,-0.5493510007991986,-0.12933749897206326,-0.16544274341696763,1.9191390656285492,0.490767255062309,-1.2586595549112438,-0.7952037936659622,0.21510779179017447,-0.13909490923521162,-0.47241181815397226,-1.1840621089044987,0.0,0.0,0.0,0.0,0.0,0.0,0.0,0.0,0.0,0.0,0.0,0.0,0.0,0.0,0.0,0.0,0.0,0.0,0.0,0.0,0.0,0.0,0.0,0.0,0.0,0.0,0
26.08770618776232,0.4861018694825597,1.8159090106506426,53.11393559879596,0.7315692632466807,2.9238619840434836,25,-0.5907909418058921,0.2031402178276025,1.4391857234459877,1.291403292537602,-0.788017637996365,-1.0041611563561545,0.05379783132294946,1.7606422480393533,-0.3795483800057795,-1.2518752492792657,0.9763850599330759,-1.6074501930614318,-1.3028074828838108,0.3911455726759243,0.7516490609517632,0.5872173535983904,-1.0494315407508452,1.0663881219437386,1.8159090106506426,-0.08123656771687848,-0.7368590119654783,-0.8998321622696892,-0.8798875925282132,1.372809604938972,0.7327940106095205,-0.7229109045569473,0.2685167871371874,-0.5182909838861107,-0.9783900314813678,1.193787181888105,0.21685702720930067,-1.5844065128390596,-0.26659269141587316,1.0900204265865838,0.7361715188158051,0.08164394325846303,-0.14834643773826173,-0.030990615682902956,-0.07536772224030486,-0.6192146347692642,-0.41846988791181516,0.8212240730215257,0.29930943226171536,0.7765080878526334,-0.2544062001986944,-1.5975009204510329,0.6002095486092749,0.17824048027333106,0.0,0.0,0.0,0.0,0.0,0.0,0.0,0.0,0.0,0.0,0
26.043664424536438,0.5667613057279085,1.7788970861912574,53.01845761664541,0.7902513467103702,2.7389481815020744,9,-1.0334040464228664,1.421285261127764,1.7376831255543692,0.387489205540696,-1.397219014728794,0.9301737148336144,1.4384329753656822,-2.183304243842734,-1.0383429982474475,1.417266880454953,-0.09311152549438617,-0.547298705618033,0.3715733342162366,0.10955349720128282,-0.5489257150314266,0.7512025183768714,0.0,0.0,0.0,0.0,0.0,0.0,0.0,0.0,0.0,0.0,0.0,0.0,0.0,0.0,0.0,0.0,0.0,0.0,0.0,0.0,0.0,0.0,0.0,0.0,0.0,0.0,0.0,0.0,0.0,0.0,0.0,0.0,0.0,0.0,0.0,0.0,0.0,0.0,0.0,0.0,0.0,0.0,0
25.893357968390706,0.39674189457261794,1.6935417669638824,52.90327110935907,1.0467717019289,4.891121297798463,20,-0.5565404843431452,0.46973627710934807,-0.5646037691141359,-2.1064562706581,0.28894803569862404,1.5426419747512128,0.31787054482445143,0.57175468924315,0.2738700176537314,-0.7356125853375843,-0.46217046434832554,-0.7134610514723718,0.1974951754942431,0.7638308856077742,0.055063512160973715,-1.2730759298669554,-0.24179062154755115,0.39997988962782927,0.1564967536737818,-0.33608138833085377,0.5697558206346578,-0.4916436828651811,0.5380029927192957,1.1109693179964992,-0.7203137467097704,0.21002770625037215,-0.03835084999149174,0.28664297279009077,-0.10600458480091035,-4.1126974321980825,-0.1552618808159707,3.7289748862162213,0.48333628544967056,-0.08307328895283916,0.2036983537774617,-0.9356712008276702,-1.0724020252500672,0.5170462186618039,0.0,0.0,0.0,0.0,0.0,0.0,0.0,0.0,0.0,0.0,0.0,0.0,0.0,0.0,0.0,0.0,0.0,0.0,0.0,0.0,0
26.036848684327243,0.47051737982964315,1.6587754876127967,53.043300939679426,0.9325382194995437,3.59197007112234,15,0.06569959721144514,-1.4543795448975487,-0.5625416953260363,1.3531967318660847,-0.47242031082658187,-0.5223703911007433,1.3738679595915961,0.573837009485274,-0.972529141379912,-2.467781790386958,0.9877711172241561,0.7351174141131196,-0.5809620172550929,0.7661894399407032,-0.4259989791718297,1.8630971272862098,0.4386835295279887,-2.0964329900477097,0.37867945488726207,0.5019878837222365,-0.5343568532836898,1.8220111961077805,-0.4098353465239981,-1.3776748685878388,-0.524985275793437,0.3447943932813473,0.6816480606235231,-1.2015638494898937,0.0,0.0,0.0,0.0,0.0,0.0,0.0,0.0,0.0,0.0,0.0,0.0,0.0,0.0,0.0,0.0,0.0,0.0,0.0,0.0,0.0,0.0,0.0,0.0,0.0,0.0,0.0,0.0,0.0,0.0,0
25.838182484530915,0.4445347938878077,2.131259379074642,52.876308954093844,0.7538252036777828,2.123222395947586,15,0.14202220679969813,0.3496464834163078,-0.07531429138804668,-0.3190840957872112,1.0335263148103415,1.985351028925784,-0.8873134347365479,-0.005657146925457823,0.2588738443527383,-0.3155658635397103,-0.043290537214009106,-0.8735136903553737,0.01697627007542124,-0.2656327954057218,-0.2318894893061909,-0.6628528997213223,-0.05182145594353571,1.9270901122802542,0.5586869040845102,-0.03661811762841438,-0.2117195262325815,-0.30067759529576676,-0.4891040638179831,-1.281089779900654,-1.0506578903364634,0.6172266264661559,1.1264473470893783,0.17405859722789074,0.0,0.0,0.0,0.0,0.0,0.0,0.0,0.0,0.0,0.0,0.0,0.0,0.0,0.0,0.0,0.0,0.0,0.0,0.0,0.0,0.0,0.0,0.0,0.0,0.0,0.0,0.0,0.0,0.0,0.0,0
26.00637710013723,0.5150985954554255,1.924917341459011,53.041205533020154,0.7058778674716284,2.8018275753785957,23,-0.20388283436395582,2.484082687515084,-0.008301375547208778,-1.7107139633542943,0.3891035573663295,1.9377322725515498,-1.09677632451233,-0.43145026630455163,-0.039685996475952834,-1.4078709209246085,0.4092252687091218,-0.34051387131892596,-0.2512326427018756,0.7027311101427927,0.2506003124600298,0.07111929992750277,0.62212396602742,0.3606348545684881,-1.020447753879644,-0.8981521867860636,0.08673388005627203,1.218350530441903,0.2394949830601547,-0.3848534548178435,-0.20131471477587226,-0.48457856937260857,-0.842843700994159,-0.29731639896172624,0.6669390926572731,0.42172453785546793,0.633750442468223,-0.5056130149831048,0.37508675434757066,0.7002719573689262,-1.2960826592351857,0.021599992269052848,-0.002331915846557564,0.14101487860514794,0.5947581009740865,1.2036281009564078,-1.0529144337975858,-1.5189497034971424,0.8153124309453545,0.9096340694592442,0.0,0.0,0.0,0.0,0.0,0.0,0.0,0.0,0.0,0.0,0.0,0.0,0.0,0.0,0
25.93636216186899,0.41584949440627095,1.5628858287934655,52.82327037898429,0.8200251979066904,3.389472974301036,27,0.3003114594086185,0.35875756709151574,-0.20424274969929712,-1.828665081249781,-0.1414665403259221,2.219676042212349,0.23037449428086987,-0.7838532904907538,0.279168906961587,-1.1450028255129112,-1.0193626043182107,0.9921671946274628,1.1256828849584757,0.7769515180666318,-0.7098247536568962,-1.095831760740566,0.6720853919021117,0.6939484984754571,-0.6441034640411942,-0.30996851389112123,0.6915570428059254,-1.2487752261934943,-0.38114067820313835,2.094350023714064,-0.44023246264964655,0.14712030800374265,0.24531809333228338,0.272796513954944,0.8162235419935762,-0.9117752423165655,-0.570919416273405,0.38047261323777803,-0.2549316274989195,-1.678913446853052,0.7992858765248378,1.4833318429443523,-0.14268514445802438,-0.44646045963668257,-0.8476959983269907,0.19279574520503218,0.3178680946030994,-0.8323081848418425,-0.7790106493117896,1.7920031626494861,1.3172317546146992,-2.2189111375430315,-0.4339429261227963,1.538389295221954,0.3330465807392571,-0.9516158766632046,-1.3011323732834335,2.4288861806710074,0.0,0.0,0.0,0.0,0.0,0.0,0
25.964739397633622,0.713410014974638,2.8657085335890784,52.94134245044952,0.6878781014547118,2.4460312210512356,12,0.7063638327799922,0.35042174341600685,-1.5525476841883687,-0.8657927718389828,0.35457842022088215,0.1650775558752855,2.5111301133681962,-0.3965401428082629,-1.9158481403914323,-0.1839359903514648,1.0666852386828687,2.4460312210512356,-0.7667616923276945,-2.2050685490884305,-0.24845705599188506,1.5238779607389148,0.6093857194413381,-1.0835393506667117,-0.2883026984295469,0.7170442199297469,-0.1298334391539413,-0.43391452011928067,0.0,0.0,0.0,0.0,0.0,0.0,0.0,0.0,0.0,0.0,0.0,0.0,0.0,0.0,0.0,0.0,0.0,0.0,0.0,0.0,0.0,0.0,0.0,0.0,0.0,0.0,0.0,0.0,0.0,0.0,0.0,0.0,0.0,0.0,0.0,0.0,0
25.925086897880185,0.5338164295288322,2.3278767848007043,52.95607433007172,0.8186968393397211,2.4946920149833858,27,-0.7803534136427999,-2.318202068017058,1.6383483093781592,2.0697134136816615,-0.7547620023217867,-2.2122800999768444,0.004389348120447778,1.5963985639184841,0.05310112664574973,0.5502231078339221,-1.630605257245115,-1.898493718083543,1.5194515470516876,1.339411768595511,0.7856073705066322,-1.1176079103929268,-0.7583326218029285,1.7732522043860257,-0.5111046255844585,-2.216317757292927,-0.4262616268994215,0.5660867086806505,-0.04826775898627744,0.8190823360657618,-0.06004033435343459,0.4640751619716923,0.4657518578874864,-0.4950055079552911,-0.3338515151768995,0.32193899682302174,0.4580801990749528,-0.8354858313964826,0.17795626164042488,-0.43351194025511575,-0.9618907466371276,2.044575399794617,0.4773765077273673,-0.7726782641252328,0.0930200309559126,-0.7891998792502193,-0.014106254446147659,-0.9328138716079337,0.3125886566002798,2.301540362241248,0.05343359278275983,0.03294499822750652,-0.27453677151255107,-1.1854550548315999,-0.12408412577587669,-0.3545186706648593,0.32592300263015517,0.3210531381131574,0.0,0.0,0.0,0.0,0.0,0.0,0
26.129452953299733,0.5267949888781621,2.0220457003880448,53.15395848211407,0.7802699430458622,2.464121875474568,20,0.8212680307739326,0.9477247454453916,0.7413923403767093,-0.6067276096553371,-1.8767824534907227,0.9524814040212988,1.2305727436732603,-2.049834530534959,-0.13903454382701597,1.5788936114834868,-0.2964711350282556,-1.302916621970219,1.0529744933000877,1.773844968042745,-1.9933048050153985,0.02135104607010163,1.51286203341731,-2.116913686084253,-0.06979094996053803,0.5157409145229792,0.11228025213381088,0.03421281388725106,-0.06335069003169735,1.5883118610838736,-0.41768049295342635,-1.4853288369597308,-0.27021799445867245,1.027271692220296,-0.15264967530961826,-1.080958312714543,0.5990460528195456,1.3893116119193039,-0.29697930246348037,0.079393594167108,-0.10225672375103301,0.3961665373480301,-0.17147371234404574,-1.4730740774536102,0.0,0.0,0.0,0.0,0.0,0.0,0.0,0.0,0.0,0.0,0.0,0.0,0.0,0.0,0.0,0.0,0.0,0.0,0.0,0.0,0
26.193680917912967,0.3947904928695417,1.1760406666998762,53.12176123109082,0.9830317599171402,3.114250903928209,6,0.6932834826842544,-1.3704629121174747,-0.9156494232794863,1.9213031065384314,0.610893350744135,1.1929477973897775,-0.07610501962322402,-1.1405374934140369,0.6412523355789652,-1.2000359493414905,0.0,0.0,0.0,0.0,0.0,0.0,0.0,0.0,0.0,0.0,0.0,0.0,0.0,0.0,0.0,0.0,0.0,0.0,0.0,0.0,0.0,0.0,0.0,0.0,0.0,0.0,0.0,0.0,0.0,0.0,0.0,0.0,0.0,0.0,0.0,0.0,0.0,0.0,0.0,0.0,0.0,0.0,0.0,0.0,0.0,0.0,0.0,0.0,0
25.9944084812826,0.4268893218065217,2.0965022209724324,52.994812094879286,0.8641237558568783,3.304753143979198,24,0.009034454064561714,0.3264495242095862,0.6601788325170403,0.3905036857133908,0.7051413861509772,-1.1919331070250436,-1.333700533886777,-0.9799787493964018,-0.37480017002235044,0.8547251300724596,1.1931847990604503,2.1575543385722256,-0.47240109161260335,-0.4312264335023954,0.15365394461573345,-0.9729148381921746,-0.2340110579670558,-0.6877583335741306,0.2796333193403875,0.27226327485090707,-0.11485380776075615,1.4447827922439842,-0.4436740868200886,-1.2037667287132692,0.6136693447055954,-0.4723970252050833,-0.1018885330634518,1.3654040118055732,-0.43565010402134874,-2.6191398636926095,0.099090502632734,0.7544910424745694,-0.3064331562929219,0.1596877669725174,0.6238866012113355,1.4452621029408377,0.005469443544988906,-1.249925463087017,-0.25578583392305276,-0.9697978057254559,-0.5499913435425334,0.8646761429138508,-0.4419004571707177,0.17698186423061912,0.895567810942012,0.32276896667068655,0.0,0.0,0.0,0.0,0.0,0.0,0.0,0.0,0.0,0.0,0.0,0.0,0
25.981600431484047,0.3561876444783907,1.3756976528146332,52.861653796577905,0.8720202124171624,2.8919071751501733,13,-0.21517305312022472,-0.7015566165556706,0.9084791078595273,-0.02350061889801225,-0.6895232572135477,-1.7872128046819142,0.3043702991070312,2.8444792276412016,-0.19746638402085992,-1.1935295009146003,0.10500512801056416,0.3412065849467538,0.7650219612916018,-0.0018892335287148398,-0.47883726228176116,-0.8204065806108147,-0.896860390532872,0.42025668481054623,0.4248514018639007,-0.4265483288082166,-0.0202653173999785,1.728338321614018,0.314492164357997,-2.8857462487356713,0.0,0.0,0.0,0.0,0.0,0.0,0.0,0.0,0.0,0.0,0.0,0.0,0.0,0.0,0.0,0.0,0.0,0.0,0.0,0.0,0.0,0.0,0.0,0.0,0.0,0.0,0.0,0.0,0.0,0.0,0.0,0.0,0.0,0.0,0
26.108791481263037,0.43777726600705846,1.7413797166906306,53.01400625044972,0.7309339489441165,3.220451925317107,25,0.7419240674105971,0.6504474199560661,-0.562200539363193,0.22995357290464824,-0.024222946994196803,-1.9305587026039035,0.4439486050420989,-0.45636455824504907,-0.6962865828019673,2.044723294641173,0.6986102344237111,-0.530399084775901,-0.2386804020495923,0.03824754394506158,0.419850569919074,0.5115646311947657,-0.8082783491083703,-1.291016792310181,0.04230385661289304,0.4560853253183197,0.21830162685799337,0.6108207231754577,-0.10147897655198079,-1.179606881320872,0.414237175841059,0.3267670154383495,-0.49206260026667437,0.517767644826705,-0.42194299718295625,0.33495130318009103,1.2074363451667551,-1.5758682153637622,0.28034581970442574,1.6906857620957254,-1.7413797166906306,-0.18420110454450622,1.0238586127026998,-1.0232578080779717,0.13347794554006143,2.4731885678946526,-0.251890819865384,-2.559814627180131,0.6652627356693159,1.348048445994138,-1.4578887495522075,-0.3655780507621387,0.3890946959741548,-0.552916953953023,0.0,0.0,0.0,0.0,0.0,0.0,0.0,0.0,0.0,0.0,0
25.891532946227226,0.7648071914553722,2.782896144315032,53.177208068716084,0.9440575964215836,2.49901447197373,8,-2.151612907867328,-1.8620408116906617,-0.6312832364477039,1.9627205307245106,0.8504833857268572,-0.833587179750026,0.49000821543033624,0.7032600786811045,0.34780789866522355,-1.9540228561169783,-0.2845118943606231,0.47257785502510075,-0.12432876340999144,-0.887242369812931,0.0,0.0,0.0,0.0,0.0,0.0,0.0,0.0,0.0,0.0,0.0,0.0,0.0,0.0,0.0,0.0,0.0,0.0,0.0,0.0,0.0,0.0,0.0,0.0,0.0,0.0,0.0,0.0,0.0,0.0,0.0,0.0,0.0,0.0,0.0,0.0,0.0,0.0,0.0,0.0,0.0,0.0,0.0,0.0,0
26.098176246104423,0.4286551534848276,1.2423796016563315,53.05291059049085,0.9228508181590258,2.7221874562476387,5,-0.4276946870000842,-1.647659521902142,-0.6269765744194409,-1.0745279343454968,0.6356643996228009,2.000185159850055,0.6067152020335307,-0.8930613568078272,0.0,0.0,0.0,0.0,0.0,0.0,0.0,0.0,0.0,0.0,0.0,0.0,0.0,0.0,0.0,0.0,0.0,0.0,0.0,0.0,0.0,0.0,0.0,0.0,0.0,0.0,0.0,0.0,0.0,0.0,0.0,0.0,0.0,0.0,0.0,0.0,0.0,0.0,0.0,0.0,0.0,0.0,0.0,0.0,0.0,0.0,0.0,0.0,0.0,0.0,0
25.966458669911372,0.4190934964689447,1.4768083137775783,52.64659826184046,0.7746646229012628,2.9191668768508805,15,-0.7792037520667812,-0.7917036017107293,0.4839156226451742,1.8022399842971453,0.35201142307054667,-1.4106787377202181,-0.8666266848165911,-0.03860580822314574,0.08698022160041319,0.05861153515922979,0.1737059130783436,-0.591699704024407,-0.8708677636397439,-0.2508209235081367,1.0934593468399427,0.4962514137309739,-0.8580732918670115,0.806011439894398,0.997277586514226,-1.9882360921595748,-0.6103243250801356,0.281425675364531,-0.039726893345704895,0.713580267850979,-0.23412891328840146,-0.9492233347122223,0.7598266756483021,0.30189834413351235,0.0,0.0,0.0,0.0,0.0,0.0,0.0,0.0,0.0,0.0,0.0,0.0,0.0,0.0,0.0,0.0,0.0,0.0,0.0,0.0,0.0,0.0,0.0,0.0,0.0,0.0,0.0,0.0,0.0,0.0,0
25.97288865692517,0.5782958289582684,2.3357191766144076,52.98008322679207,0.6058486102290914,2.689163880156812,23,0.49292750675386543,2.689163880156812,-0.012483224490054567,-0.50684343573554,0.5248061971192826,-1.1807333841263272,-1.4720732055688437,0.7593407815544069,0.42655272344908113,0.45147490608401597,0.1647129223284658,-0.6435955616057996,0.4940741611979753,-0.4331035840157966,1.2503793696388854,0.232368320875473,-1.1527570783738383,0.1664893784456325,-0.42612912974949424,-0.042945952736744175,-0.47370235693932017,0.30254149139228304,-0.06257013234582587,-1.1646122690497904,1.120783716152772,0.2984344050670842,-0.8489614312959013,0.2064297397919077,0.22034711240038973,0.6889350261902862,1.00567622138135,-1.5992505443629952,-1.6859458485232928,1.3455689457396147,0.9925531983210156,0.5015068749825318,-0.587061373070437,-0.5859063803653513,1.2699549373081034,0.021449259383807373,-1.2874245785384986,-0.30217244690501843,0.8037477125099031,0.2917935548773656,0.0,0.0,0.0,0.0,0.0,0.0,0.0,0.0,0.0,0.0,0.0,0.0,0.0,0.0,0
26.26797925144435,0.469063871178822,1.3059288657988048,52.88371005723154,0.4579378228260426,1.252256286074811,7,0.053529036965606736,1.1412619027979929,1.2523998288331981,-1.252256286074811,-1.100391603496739,0.31969407277495776,0.7770272534467004,0.8362840236683127,-0.41949969577567714,-0.7195412822657659,-0.41844124797903604,-0.12349450368147785,0.0,0.0,0.0,0.0,0.0,0.0,0.0,0.0,0.0,0.0,0.0,0.0,0.0,0.0,0.0,0.0,0.0,0.0,0.0,0.0,0.0,0.0,0.0,0.0,0.0,0.0,0.0,0.0,0.0,0.0,0.0,0.0,0.0,0.0,0.0,0.0,0.0,0.0,0.0,0.0,0.0,0.0,0.0,0.0,0.0,0.0,0
25.974057411993225,0.6149345398345244,1.6201651446731127,53.071041461853824,0.3323355566518162,1.196668861716617,9,1.593210709524584,0.07265232089134344,-1.3913501457933606,-0.5836074489547016,0.6366760926302639,0.13399769064100298,0.6199353008969979,-0.44478639044426416,0.15460220476879272,0.6822080318121664,-0.8925438009141295,0.5144608299044506,-0.7276213437589831,-0.43083340813422666,0.9685789833097438,-0.24576972117369422,0.0,0.0,0.0,0.0,0.0,0.0,0.0,0.0,0.0,0.0,0.0,0.0,0.0,0.0,0.0,0.0,0.0,0.0,0.0,0.0,0.0,0.0,0.0,0.0,0.0,0.0,0.0,0.0,0.0,0.0,0.0,0.0,0.0,0.0,0.0,0.0,0.0,0.0,0.0,0.0,0.0,0.0,0
26.18550701655599,0.5427007215439548,1.6000529249702566,53.52010250227178,0.4613821279604506,1.3073661681543953,11,-0.9119549876126527,-0.3969763378409681,-0.22274480124641016,1.051414474845508,0.7548087295657062,-0.05655895204577632,0.4986865645174632,-0.48197452996035395,-0.5956105640402747,-0.21708436084126959,0.42201657023968053,0.16795262179130788,0.2081029707068538,-0.3572782442763227,-1.2992470102822722,-0.09837328998755623,0.9301250069935847,1.2030191306882756,-1.2309309216815691,0.09624931794058256,0.0,0.0,0.0,0.0,0.0,0.0,0.0,0.0,0.0,0.0,0.0,0.0,0.0,0.0,0.0,0.0,0.0,0.0,0.0,0.0,0.0,0.0,0.0,0.0,0.0,0.0,0.0,0.0,0.0,0.0,0.0,0.0,0.0,0.0,0.0,0.0,0.0,0.0,0
25.960104526958027,0.41849634051075596,1.5968577613435855,53.09713463234752,0.7145667822269225,2.653698664847724,16,0.5880369573022435,-1.2064180421040334,0.18669925086262396,1.9057014681689353,-1.386184575761611,0.08734159568832922,1.0548827542058348,-1.2766028767701343,0.09953198832164745,-0.3841874173343953,-0.6452594048041185,1.2511195953449317,-0.13886025098464216,-2.0599310729704854,0.2535797243872615,1.7749523818770143,0.2503568332993247,0.8787462829707096,-0.28180307508925395,-1.5023575516396477,0.6531173133164323,0.4986849716305102,-0.06471747972670272,-0.11293493926094555,-0.02510471218616317,0.7538313537878807,0.44113407060396526,-0.7497583332498721,-0.3063736300696078,-0.3590683510560666,0.0,0.0,0.0,0.0,0.0,0.0,0.0,0.0,0.0,0.0,0.0,0.0,0.0,0.0,0.0,0.0,0.0,0.0,0.0,0.0,0.0,0.0,0.0,0.0,0.0,0.0,0.0,0.0,0
26.08149661485901,0.6313927268699735,2.452477886084594,52.93442658850403,0.8329497287900576,2.6789664804732496,22,-0.9823766823546762,0.12839570157854752,0.5139619292790343,-1.6667312776238106,0.2045033083816108,0.5562005041129154,0.00010415937694929767,-0.9609405918227978,0.2846050228125847,0.9484262988169831,-0.04077729990060064,-0.1759714975890745,0.023508510687285877,1.2160812850130327,1.1611692120790522,0.2786815450693183,-1.350504062392254,-2.1315988571179005,-0.2139731534839946,1.4662362022567876,1.218182500752789,0.08841652611386763,-0.051526244416553624,-2.1020203517260043,-1.2730808751812006,2.170297950904562,1.147823865920973,-1.954501569394786,-1.5300499064832636,0.7735195758285087,2.358530918652182,-0.31183014122382247,-0.5437758760853519,-0.5360835427385879,-0.6254516473705181,2.1399249887698844,0.1633178757631022,-1.6367952625844353,-0.20742680104864775,0.4367297783114026,-0.5513737609060705,0.3115754451091277,0.0,0.0,0.0,0.0,0.0,0.0,0.0,0.0,0.0,0.0,0.0,0.0,0.0,0.0,0.0,0.0,0
31.095526138830927,5.352555488039848,15.97092595680176,48.67023879589252,4.064711422480988,10.860346173841904,27,0.09014291690409593,0.17338510238237603,-0.2233190081205052,-1.5565101945928959,0.5656620419866414,0.9100113075556777,-0.07238051441254356,1.0810020394084106,-0.07692849415070313,-1.397837779937582,0.3721703486794148,-0.11334943975178646,-0.6274645476520249,0.26017890440724045,0.7828124722571808,-0.020066598124927282,-1.149887391220492,0.5079072293029583,1.1136593727021165,-0.9889483945350932,1.2217981123668054,-1.1381168907807862,1.1937740853708227,-0.30265734200637695,0.9260631709790736,-1.201264090617812,0.10738292832895269,-0.4552263348577341,1.3070104310623485,-1.2332465592581485,0.7332894340127538,-0.6412430988431694,1.7614856535250496,-0.8948848783712435,0.11103243965164467,-0.4786319036750726,1.2899561391983383,-1.6572172110062127,1.0580317540114734,0.44848396046620564,-0.06769313213782624,-1.5542257462523636,0.8367741936500934,0.0,2.062845539595756,0.0,1.0316543804672733,0.0,1.0042170296337218,0.0,0.27964442438336334,0.0,0.0,0.0,0.0,0.0,0.0,0.0,1
36.58675110103536,5.744326593460574,17.6683146052501,45.16103809134752,2.943353821763357,8.814354060336811,16,0.6385786279385961,-1.540743405214151,0.9395152082799108,-1.5721832655060197,1.3090495965337468,-0.20539758104102646,1.1756541742746833,-1.8427137040759334,1.1676619086872684,-1.3424687351483442,1.9002052003037235,-1.1695384780051512,0.9422687618971963,-0.9555937086347228,1.574572206943465,-0.18571518271146203,0.8317983659265451,0.0,1.1852740682956195,0.0,1.396721948282817,0.0,1.230419757401343,0.0,1.5926240989539977,0.0,1.2530235487380565,0.0,0.5309471327931305,0.0,0.0,0.0,0.0,0.0,0.0,0.0,0.0,0.0,0.0,0.0,0.0,0.0,0.0,0.0,0.0,0.0,0.0,0.0,0.0,0.0,0.0,0.0,0.0,0.0,0.0,0.0,0.0,0.0,1
25.82189332024162,0.5927714552839074,2.0505824479464074,52.99524159940232,0.4643504628168207,1.736713088252067,10,-1.0991879605391475,-1.736713088252067,0.3941459733215744,1.3183047629520601,-1.3455404607288344,-0.8670146682909987,0.5712828324812946,0.7013829694581872,0.8196814992070465,-0.12328557801440354,0.5352351561264008,-0.25656810116087314,-1.2950087457933002,0.5836727363296035,0.7182968720307485,-0.34732728957313697,-0.2251409855571076,-0.14116722910372204,0.0,0.0,0.0,0.0,0.0,0.0,0.0,0.0,0.0,0.0,0.0,0.0,0.0,0.0,0.0,0.0,0.0,0.0,0.0,0.0,0.0,0.0,0.0,0.0,0.0,0.0,0.0,0.0,0.0,0.0,0.0,0.0,0.0,0.0,0.0,0.0,0.0,0.0,0.0,0.0,0
26.256718343814562,0.683251585203182,2.597337926638623,53.27031106891575,0.6643383581007044,2.3397145278604796,15,-1.1256962395014725,-0.9906412724520735,1.0594471521459745,0.7621223358736202,-0.4992186518785111,-0.695197272330681,-0.6953746420950537,-1.4159983189513454,0.11652583663395077,1.978127551790628,2.4580090185323726,0.2903880251450488,-0.7977258508576419,-1.1625195554029872,-1.2590126029348028,-0.9503121356008961,0.3176582390552518,1.7657338503842226,0.3891977893811074,-0.44127818704280486,-1.2474555012825377,-0.015571369358490017,0.9909066574434284,-0.08639451694508438,0.1486160070379654,0.654952750102602,-0.31266172491562116,-0.5758193096110418,0.0,0.0,0.0,0.0,0.0,0.0,0.0,0.0,0.0,0.0,0.0,0.0,0.0,0.0,0.0,0.0,0.0,0.0,0.0,0.0,0.0,0.0,0.0,0.0,0.0,0.0,0.0,0.0,0.0,0.0,0
26.069962216872824,0.5328495440855814,1.8919208436493875,52.92823992627056,0.73125694945238,2.223049605473726,9,0.5946080823874418,1.9470298161820736,-0.24703094884227994,-1.5946123501322589,0.025701008243689927,-0.13775320471474828,-0.29537779372902406,-0.19050310033126294,-1.3442435951219203,1.4136758897958046,1.4579273842438951,-1.7138568400912604,0.05781513368944502,1.3823350773703638,0.37617832571604737,-1.1515937816178337,0.0,0.0,0.0,0.0,0.0,0.0,0.0,0.0,0.0,0.0,0.0,0.0,0.0,0.0,0.0,0.0,0.0,0.0,0.0,0.0,0.0,0.0,0.0,0.0,0.0,0.0,0.0,0.0,0.0,0.0,0.0,0.0,0.0,0.0,0.0,0.0,0.0,0.0,0.0,0.0,0.0,0.0,0
25.95105925311894,0.5397477601242411,1.4339907139199433,53.12550278655227,0.6576847328017916,2.109795669525596,11,-1.1323636058010749,-0.2932375847653361,-0.21201982804840824,0.532369064435791,0.5899099979437139,0.4306435516850513,-0.679517278014174,-0.9824114589806641,0.3071532756105917,-0.43056261674340846,0.08786638989859696,2.070605137989631,0.9034303333504958,-0.3999820137059018,0.1354860562011453,-0.587258639258657,-0.13326254606438326,-1.1225550165610372,-0.976003690903724,1.5441592315044588,0.0,0.0,0.0,0.0,0.0,0.0,0.0,0.0,0.0,0.0,0.0,0.0,0.0,0.0,0.0,0.0,0.0,0.0,0.0,0.0,0.0,0.0,0.0,0.0,0.0,0.0,0.0,0.0,0.0,0.0,0.0,0.0,0.0,0.0,0.0,0.0,0.0,0.0,0
26.12027909135384,0.4863940218785101,2.373888850455362,53.010958471792456,0.7676286208595657,3.3741316010160602,26,0.15727282156972322,-0.4806217155817123,-0.7222474838367141,-1.4840360274918325,0.1562203903263537,-1.4094738579425155,0.9506741657977287,2.274222057364561,-0.14932400797775003,0.4014364957313603,-0.4767257012878403,-1.5102340948973563,-1.2225511851365383,0.8643479758003849,2.373888850455362,-0.20392763500024103,-1.2655320546736277,0.29438831048422287,-0.14631774818204235,-0.5191860874815291,-0.10489643391639092,1.4681658277981668,0.44936348152661054,-0.9140336935961884,0.005107775985909058,-0.8215886134380099,0.28202264197779314,1.4371832318067774,-0.9383450187377633,-1.7453197996683372,0.30678364310387707,2.038945578821469,1.1715203006827295,-0.23474796265005438,-0.902977544987106,0.3189726968785749,-0.19855750328836663,-1.2384173342099203,-0.3845466961284778,-0.27029408587340953,0.723776035702226,0.4641085925731758,0.26254195561084614,-0.13476683783089527,-0.07821528561631652,-0.45463959936638787,-0.5666942547093647,0.07929037715029352,0.3100265734862262,0.14980037348734498,0.0,0.0,0.0,0.0,0.0,0.0,0.0,0.0,0
26.26909878322057,0.3502471695962057,1.4599006728679278,53.029090247985415,0.7744639794897165,2.5550130616857416,16,0.31974729145406044,-0.7589353664821843,-0.09303343085912275,-0.7498446840800455,-0.120078400508973,2.3920332462701737,-0.14731740434058338,-0.9841596754468256,0.4199109672147223,-1.3070719721101582,0.1330613014757347,0.8650132426269295,-0.5170147952906134,-0.9733642808981458,0.23479078275985543,1.6203752632645276,0.16555482280940836,0.934637798421214,0.33483440744030446,-1.6288836039942893,-0.08740178646910479,0.07482982040177433,-0.20113330405033025,-0.14704087135297073,-0.7219896441696214,0.04151225256719471,-0.44937593817887134,-0.44122304064833884,0.9360857041051318,1.7263745449649264,0.0,0.0,0.0,0.0,0.0,0.0,0.0,0.0,0.0,0.0,0.0,0.0,0.0,0.0,0.0,0.0,0.0,0.0,0.0,0.0,0.0,0.0,0.0,0.0,0.0,0.0,0.0,0.0,0
26.06743398005485,0.5611856750229494,1.888283367271569,53.274551743439226,0.9045993989055884,3.445252927380352,20,0.10680938674975238,-0.9693719487156258,-0.6520564002079503,-0.1564151295103855,-0.14958785117453388,0.932296505879556,0.1570118616573346,0.10854140474057061,0.8530142651054504,-2.359455568219083,-0.97981523377317,0.5590764343369656,0.8711253281564701,1.9912001826068462,-0.8145204316483081,-0.5793787715337402,-0.3550799989267155,-0.23458941548661016,-0.6099930310798456,-0.933938023377884,1.3256870474923161,1.1396094978338098,0.09699603417386982,0.6240723845717469,-0.9593285449570352,0.8792006384292179,1.3136991545314878,-2.1376958597224487,-1.429120057297915,0.9850184589282662,1.0449074878232203,0.7822363211858985,0.024522057517970097,-2.6428603574382663,0.15784125157387052,2.5982579001510473,-1.5219811664455776,-1.278787937321475,0.0,0.0,0.0,0.0,0.0,0.0,0.0,0.0,0.0,0.0,0.0,0.0,0.0,0.0,0.0,0.0,0.0,0.0,0.0,0.0,0
25.93151934440271,0.6269330627459374,2.096372318253657,52.96344401575594,0.7800177247680669,2.3528330768910735,7,0.2590219148139177,-0.2880403197582311,-0.3324191303203108,1.0610331616238895,-0.884573913131149,1.291799915267184,2.096372318253657,-1.4098521888226756,-0.5853480781932703,-0.13305279027959216,-0.9915705716290617,1.1399356444919775,0.0,0.0,0.0,0.0,0.0,0.0,0.0,0.0,0.0,0.0,0.0,0.0,0.0,0.0,0.0,0.0,0.0,0.0,0.0,0.0,0.0,0.0,0.0,0.0,0.0,0.0,0.0,0.0,0.0,0.0,0.0,0.0,0.0,0.0,0.0,0.0,0.0,0.0,0.0,0.0,0.0,0.0,0.0,0.0,0.0,0.0,0
25.85384724777116,0.4632906068701023,1.8384426375524754,53.31096967605227,0.6943531544625474,2.474879490935315,30,-0.6078303720382472,0.4728283453976161,0.7286732180745723,-0.018303615171795684,-0.3718802412187614,-1.9426627424570313,-0.38185881685239664,1.3982418555124951,0.8590243931375134,0.7471666429738235,-0.4912178017670641,-0.7392695412032921,0.41974197883869024,-0.02500273949307541,0.309941946905294,-0.76004180958315,-0.8989382681073295,0.5534019219430562,0.5211800016091033,0.812966684730192,-0.9512720819016671,-0.7264873690221094,1.671477986169819,-1.2611869795667943,-1.4457997937490283,0.6337864653950049,0.4221234172457038,1.332256970539973,0.9265997830806647,-0.7076289748303211,-0.7864514149224711,-0.1645449936864125,-0.4814373801096572,-0.5384620891918246,0.9552354592934158,1.394091771024911,-0.011270385067675193,0.37905073383025467,-0.6618594007582068,-0.31937877984337604,0.05412990929241701,0.14352199874187477,0.04475877508115644,-1.4410382897692315,0.11419250496602729,-0.11317028528619488,-0.8429735581178868,0.2750591390997741,0.8557736079018525,0.15593473238035216,0.9826690296506229,1.1139572305192047,-1.3399420827099249,-0.21210643252547356,0.15623818688347058,-0.5019338817711372,-0.3000620348633163,-1.5757249224811076,0
26.093875834009246,0.47223024815521025,1.885274756853967,52.964572593218584,0.6940547771388706,2.3722549252707097,22,-0.10820050364794298,1.3947998075494894,0.4148255590486194,-1.173211564553938,-0.5874788792793133,1.2911491039298966,0.6491218381944286,-2.0010851617043315,-0.618732168762758,1.2015410549292014,0.24655467713967028,-0.0016924620393794498,-0.6286067648640135,0.19879681519936554,1.0266075909330574,-0.6628286458590367,0.08195868149164909,0.6264771426421163,0.2916590398531653,-0.503971215936545,-1.2128785591602096,-0.26263616516459365,0.5360635335558008,1.552540349530986,-0.9847420187180411,-1.0688481569356867,-0.22371771253151707,-1.2734911226621861,1.2253347233215948,0.6726410512683998,-0.3381378835987583,1.69961387400231,-0.5861249500007659,-1.8880755587090334,0.7321103244317335,1.1595616218598508,0.37725512454169774,-0.9883095134265218,-0.4352710325267708,-0.5949301157685838,0.5826893089244578,1.5349276402695367,0.0,0.0,0.0,0.0,0.0,0.0,0.0,0.0,0.0,0.0,0.0,0.0,0.0,0.0,0.0,0.0,0
26.045936037557563,0.4758009038138161,1.7715555010740793,52.97976762872038,0.7242498475802244,2.8498505915515224,29,0.0905041937121851,-0.29895369967114505,-0.11690314596691209,0.04117706121936493,0.6573041906827726,-0.5585235399834687,-0.15568617976347454,0.8202653345538948,-0.7144791058967499,0.10890541407748344,0.8095938825478015,0.4539978650064853,0.6132510028955345,-0.4745438025148374,-1.2265135448294053,0.3911691285590422,-0.028591264568330388,-1.300283228901641,0.36266272221981666,1.7341701066546378,0.685083939071724,-1.3317528337277125,-0.9082735182212538,-1.4460007277853606,1.1400816045273885,1.3274111397571744,-1.4494547854722128,0.7729363607959243,0.6225536023362714,-0.3955808087444481,-0.9446543179381379,-1.6193732662771438,0.3825565595349225,1.725734933939421,0.36137301128226795,-0.07073994820292029,0.2417975245888968,-0.878532330848266,0.48526892799717913,1.2287586963332018,-0.9700306438211577,-0.5586750353396539,0.5599866108066642,-1.4538017716905003,-0.8798754968340532,2.1169253394837355,1.1744802882512317,-0.4162062065171952,0.15026440377019767,1.070993488862193,-0.1364287296119926,-1.9028041483735123,-0.000730205997971467,0.5055226491621312,-0.5637239938647056,1.0392288791901052,0.0,0.0,0
25.907411330982992,0.5498149007367317,2.1185050999558044,52.58059805574607,0.8489830504654752,3.0395541892314313,15,-0.37152461801879966,0.5880207146898471,-0.23945459366434463,0.4922969822406955,-0.2410789991327995,-0.7631816954592594,-0.03689795213971436,-0.34863907614293055,0.5159567203632491,0.5490272030481052,-1.5941463787170242,-0.25976201330987436,1.1602027852644348,-0.6925265139375867,-0.06895380691506858,-1.0477588919627365,-0.14653909276476895,1.165456722772241,0.5868765263334268,-1.1488418247874463,-0.8277501415255237,1.191698096647535,1.336330926930934,1.8312411945991016,-0.1446458925061762,-2.61406298579697,0.22298379513854627,1.8379328048010066,0.0,0.0,0.0,0.0,0.0,0.0,0.0,0.0,0.0,0.0,0.0,0.0,0.0,0.0,0.0,0.0,0.0,0.0,0.0,0.0,0.0,0.0,0.0,0.0,0.0,0.0,0.0,0.0,0.0,0.0,0
26.060055242825808,0.7021205150490767,2.350883041539497,52.838489689495034,0.4631115203024736,1.6350089942225594,9,-0.93539991295291,1.0759891355704454,0.7173116564978983,-0.3090612481011519,-0.5436552898262192,0.6910469651595079,-0.36574762476179856,-0.2635581030013441,-1.2233918704964672,-0.36803868674059714,0.8963171961367458,0.8086309313356992,0.8972763395950238,-1.0645109876691734,0.4287665524595248,0.5622165143594771,0.0,0.0,0.0,0.0,0.0,0.0,0.0,0.0,0.0,0.0,0.0,0.0,0.0,0.0,0.0,0.0,0.0,0.0,0.0,0.0,0.0,0.0,0.0,0.0,0.0,0.0,0.0,0.0,0.0,0.0,0.0,0.0,0.0,0.0,0.0,0.0,0.0,0.0,0.0,0.0,0.0,0.0,0
26.090731086177975,0.5006630678036701,2.8491965772410595,53.11173597706588,0.8282105064768468,3.804633922161692,25,-0.09953206807128012,-0.042751735018619286,0.5050942760250123,1.2085178777334846,-0.051305861187032065,-1.3104471938983266,-0.433851087449284,-0.38795035617692974,0.4295086339630849,0.1574393817319688,-1.5764685102381932,1.1973972017578305,1.8236683405866216,1.5386150731550927,0.030214445971292747,-2.847661493073886,-0.7010412398905572,1.2262717073969753,-0.09946784302059086,-0.3930979689411842,0.32389667790900845,0.7795302515112965,-0.4262741231079552,-0.3934477328540069,0.07770839473998237,0.4430478350969054,0.5312538706563288,-0.7184427401734652,0.25060422327063847,-0.9015277468980827,-0.24559482656924558,0.12380737456569335,1.2842286566955359,0.71359629163058,-0.8188707010005096,0.20408171615188309,-0.25660596213100817,-0.6810351288836429,-0.0180935881507871,1.9194165963422805,-0.30621474641183255,-0.8590701152942728,0.2089472773524328,-2.420102768738765,-0.1535290291370579,1.5688033866023332,0.42662158158835695,-0.7254521356090038,0.0,0.0,0.0,0.0,0.0,0.0,0.0,0.0,0.0,0.0,0
25.99297591529878,0.36659741414558783,1.2015649286606305,53.01992470160806,0.8307969390252814,3.2588405561239284,18,0.6876880301084896,0.2566579261913944,-0.2163091788459539,-0.7624830847918318,-0.3493448105608543,-0.4713435510756625,0.24285687557383895,0.046203964340207904,-0.2124458554976023,-0.8348750478511704,0.3871785986738203,0.9614123131545256,-0.17421331609764223,0.04750925406055018,-0.21175746352546554,0.09562529509004492,0.19676611185337123,2.1542936938188078,0.5564759075758197,-2.59831607026193,-1.0117629242702897,0.40491703348457264,0.30347212923572897,1.8991329763897724,0.4363919937757075,-2.2741379017884213,-0.4654323489442369,-0.2730473849929851,0.9271331545934309,0.6708651727237012,-0.054625538548467745,-0.40027063689136355,0.026556350850356125,1.4268032087819336,0.0,0.0,0.0,0.0,0.0,0.0,0.0,0.0,0.0,0.0,0.0,0.0,0.0,0.0,0.0,0.0,0.0,0.0,0.0,0.0,0.0,0.0,0.0,0.0,0
25.832557686444446,0.3687923000693799,1.1608622568110611,53.18553184503671,0.7059622538639184,2.6193735216648477,16,-0.06268984704524172,0.817546911348046,-0.783557257558769,-0.4965334658650207,0.9096348277892972,-0.8140528383498236,0.026656333881078353,0.1275902388819361,-0.9227433207275162,-0.7554549708205158,0.06720591832887024,2.6193735216648477,0.4308218769146599,-0.2984576930641154,-0.13600514268832242,-1.0106620379564788,0.6092467360599727,-0.24041558233398064,-0.5145811381843757,-0.8912027873943558,0.1283761690448948,0.7842206535648941,-0.44125380951495785,0.8296226996871141,1.0035038059074601,-0.12949481123307294,-0.8540148766706217,-0.943925986006775,-0.1361344565343252,1.0010710910368132,0.0,0.0,0.0,0.0,0.0,0.0,0.0,0.0,0.0,0.0,0.0,0.0,0.0,0.0,0.0,0.0,0.0,0.0,0.0,0.0,0.0,0.0,0.0,0.0,0.0,0.0,0.0,0.0,0
25.865467148730684,0.4493919003029807,1.615838924367793,53.11098823384518,0.7291208004190947,2.4455906045448472,22,-0.2889063521190067,-0.734963800585362,-0.14272477550346707,0.1659659838209251,-0.3222196554506631,-1.3778424758622165,0.7329196759569179,0.5375377646796835,0.3825634133109119,0.16909927803690294,-1.131121344915119,-0.5520474599700336,0.809793158560062,-0.6533398946647466,0.15259553889569588,0.9312568535282466,-0.6353618282103533,1.49182940667842,1.205861107638615,-1.0360917872191422,-0.9039285902932477,1.0520939584103033,0.14222784029094981,-0.9562159994750843,-0.03000490607073658,-0.7549829150539864,-0.8047524609965357,1.6338613942557458,1.389763247137548,-0.8522342980510587,-0.982135420051641,0.5996101534075962,0.3594991265067513,-1.62413360283837,0.4170907583418675,1.6856675685880589,0.43162121243326723,0.02410638874375337,-1.2704178540206854,-0.6232977049501258,0.31672434815120454,-0.8773513841330569,0.0,0.0,0.0,0.0,0.0,0.0,0.0,0.0,0.0,0.0,0.0,0.0,0.0,0.0,0.0,0.0,0
25.87968841124059,0.5498280605488104,2.175744176411868,52.71119255462582,0.7629971173802712,2.7821222798265595,19,1.0841224882508733,0.48842838482365636,-0.4968792817157279,0.24958662965646994,-0.8524217734935284,0.9104968891709362,0.3164008078753149,-0.29234148063949306,1.2549139938527496,-1.5303404695840115,-0.6307956131578756,-0.009757597476571789,-0.643418376779902,-0.5787135066098088,0.7097702463533757,0.336720520233861,-1.076936279639522,1.4959155386338026,0.35426960836016264,-1.9594174626741392,-0.8886337615481068,1.1473505717090262,1.4668248012020086,-0.11729747071010621,-0.8846317128388428,-0.36502712619031286,0.5424904481110921,-0.435587170023787,-0.7329289491084516,-0.47362662649501885,0.8734257228009064,0.4808197092815689,-0.1372863017434689,0.9681779774775805,-0.6998401502844089,0.5446091404183733,0.0,0.0,0.0,0.0,0.0,0.0,0.0,0.0,0.0,0.0,0.0,0.0,0.0,0.0,0.0,0.0,0.0,0.0,0.0,0.0,0.0,0.0,0
26.137050098727407,0.4549297528387327,1.692397092252353,53.12026274363046,0.773951689789335,3.289699200436793,20,1.3940184668721187,-0.3761575309225975,-0.6698068470264609,-0.5368848442206016,0.769874241261391,2.4484030162861288,-0.7988031723235522,-1.9723779365772174,0.21058741147041005,-0.8929227393931498,-0.7626954827947579,1.0936569943236805,0.9667342968907775,0.40982377809898907,-1.0308768211969372,-0.45173513399206655,0.6728458096898144,0.12724120487013124,-0.34965920894056524,-0.09212704955250928,0.17121744783623427,0.4715517621769578,0.5866648268964774,0.3147528521908569,-0.7201236418153059,-0.8091534891253573,0.7303487489800524,2.2256882814461108,-0.7563192176492066,-1.23900376353928,0.2689347187782545,-0.837078612579667,1.0094555153236087,-1.0503824074811874,-1.0140475149311605,1.1461658328746438,-0.09879254196681586,0.5596903910273525,0.0,0.0,0.0,0.0,0.0,0.0,0.0,0.0,0.0,0.0,0.0,0.0,0.0,0.0,0.0,0.0,0.0,0.0,0.0,0.0,0
26.2375685391264,0.469725487362771,1.6368245726714008,53.230788061101194,0.5185554261811677,1.7245360233699145,16,-0.6079982961684713,-1.1063008205055525,0.27337647012544153,0.03195497068684716,-1.0450238749032863,0.2520780248924126,0.976299651416106,0.5566831578883153,-0.16146930943818916,0.4760706936176433,0.821994230693484,-1.3831498086722291,-0.7979894199438924,1.3451480388638828,0.06893684179282289,-0.7858298715348653,-0.736959845370933,-0.25147077236877635,0.5687235188505078,0.5883779436505421,0.4142023737803733,0.6957126627295906,-0.7462073105333964,-0.730855768916939,-0.18261727309808506,-0.9936802544529755,1.3603316485275236,0.698191724426465,-1.143211719232884,0.3327921486859182,0.0,0.0,0.0,0.0,0.0,0.0,0.0,0.0,0.0,0.0,0.0,0.0,0.0,0.0,0.0,0.0,0.0,0.0,0.0,0.0,0.0,0.0,0.0,0.0,0.0,0.0,0.0,0.0,0
26.30542198087178,0.6296422033454933,2.118257925552353,52.76620304427617,0.7344244932096452,2.241146285677175,9,-0.5075618708251461,-0.062079595502794405,2.076732924749276,1.28620109185227,-1.2063881959747071,-0.1762808709751198,-0.1326156833295009,-0.8716079860264117,-0.6431532674747267,-0.2567120324194647,-0.13610077877341809,2.023280457426928,0.17266335622305107,-0.8647140544550993,0.6806228101177112,-1.3764322312220756,0.0,0.0,0.0,0.0,0.0,0.0,0.0,0.0,0.0,0.0,0.0,0.0,0.0,0.0,0.0,0.0,0.0,0.0,0.0,0.0,0.0,0.0,0.0,0.0,0.0,0.0,0.0,0.0,0.0,0.0,0.0,0.0,0.0,0.0,0.0,0.0,0.0,0.0,0.0,0.0,0.0,0.0,0
25.843892083444924,0.3682645094320439,1.3983184498031207,52.726373010941494,0.8092448628258185,3.198266187057527,12,1.0418563784831605,-0.9556947546383867,-0.39513822340044413,0.49317858413238724,0.5804662295000185,1.9324582217569883,-0.32120886041054675,-1.2638069230403772,-0.07396262287166877,-0.9556297526842314,0.010891748396065992,-0.9788295113329184,-0.08477030323986057,2.46618716661132,-0.5172643481959796,-1.6107820177003092,1.1574484515423755,0.3753708154316726,-0.7936262540542991,0.10130838235264861,0.08307585163201381,-0.39751601945668114,0.0,0.0,0.0,0.0,0.0,0.0,0.0,0.0,0.0,0.0,0.0,0.0,0.0,0.0,0.0,0.0,0.0,0.0,0.0,0.0,0.0,0.0,0.0,0.0,0.0,0.0,0.0,0.0,0.0,0.0,0.0,0.0,0.0,0.0,0.0,0.0,0
25.750618765611897,0.5097900921403197,2.2214547036702434,53.15708446604694,0.8408597718349642,2.742955793000526,22,-1.3334938083037358,-0.3177331398740151,1.276307248470328,0.5832886598399369,-0.5337715316661864,-0.9254663259477951,0.2666075064222646,-0.7335079765542076,0.7956465914928366,-0.23860918779534757,-1.2470412288268165,2.6437376355350963,0.05765237175467419,-1.6660831580862663,-0.2161588126859364,0.10847767435576117,0.6365243648418861,1.5750293561627373,-0.6510921101093388,-1.8347875023259945,0.04194482110882802,0.4130677889181982,0.6879590020339137,-0.8454326462559578,0.2717548770071012,-0.22380834934813976,-0.612418051576892,2.5616690880023043,0.6361154407144021,0.01108590604278703,-0.12521687430283635,-0.7060708510192342,0.21474023136011056,-0.0268261250466324,-0.7904067555076004,-0.1865157027552371,1.5123076131395052,-1.1949326867207688,-1.5616508808916407,0.824020948259431,0.2569692697179242,-0.6356073583268227,0.0,0.0,0.0,0.0,0.0,0.0,0.0,0.0,0.0,0.0,0.0,0.0,0.0,0.0,0.0,0.0,0
26.061904503732002,0.4999740935584605,1.9198122352538647,53.198415953441206,0.8479723932661857,3.3667867663822264,19,-0.0013787904623896452,0.7883872205582705,-1.2000610855142355,0.37026884142412797,1.3089378923527022,0.3466555946439982,-1.0348763460876569,-1.3276862155354863,0.6181720604891332,0.369453041872589,-0.05936815941471707,-0.3279845723863275,-0.38421823915151876,-2.0805690203330016,0.17757620877610947,2.8441180576487284,-0.9287083435135983,-0.552143526049818,0.8510927463081224,0.010747518879142604,-0.14720578659808936,-0.8574607992969447,1.2159252755438317,-0.1043122909882257,-1.0837588919899233,0.45998099932875647,-0.3717601141050473,0.5007318492374395,0.4149016451739165,-2.008183260643108,-0.3935224921895468,1.7235949066099678,-0.3735183035513394,1.1890425072250679,0.9154635503123352,-1.4558628813028847,0.0,0.0,0.0,0.0,0.0,0.0,0.0,0.0,0.0,0.0,0.0,0.0,0.0,0.0,0.0,0.0,0.0,0.0,0.0,0.0,0.0,0.0,0
26.29399624496188,0.5261123088921711,1.7479260535052532,52.88718521084365,0.7609147344544407,1.9572355048504306,7,-0.6671619660155343,-0.5411144922352733,0.010001008612260165,0.24433546785928684,-1.090765096101979,0.1418086078136298,1.2282860881119255,-0.4910946264992617,-0.1440672284170894,1.9272052335178955,0.5588904931714644,0.030030271332535108,0.0,0.0,0.0,0.0,0.0,0.0,0.0,0.0,0.0,0.0,0.0,0.0,0.0,0.0,0.0,0.0,0.0,0.0,0.0,0.0,0.0,0.0,0.0,0.0,0.0,0.0,0.0,0.0,0.0,0.0,0.0,0.0,0.0,0.0,0.0,0.0,0.0,0.0,0.0,0.0,0.0,0.0,0.0,0.0,0.0,0.0,0
25.835052583149697,0.45229966563474694,1.863034086451993,52.877977400845296,0.8799011704557334,2.8783097131103474,21,-0.48161904373136366,-0.040493243260200984,0.8143767548725513,-1.357610811933526,-0.8265822122954738,0.9662219694204168,-0.1269988062237708,1.1617777860742038,0.4696822436738479,-1.6966764939496528,0.3850077152417377,1.79486616848218,-0.3265566534409814,-1.4375300271733238,-0.3163399234369102,-0.9254110420926693,-0.2153256933255605,2.1536076631390273,-0.3936068002707991,-0.4547149947717628,0.6153193174357909,-1.3733027211190532,0.15166962574383192,0.7385261169091564,0.3534371971820036,1.8141936489529797,-0.8605339679746145,-0.8532885914074839,0.917647488560533,0.3656269734566209,-0.6311730140726439,-1.8029629821518256,0.04019391676327544,1.8908768960732374,0.8812451807571691,-2.1193851691893713,-1.863034086451993,0.025307046774173614,0.6252597335296137,1.7819508118694856,0.0,0.0,0.0,0.0,0.0,0.0,0.0,0.0,0.0,0.0,0.0,0.0,0.0,0.0,0.0,0.0,0.0,0.0,0
25.88224689639654,0.4527169838250418,1.6686452278422657,52.941321601700885,0.7416312133964403,2.9022568770594788,22,0.48849915479894435,1.1212929754587506,0.20480934885259927,-1.4117118028804612,-0.6111614773313931,-0.25496298438670806,0.5092022473277567,-0.5869468127906146,0.4284408720799959,1.0775640934554858,-0.841465167937173,0.5170473798763666,0.0901341277148191,-2.2432467503335474,0.9997085860841217,1.4896462874389798,-1.0541298568896984,-0.8758725321512131,0.6347876781928861,-0.26992605239894374,0.44849009400146045,2.4412332641863657,-1.2103747925173565,-0.6453505689920007,0.037406115373080695,-1.194815176898544,0.4376004776269795,0.3557997852538435,0.14954068290177247,-0.12464967907244073,-0.35460262364453143,-0.6466737569583572,1.306443745285442,0.4678611362810159,-0.7163279781755207,1.0598168143548463,-0.6714694238060552,-1.0798222299787241,-0.2808478258606897,0.8238688003328747,0.6515026826068286,-0.8176703195983634,0.0,0.0,0.0,0.0,0.0,0.0,0.0,0.0,0.0,0.0,0.0,0.0,0.0,0.0,0.0,0.0,0
26.077823845865677,0.4541324799150305,1.5612532135193824,52.9828902662358,0.7013885207081562,2.8398581088254247,17,0.6557608277290434,-0.3669382576109115,-0.9257645377163755,0.743995391224459,0.9605425715020779,0.33153567577341647,-0.7304764138094662,0.25617946037979067,-0.14951320465298323,-0.3428146347573815,0.6296840821751069,1.1064087918717789,-0.6006598289693805,-1.0438195760831874,-0.31295937548972574,-1.7960385327422372,1.0540657934293733,1.9473188674595718,-0.6821938757050674,-0.19449331469406417,0.9146939460463201,0.5822692085196337,-1.0729906159952485,-1.4836951931132631,-0.4882625975241339,1.7446632869194971,0.2809880518842114,-0.6356192770983995,0.04936757770643041,-0.10505707352866978,0.2875284257177668,0.6422946807240564,0.0,0.0,0.0,0.0,0.0,0.0,0.0,0.0,0.0,0.0,0.0,0.0,0.0,0.0,0.0,0.0,0.0,0.0,0.0,0.0,0.0,0.0,0.0,0.0,0.0,0.0,0
26.26326019805191,0.2955513937646879,1.1497306109104208,52.995145087337214,0.7457997552197103,2.554201084227124,16,-0.4294160829705298,-0.09531738122464617,-0.2841010312367196,-0.750288669576463,-0.37493732786644074,0.5545843965038983,0.31968845136132984,-0.02313086621641247,0.830042159549091,0.34680666687851414,-0.3853215383853268,1.655671525297862,-0.33248088998008285,-1.3758449329536546,0.3601410278455681,0.31946307635047333,-0.1891818353933843,0.02524220370209207,-0.07466656174697661,1.051409014664351,0.29214285955233166,-1.7305330933501253,-0.23176780708338995,0.2824506988697806,0.1707619126393105,0.09305816678710244,-0.3485822102344365,0.9941873820391649,-0.20775643641230346,0.16605667038374605,0.0,0.0,0.0,0.0,0.0,0.0,0.0,0.0,0.0,0.0,0.0,0.0,0.0,0.0,0.0,0.0,0.0,0.0,0.0,0.0,0.0,0.0,0.0,0.0,0.0,0.0,0.0,0.0,0
26.034883538367946,0.4894946950807217,1.6212635557801143,53.19931570575548,0.7509586384703859,2.1462227842535597,6,-0.6463711190727075,-0.28533845492932386,1.094181511731481,-1.2346211676502463,-0.10815490382525184,-0.04057921683057231,-0.06054805840692268,-0.5856839448434172,0.6957850062808077,0.8639952954334262,0.0,0.0,0.0,0.0,0.0,0.0,0.0,0.0,0.0,0.0,0.0,0.0,0.0,0.0,0.0,0.0,0.0,0.0,0.0,0.0,0.0,0.0,0.0,0.0,0.0,0.0,0.0,0.0,0.0,0.0,0.0,0.0,0.0,0.0,0.0,0.0,0.0,0.0,0.0,0.0,0.0,0.0,0.0,0.0,0.0,0.0,0.0,0.0,0
26.101105731141978,0.34004093451231665,1.073873417516797,53.526014003993645,0.7732383750798093,2.5146512761768776,10,-0.29990685274792384,-1.8294055742418607,0.046326787446112405,0.3625243253903392,0.4579905713950012,0.04885263883266333,-0.7289298336653864,0.3308659220360326,0.6184485409543754,0.8662149474201328,0.004770899056786959,-1.0093696936012364,-0.6208581908696686,0.021785642209458445,0.8433788201845616,-1.2869839655416584,0.2281333481907417,2.5146512761768776,0.0,0.0,0.0,0.0,0.0,0.0,0.0,0.0,0.0,0.0,0.0,0.0,0.0,0.0,0.0,0.0,0.0,0.0,0.0,0.0,0.0,0.0,0.0,0.0,0.0,0.0,0.0,0.0,0.0,0.0,0.0,0.0,0.0,0.0,0.0,0.0,0.0,0.0,0.0,0.0,0
25.94971324231326,0.3402073809449183,1.2425972473300178,52.76990104924512,0.7111780763436538,2.0715906692778603,10,-0.023329530267456988,-0.7228185536201721,-0.17187031456124302,0.6749466821552659,0.5345564409048507,-0.49029890952626687,-0.2306525843369549,1.731547002746666,-0.39821804286873075,-0.4718783022613451,0.5446601879123456,-1.2727551378733395,0.08724276524136698,0.07973594306797338,0.6106942941763052,0.33993593978837566,-1.0544494109906637,1.4803574511805309,0.0,0.0,0.0,0.0,0.0,0.0,0.0,0.0,0.0,0.0,0.0,0.0,0.0,0.0,0.0,0.0,0.0,0.0,0.0,0.0,0.0,0.0,0.0,0.0,0.0,0.0,0.0,0.0,0.0,0.0,0.0,0.0,0.0,0.0,0.0,0.0,0.0,0.0,0.0,0.0,0
26.077710019942085,0.46141992895726436,1.8600378287679469,52.857432416935126,0.8611872683066686,3.202728872776639,30,-0.27915395295454815,-0.8680936656114255,0.6662309999503329,0.6963499892454763,-0.9667348180729256,-1.2249624519729068,-0.031159038468775435,-0.17424218836334404,-0.023192848718387893,1.3270325496593856,0.044367220662739015,-0.38368663650308577,-0.17039476496421457,-1.2438892339445218,0.4654711139168981,0.3078040732893328,-0.12094207376939536,1.8923377257761658,-0.269509284493342,-1.991309168421381,0.8805317074285881,1.4871071729562502,0.322717004733704,-1.1300123551677572,-0.3650028584564531,0.38000867237325053,-0.30422659624500525,0.23821478216840575,0.1018228565901893,-1.9164590651543776,0.5473228957812815,0.5106111000578366,-0.548048101033455,1.239240283371572,-0.6727525841793565,-0.648512466056836,0.4887291896249195,1.3767110872468038,0.11698586970638303,-2.082161740914202,-0.8104807700496188,1.7371007497008932,0.35489322769637255,-1.5531810213298485,0.6926613213493198,0.8192929810079193,-1.4619422795525239,-0.5698182160748289,0.28653209500449606,2.3734461157673294,0.5370107457061337,-2.593537634752991,0.2650433245670136,0.973945974080813,-0.855656020227304,-1.2838211621209012,0.6154215966414824,2.661125016072589,0
26.038331590605203,0.44471154837110216,1.6398542078508278,53.10173828502534,0.6491802086272136,2.4008658783313948,16,-1.1015846805892124,1.5541242320192552,0.6123252469770719,-1.1092842285264268,-1.0238011308522452,1.2153348057113007,0.9953932553388469,0.7406910691272657,-0.13546639709896624,-0.707012021216066,0.2721873320121837,-0.2757327009640207,-0.6352260907860874,0.18349730566480105,0.2815012755530759,0.35867307359361433,0.1586250654944692,-0.6338435690749762,-0.48236888072244355,0.2815806418377136,0.9472792205344227,-0.9832884565924189,-0.6379784120213152,-0.3286373453180076,0.10711772207658399,0.37633525261240663,-0.5885759249408906,0.14354867110962033,-0.4092818088263215,-0.03264616134152476,0.0,0.0,0.0,0.0,0.0,0.0,0.0,0.0,0.0,0.0,0.0,0.0,0.0,0.0,0.0,0.0,0.0,0.0,0.0,0.0,0.0,0.0,0.0,0.0,0.0,0.0,0.0,0.0,0
25.983364075964126,0.3961480882930509,1.1760205766688827,52.8993944973584,0.7595715524858263,2.2751430454192914,5,0.2475440324610254,-1.1460380865997877,-0.4154071434165729,-1.1291049588195037,-0.32397713285992324,1.6774712886999836,1.1760205766688827,-0.09953404640469188,0.0,0.0,0.0,0.0,0.0,0.0,0.0,0.0,0.0,0.0,0.0,0.0,0.0,0.0,0.0,0.0,0.0,0.0,0.0,0.0,0.0,0.0,0.0,0.0,0.0,0.0,0.0,0.0,0.0,0.0,0.0,0.0,0.0,0.0,0.0,0.0,0.0,0.0,0.0,0.0,0.0,0.0,0.0,0.0,0.0,0.0,0.0,0.0,0.0,0.0,0
26.08440781533446,0.33290849683790086,1.461245912327815,53.00216649806779,0.7675653674479563,3.1627168543895934,24,-0.5616099369610872,1.226298683588226,0.5263764996647815,-0.6967490781805452,-0.15182998760011657,-1.0847508136430903,-1.0398215045907548,-0.3921038231460443,0.5810877110095412,0.9212985553310844,0.45774403041850675,0.08892135573769622,-0.29387052760440824,-1.3807806839319312,-0.08115923331187602,1.3164338413675054,0.030849724910620324,-0.22167361298412658,0.23147484692330877,0.4241756465136248,-0.4968455070747737,1.4529539209846263,0.050351427371239765,-2.9497424364875187,0.5625225820353776,2.091703267813976,-0.3152283326811549,-0.36730114352880605,-0.19221301628365595,-0.7860776849343551,0.10622454901510636,0.41689610766533036,0.2377656443497358,0.711513323413115,-0.2647858794514022,-0.6418491370907944,0.0887379504050223,-1.6378591512405407,-0.9370169528718257,1.840514600615208,0.97913646286937,0.2858398147878418,-0.18688280648058253,-0.9082086777515741,0.5250363291557179,1.0217172729566144,0.0,0.0,0.0,0.0,0.0,0.0,0.0,0.0,0.0,0.0,0.0,0.0,0
26.165636062069314,0.4410190272966141,1.7930939326619963,53.235852864075454,0.8067246085975595,3.0096254378616933,14,0.7710607000817014,0.20111352058763288,-0.689622850192638,1.658590196895581,-0.49799574394488033,-2.2269658406643984,0.3156139682352652,0.38787573857491964,-0.33476114556384573,-0.1418468232365342,-0.19001791046045824,-1.0286885125356804,-0.39631025073543924,1.8883751612964588,0.46083674377692674,-1.354248142059916,0.5074965834100986,1.7644738880735673,-0.8488368240998696,-1.7253017507079562,0.610581699796203,0.9342413828390548,-0.37752572750068936,1.0790317172797756,0.19400952239073632,-1.0227558050134604,0.0,0.0,0.0,0.0,0.0,0.0,0.0,0.0,0.0,0.0,0.0,0.0,0.0,0.0,0.0,0.0,0.0,0.0,0.0,0.0,0.0,0.0,0.0,0.0,0.0,0.0,0.0,0.0,0.0,0.0,0.0,0.0,0
25.839518175640997,0.45128428832494866,1.6575960623778094,52.876639512246115,0.6068729939567555,2.621561482551712,21,-0.700838372156241,-0.12056697847410902,-0.3781950320404519,0.5000336991699044,0.9961997389631314,-1.0213093164675229,-1.1769886801062448,-1.1006679669531465,1.6561555908673498,2.281203503035627,-0.9596285967348592,-1.5417003117169727,-0.5444419004470724,-0.13670763197366398,-0.08549214922851434,0.8510404063212036,-0.02286813494972506,0.27630964645461376,0.7089838653884541,-0.6664855349353545,-0.07337761339031701,-0.006285020602760483,-0.6147649267247033,0.11813309096206126,0.43973319347664486,1.4460533350069582,-0.5057397997677171,-1.1353747508410237,0.9786185960177569,-0.7722278015229307,-0.3219475360284427,0.008143586047062001,-0.16190461990236926,0.5655193418564792,-0.45485411207504,0.39099369088830116,0.4939775649223819,0.1968977823505469,-0.05728614056178216,-0.28785724649517874,0.0,0.0,0.0,0.0,0.0,0.0,0.0,0.0,0.0,0.0,0.0,0.0,0.0,0.0,0.0,0.0,0.0,0.0,0
26.084431349199335,0.4049196001194913,1.352162694445397,53.22315310121206,0.6309244118296038,2.370925374192659,17,-1.0230965659230762,-0.8215980700989434,0.4613934469725507,0.8529960829926964,0.11956903241812,-1.1948229508651167,0.13323398574778622,-0.4915828339015036,-0.3639412582630932,1.065890059967991,-0.07019963390986206,0.5504516189566431,0.6590302854816912,0.2719331286231963,-0.18873213793091992,-0.6913878637796458,-0.14658658994342133,-0.06172564337126829,0.516970279767726,0.7526293959960597,-1.2935664660720398,-1.0786055264769416,1.068090165480573,-0.18255042203773542,-0.21241253325505127,1.7442906263143598,-0.9142738605988789,-1.5168001624910659,1.3106236416569637,0.9555003023802939,-0.2882319486737863,0.3544131099209622,0.0,0.0,0.0,0.0,0.0,0.0,0.0,0.0,0.0,0.0,0.0,0.0,0.0,0.0,0.0,0.0,0.0,0.0,0.0,0.0,0.0,0.0,0.0,0.0,0.0,0.0,0
25.988349641916905,0.5511043685365304,2.129280036999294,52.72608809734888,0.7150538913061527,3.333144384749801,30,0.012398739826657845,-0.009176653040270821,-0.7370379981087041,0.21647141865994968,0.7755871575613646,0.22827967320372977,-0.6028465851360707,-0.4473488792278175,0.6037177906307498,-0.07462740155865788,0.9390869108265001,0.37982839868274,-1.6646609211768748,-1.4668741815131199,0.6213240770391941,0.9629341142399923,-0.24429615788073278,-1.1628737779225133,-0.2024102784725912,1.2066570612213994,0.12453841017397238,-0.3644706559754951,1.131032175047661,1.2601934587239043,0.1328315655720118,-1.0897568345594948,-1.3914154692990905,0.2957613936974113,0.7236270746890625,-1.4258700160359723,-0.6599512640890808,2.5361965278407297,0.12033479708275863,-1.6870363120614371,-0.6854540000718963,0.4829832117277135,2.0905300936667786,1.0086142696721367,-0.5167549504226692,0.0029970784763051483,-0.8750017453892625,-1.5141215495992952,0.4682621125056592,1.3102038742318882,-0.3424104805973833,-1.340539877794896,0.6729669005220806,1.1048309384572974,-0.643604080678589,-0.8132537846663368,0.07324068956069141,-0.1846842802485611,-0.23363929049540744,0.8402890349438081,0.632973117276169,-0.6070107640641993,0.8027176710512265,2.1936760178346475,0
26.142236050467293,0.6155374623098914,2.174325464148044,53.39881678332424,0.7798400440485069,2.465702746982103,11,-1.651211962435955,0.6680534923029526,-0.2466519012839079,-0.43521087671892644,0.3125100212951324,0.40418504375895026,-0.5889716217233136,-0.1990689774247585,0.6174207012251642,-0.25055001640043884,0.1772328567919068,-0.17967237612246834,0.46073165106934155,0.7007978908360144,-0.24200293634845593,-1.6573186375152744,-0.1819678371846365,-0.11850274419033013,1.0021069278863237,-0.6898813652764986,0.0,0.0,0.0,0.0,0.0,0.0,0.0,0.0,0.0,0.0,0.0,0.0,0.0,0.0,0.0,0.0,0.0,0.0,0.0,0.0,0.0,0.0,0.0,0.0,0.0,0.0,0.0,0.0,0.0,0.0,0.0,0.0,0.0,0.0,0.0,0.0,0.0,0.0,0
26.06456126296156,0.4913173986535764,2.0645885550362166,52.75447103390009,0.7732764506925079,2.695769979114388,30,0.1575330784185489,-1.8880119732809248,1.0827195490782522,0.7687324716307771,-0.3733854614049541,1.0082770854649254,-0.02174993759276589,-1.8735929548817936,-0.11789310196174085,0.02197626587879853,-0.3134648043440187,0.7206079251461688,-0.6713496922609963,1.2058460208715331,1.0734071092963688,-0.6095884010045722,0.769759528025002,0.3964748485134777,-0.9161802561060455,-1.1925688656879458,-0.721397303321325,-0.008089559824149717,0.4716221524789894,1.908583370792293,0.5751457136926028,-0.7737528748177454,0.059447222134078714,-1.1996235895341982,0.24432351917514694,-0.7223935147624445,-0.24858851103420676,0.4562949552428677,-1.5289610920554573,0.28081465940766037,1.1134799857492972,-0.17067585545140673,-0.8356830372565227,0.988932906592396,1.0382127887150432,0.5641602629353528,0.0488598911277478,-0.609326111688894,-0.7763906590351937,-0.29192667449009946,0.26005093833132165,0.638803198374049,-0.17124213093761753,-0.545489368298945,0.7318712463309076,-1.1003865626367286,-0.4497703362116212,1.5333149494930893,-0.2817657373185938,0.1518334957087859,0.7138158609469656,0.6487703487336915,-0.08785671473909673,-0.2256776189691152,0
25.745252975763037,0.47591774982478763,1.8613259731402287,52.90638769420428,0.863399287755945,2.902413711972713,17,0.23922168827671797,0.8832793105077599,0.16304249291780337,-1.8538534563722706,0.5178982208124339,0.9759261217576665,-0.24920377446477815,1.2334614206320254,-0.07799796498823497,-1.2255210525537237,0.9328337314521917,-1.336382502796333,-1.8613259731402287,2.715789753173496,0.39930275926229797,-0.43542306784788565,-0.021405417669217996,0.10760018603236432,-0.34473191594164376,-2.090544657459347,0.5255663985181229,2.604991498074085,0.7036443383413697,-1.8285854487667308,-0.6397082811562314,0.21106971271277786,0.1293222132647216,-0.15467057741741996,-0.694775927946985,1.3197714783577652,0.4630146263599677,-0.9013884275683992,0.0,0.0,0.0,0.0,0.0,0.0,0.0,0.0,0.0,0.0,0.0,0.0,0.0,0.0,0.0,0.0,0.0,0.0,0.0,0.0,0.0,0.0,0.0,0.0,0.0,0.0,0
26.01356896273749,0.6417427668373604,1.8150420534985088,52.66076843830723,0.9108477713829781,3.6597708770931163,14,0.9764915549662199,-0.6192563516558138,-1.0794849741190227,-0.06432042692050999,0.6151626211455863,-1.5110382266635085,0.3592470780571766,0.9096577075867884,-0.8667298713975988,0.049772829394420626,-0.027591219352192553,-0.1779242150418483,-0.12686864899351846,-0.6296992574305591,1.4561807339074235,-0.8405240112218948,0.05200858368366568,0.9186025390518822,-0.007444946939031638,-1.695041464192073,0.0669005551943549,1.9668699117449506,-1.2252271738810023,-0.1616957744553673,-0.5898148796175064,-0.44218185973907964,0.0,0.0,0.0,0.0,0.0,0.0,0.0,0.0,0.0,0.0,0.0,0.0,0.0,0.0,0.0,0.0,0.0,0.0,0.0,0.0,0.0,0.0,0.0,0.0,0.0,0.0,0.0,0.0,0.0,0.0,0.0,0.0,0
26.13804456767741,0.5117641782399169,1.4573024599972513,52.97537821575576,0.8678763970400472,2.9891156124705915,12,0.07361969062933227,-2.922630041453452,-0.663103950104059,1.5981091450361689,0.9166022107722362,-0.7306318437804151,-0.8585447463615772,0.8293495082279563,-0.5797634342938593,-1.7633123805008495,1.2428590489930649,0.8083895074587204,0.2144434110041864,-0.5188386201805386,-0.30974604840964304,0.045519036792768475,-0.8792355410044763,1.2622351352642056,-0.23575730631966607,-1.4845515345718496,0.4425335816646445,1.127132537433127,0.0,0.0,0.0,0.0,0.0,0.0,0.0,0.0,0.0,0.0,0.0,0.0,0.0,0.0,0.0,0.0,0.0,0.0,0.0,0.0,0.0,0.0,0.0,0.0,0.0,0.0,0.0,0.0,0.0,0.0,0.0,0.0,0.0,0.0,0.0,0.0,0
25.963749877188686,0.48255357074595007,1.6160921930116068,52.631537262383446,0.6383448914703702,2.854653257906392,14,0.8093125884001466,-0.7041489095642959,-0.5090677946991171,0.6212514835239915,-0.2496332658947864,0.3726736133767474,0.09486631540315571,-0.6613352728678521,-0.13255083052610317,1.126777073271164,-0.4793023151796909,0.6167101259848522,1.6160921930116068,-1.3158622077924207,-0.5373190407495336,-1.5387910501139714,-1.049529011786575,1.6981143913572723,1.5551829959795604,-0.5472138692947723,-0.6612872297965424,0.5087362827274831,-0.19440349100690213,-0.010485116751702606,0.37068879184338144,-0.5071426522468414,0.0,0.0,0.0,0.0,0.0,0.0,0.0,0.0,0.0,0.0,0.0,0.0,0.0,0.0,0.0,0.0,0.0,0.0,0.0,0.0,0.0,0.0,0.0,0.0,0.0,0.0,0.0,0.0,0.0,0.0,0.0,0.0,0
26.108536435580163,0.46104891995005337,2.419589529571901,53.128266403137644,0.8625249020635993,3.213302839325891,27,0.24939045375304048,-1.4967307986526137,-0.04634138323698522,-0.7844708334389381,0.40825366722561185,1.047057789376872,-0.22063734952806513,-1.0965746493356008,-0.030925724191583015,-0.7974578980552351,-0.18662730299611496,2.34982389554019,0.5426532647963143,-1.9803385675169451,-0.801537697958409,2.843817511302646,0.012986637227861308,-2.3528360003676028,-0.8076350421186689,2.0980776456192487,1.4808686983912835,-2.80154860006553,-0.5665448997945965,1.9153317238290484,1.5052657309752142,-0.4206138506252799,-1.6695691989668653,0.27041596205640417,0.24705541058959923,0.10422118489688614,0.22896341209583682,-1.1726142791659484,-0.8242024632985618,-0.6488789597774627,0.7302238434339685,1.0063408893310282,-0.16194314091102058,0.21915839033948004,-0.16917481086701258,-0.5558999029925147,0.7381460742099222,0.5995188730522969,-1.0381763383268314,0.04165724881190158,0.5893254154964396,-0.9917215821748826,0.5898810891514117,1.0439981825874654,-1.080643023670671,-0.5297466443080907,0.20486788663199818,-0.3462151012069796,0.0,0.0,0.0,0.0,0.0,0.0,0
25.920050957725472,0.4765524287752793,1.977849682667987,53.10509405072023,0.6730819048800393,2.6290755742313507,19,-0.6370749773562991,-1.0831888505340075,-0.05161150103033307,-0.30368255338314043,-0.602867484332922,0.058353066204595905,1.3740828174609412,0.2974417808808525,-0.16389894313492093,-1.441808350398837,0.25429901140359235,1.5846736145211935,0.34063457583016543,-0.2571414187341432,-0.7315853524978273,0.5192967926195777,0.08588382504430214,-0.475292458974387,0.20637775449625906,0.42170163228738744,-0.4566445749096708,-1.555299369499302,-0.44381578878966366,0.2611563839222626,0.15305220090228389,0.5993097279651352,0.5558939069759354,-0.7231337027506441,0.5198040460674669,1.2853571827534083,0.2837662038191233,-1.8168190511113025,-0.9260132416143847,1.004754129488994,0.22627444277044617,-0.32551947143589643,0.0,0.0,0.0,0.0,0.0,0.0,0.0,0.0,0.0,0.0,0.0,0.0,0.0,0.0,0.0,0.0,0.0,0.0,0.0,0.0,0.0,0.0,0
26.324861052853088,0.46492142884297055,1.4138751124382232,53.294321923935414,0.29044134835750673,0.766138519978135,5,-0.5881006474969404,-0.591978936340702,-0.23942978396979342,0.09937843874588737,-0.13620079407737862,0.6667600812322476,-0.4501438868941108,-0.48521429350289225,0.0,0.0,0.0,0.0,0.0,0.0,0.0,0.0,0.0,0.0,0.0,0.0,0.0,0.0,0.0,0.0,0.0,0.0,0.0,0.0,0.0,0.0,0.0,0.0,0.0,0.0,0.0,0.0,0.0,0.0,0.0,0.0,0.0,0.0,0.0,0.0,0.0,0.0,0.0,0.0,0.0,0.0,0.0,0.0,0.0,0.0,0.0,0.0,0.0,0.0,0
25.96880142258094,0.5379905174691468,2.0072423106168955,53.00027724478978,0.8977035657333633,3.811544812204204,19,-1.0110289204188199,-1.4126192920874487,1.1359769326326408,1.4774601379585803,-0.3079844508534748,-0.9954977190920147,0.26926445450664005,2.0289654846915823,0.46815885527513146,1.010418343379797,0.19171744320786388,-2.7501247463142775,0.21956108122412843,0.27264827689634785,0.030547994623965735,0.44748519471069415,-1.1936214275759447,-1.7815535374969684,1.1232610609208074,2.963217276325942,-1.2166561696965275,-1.56971948210564,1.1406766911299826,-0.06485949454812356,-0.2434870394023143,0.8715669361021057,-0.2001907680150019,-0.4837659675447483,-0.528472224595987,0.06362066269927169,1.0419095269779142,0.5432565165642558,-1.102587523157279,-0.7748889361066844,0.49252385383868713,-0.7987331560649054,0.0,0.0,0.0,0.0,0.0,0.0,0.0,0.0,0.0,0.0,0.0,0.0,0.0,0.0,0.0,0.0,0.0,0.0,0.0,0.0,0.0,0.0,0
25.82208519951482,0.5391886048455289,2.1289608912335005,52.66465747305003,0.7672464624505477,3.570239899053483,26,0.5793444374963919,-0.46738223241871424,-0.7255518668682832,-1.283045882269576,1.080359051267063,2.369326407671892,-1.0614491318458796,-2.730072173326896,0.575942904740991,1.861176673134544,-0.27017937663489633,0.019892469383250955,-0.4146426847966609,-1.435873766664912,0.9589051380114526,0.9614557988338888,-0.7575237853260504,-1.2791817210741954,-0.5429701780557572,-0.9676371793391638,-0.5909705990948595,1.4227984715161242,1.0034843343700288,0.36100102773573184,1.1254765568634717,1.0087048984582339,-0.059084975897658154,-0.46147847659997865,-0.9881684349255941,0.02090989946025701,0.172071743823075,-0.886373666135782,-0.04522908042732254,0.3875282553937609,-0.43425953494677216,-0.31993224466222614,0.19230013691311498,-0.2360379177285168,0.9649906955120642,0.5050196640340445,-0.2386308240106949,0.5345694496668685,-0.1153995064247546,-0.5177207236164278,-0.8041177350953745,0.1993086799993833,0.717924912847419,0.8147339842690897,-1.202274091760998,-0.9565353836816755,0.0,0.0,0.0,0.0,0.0,0.0,0.0,0.0,0
25.871170742315773,0.43576806123455714,1.1155592765843778,52.70364631884801,0.9161232847444515,2.7966993222055763,7,0.6834111757122017,-0.2356403167783796,-1.0481690488553603,0.8800199704729792,-0.06739022772901748,-0.3398912677254913,0.7043412833384473,1.190743002260433,0.3178386105036033,-1.2999039278919042,0.033969563029899064,2.3657315450895595,0.0,0.0,0.0,0.0,0.0,0.0,0.0,0.0,0.0,0.0,0.0,0.0,0.0,0.0,0.0,0.0,0.0,0.0,0.0,0.0,0.0,0.0,0.0,0.0,0.0,0.0,0.0,0.0,0.0,0.0,0.0,0.0,0.0,0.0,0.0,0.0,0.0,0.0,0.0,0.0,0.0,0.0,0.0,0.0,0.0,0.0,0
25.959182503213846,0.6018464952867999,2.1883794875462144,52.95967458225873,0.9084642099673237,3.407577572849945,26,0.10172644269757924,-1.1508172879577856,-0.9325771508999452,-0.26791108784702544,0.05470759171876338,0.5205658686614711,-1.0416567707782534,2.081125267315379,0.7041389139682437,-1.706566308206419,1.1418085629254193,0.03411738231879724,-0.911652783723639,1.0313656191656193,0.5012224400896663,-2.0351917939041613,-0.07843088169720858,1.3627912856928717,0.49997977784328285,-0.018093824394810554,-1.6305342177207969,0.35281156365417843,1.1865061825704935,-0.08405120384887965,-0.008131351037938828,-0.7287876825839916,-0.5970824327029298,-1.0595373585807337,0.9090221275522055,0.6545862435443794,-1.1796410395279864,1.1255808116985548,1.2317855719104784,0.8098237271987045,-1.610110803422888,-2.461846705234173,0.6253827513984476,-0.05267140843405116,0.3825161570702491,-0.22810512720784715,0.1787738685712874,0.6454828084037345,-1.0428717714167526,1.3716888794653457,1.455496571976905,0.29490398774267845,-0.144674685261581,-2.715878469339742,0.5748765281812567,0.6987859166996202,0.0,0.0,0.0,0.0,0.0,0.0,0.0,0.0,0
25.96358919566881,0.5553349717757353,1.872745578425711,52.78145647043893,0.7074325146042066,2.377000028431276,15,-0.2698819369290568,-1.0837403935068366,-0.503477232534344,-1.0153096625950582,0.9268291096608046,0.9573632789461541,-0.23874233416703916,1.2960555352213419,0.7089607996865688,-1.1531217472969502,-0.1999109267371466,-0.5571710497368727,-1.3854991944680286,1.01049508986776,1.872656420765157,-0.4029980181760848,-1.114893933702671,-0.0975323247740647,0.07749361526235177,-0.23347591315899763,-0.6580992067078313,0.6858528324142554,0.9718663023435852,0.7333526541165014,0.07233319437245456,-0.4091882222394716,0.6513891860926648,-1.953213329447351,0.0,0.0,0.0,0.0,0.0,0.0,0.0,0.0,0.0,0.0,0.0,0.0,0.0,0.0,0.0,0.0,0.0,0.0,0.0,0.0,0.0,0.0,0.0,0.0,0.0,0.0,0.0,0.0,0.0,0.0,0
36.40365481016087,7.750906494665253,23.778504342374422,46.47440268703708,4.141903154408732,11.269154944457043,22,-0.39983704018800736,-1.752678687478138,-0.2237744944184641,0.8479743553690966,0.0602970248051129,-0.7211589987688569,1.4449722939252574,-0.986341239879323,1.1576333306183386,-0.8496439832970566,1.7677609659708509,-1.3558106439099689,0.7599629290252565,-1.4435158220207214,1.6342869833275095,-1.245393586842205,0.8259523672026745,-1.3186107041951942,1.8312974494911458,-0.9307843521141663,0.9479779380791982,-1.513191281320509,0.7678860913282932,0.0,1.3943027234650103,0.0,2.1037624773345627,0.0,0.5483433958771045,0.0,1.4932677741290945,0.0,1.9576188020192404,0.0,1.6051748055548032,0.0,0.7630844964133132,0.0,1.0824853219647963,0.0,1.6324371718428594,0.0,0.0,0.0,0.0,0.0,0.0,0.0,0.0,0.0,0.0,0.0,0.0,0.0,0.0,0.0,0.0,0.0,1
26.080200159172193,0.5612456270565191,1.8395245446473716,52.90120122889742,0.8016042125515691,3.44738520592297,28,-1.4361529956134333,2.2123025163221044,0.556558572566761,-1.982712015852897,-0.8136691642286813,-0.4109765569912369,-0.07482053137022504,1.3771202863384033,0.808270222895441,-1.522686883599178,0.12100507543692274,1.859279048726279,-0.4880476166654901,-1.7397304007345937,-0.2820393850685541,1.1230418772676742,0.1735332243882013,0.05215170010175996,0.8375103401071229,-0.04140905805130046,0.003415481667399689,-1.2420897208730182,-0.12770759572181234,0.8745299197361547,-0.5140566285070669,1.2544956188261125,-0.34497875073481055,-1.2604838623832961,1.1941611781336228,-0.7590908997075445,0.16420362523319554,0.5646473953125337,-1.083037803439396,-0.6505803433667268,0.18300353970224137,-0.7387485615658207,-0.654075135879367,1.6042330503585376,1.0004941439098332,0.221161133355821,0.7709244115914693,0.47909954835424884,-0.5660777017125511,-0.18521573063957675,0.6341836908586203,0.11782571537964515,-1.3011911494722135,-0.5245743565547016,-0.45861537038886624,1.7348558456689958,1.4059614214451983,-2.3752001189135044,-0.6662517559931835,0.4195116726306125,0.0,0.0,0.0,0.0,0
26.05239273853885,0.42329504736990264,1.9165599480179587,53.017997397434826,0.6360941988200377,2.0416506743521836,30,0.16511553018202108,1.049348934956889,-1.018317917272185,-2.0293925346578874,0.45015305763779523,0.002856022417205395,-0.18285858273605982,1.807492236373804,-0.15417160443453426,-1.3813480555280861,0.8078469586898223,-0.2796028026325672,-0.6093235226669869,1.7287249911654143,0.3547844357783845,-1.5809464933196509,0.004178439548983448,0.6346805374196194,-0.3760768103969063,-0.41817767629041924,-0.5928583302386627,1.0393474258886215,0.5523679089093001,-0.4248598217522357,0.43946688893643326,0.5477192912553264,-0.11291364342409693,-1.688143794691328,-1.126694224788384,1.1519836864181983,1.3811489186276908,-0.11962279679316623,-0.6824317848473989,-0.6723992842423385,0.5630935686347414,-0.22940511427497512,0.12111523998273199,0.758827886038091,-0.1723124179465252,-0.16304115232708227,0.7059464235667186,1.1766968627931007,-0.44140153792879033,-0.2832904737441808,-0.7264238955334648,-1.2095781499111098,0.05099275647140544,0.3433914369917872,0.13810502579950068,0.6431570762928942,-0.13810562234215595,0.08797045657325953,0.36050667045897455,0.42532734781878645,-0.7516866885476539,-1.0019630685079761,1.2580357409978298,0.17842721089792235,0
26.04617985086821,0.5289149198564488,2.358833996589734,52.78446560611157,0.8921574507796604,3.0421963685884705,13,-0.9277408449374889,-2.002171336547015,-0.2884725403321511,-0.4395064591455551,0.6052862699699766,1.1336465943795488,-0.0674569736420274,-0.038927104690181125,-1.6804499076480433,0.9596707577245027,1.2580476994135381,-1.9201021907991134,-0.19593195532400287,0.5529918218835448,0.39565257912651575,-1.2877984513942025,-0.29518198590385225,2.818149500382937,0.05424109401139532,-0.8995512063107682,-0.38901833359504323,-0.5711820338433213,0.7988709889427845,-0.6870708516883042,0.0,0.0,0.0,0.0,0.0,0.0,0.0,0.0,0.0,0.0,0.0,0.0,0.0,0.0,0.0,0.0,0.0,0.0,0.0,0.0,0.0,0.0,0.0,0.0,0.0,0.0,0.0,0.0,0.0,0.0,0.0,0.0,0.0,0.0,0
26.04291383574804,0.552593460028202,1.6367104596561433,52.85724641261504,0.6098111893942894,1.7010753799825054,12,0.8223714789843228,0.3772186469190899,-0.7608459726960533,0.10408340855194353,0.6057152343746424,0.543386195033996,0.9694697189932313,0.524852158075241,-1.1952662420399278,-1.6609159680477674,-0.3069284105147787,1.6379377568810654,0.6717258247135725,-0.31457916202515435,-0.803899473117248,-0.9003800828943227,1.4728881355555679,-0.46313792389632624,-0.15818243090053485,0.9623556903756665,-0.7838956437409905,-0.9406569607957209,0.0,0.0,0.0,0.0,0.0,0.0,0.0,0.0,0.0,0.0,0.0,0.0,0.0,0.0,0.0,0.0,0.0,0.0,0.0,0.0,0.0,0.0,0.0,0.0,0.0,0.0,0.0,0.0,0.0,0.0,0.0,0.0,0.0,0.0,0.0,0.0,0
25.794528196636062,0.5841513595400964,1.9173470718970869,53.137503008121975,0.8096048117587549,2.905064967616312,14,0.8058934412747547,0.37957853536180863,0.9002176994163804,-1.0398772233414064,-0.9311560371333556,1.4064945283428116,-0.5196242895310661,-1.5840877802414965,0.4882894458334164,0.5030967564435826,0.8277300141337989,-0.6753471421496542,-1.0370102906064425,-0.44675675943511095,-0.38740124125799014,0.6130077265068152,0.5365126747344817,2.2920572411094966,-0.4689274691211338,-0.5566882388823302,-0.42575987894879574,-0.6065884693017409,1.5049671183589695,-0.9629386126063793,0.14718837706263344,-0.018155657300091832,0.0,0.0,0.0,0.0,0.0,0.0,0.0,0.0,0.0,0.0,0.0,0.0,0.0,0.0,0.0,0.0,0.0,0.0,0.0,0.0,0.0,0.0,0.0,0.0,0.0,0.0,0.0,0.0,0.0,0.0,0.0,0.0,0
26.07133972299333,0.3665598035502878,1.243984218882165,53.045696068355106,0.830630659140842,3.0229138161356772,13,-0.6721856781592557,0.8605395002790246,0.12820205012457464,0.4635979645924593,0.5389927911519656,-2.081724062806103,-0.7580363463756861,1.2635111974061033,0.5418365300437848,-0.19130046096351094,-0.5242968743493073,0.25428897759125846,0.6052530317664377,0.9152614293220793,-0.6202559553529952,-0.4300561092532149,1.2414474867742449,0.27229730854933365,-0.9084036995262394,-0.7148371331754007,0.41936670111393326,-0.5573784230682151,-0.397576064011119,-1.5929394591881803,0.0,0.0,0.0,0.0,0.0,0.0,0.0,0.0,0.0,0.0,0.0,0.0,0.0,0.0,0.0,0.0,0.0,0.0,0.0,0.0,0.0,0.0,0.0,0.0,0.0,0.0,0.0,0.0,0.0,0.0,0.0,0.0,0.0,0.0,0
26.102991657594032,0.347198072180611,1.407530972808619,52.87492643502651,0.6364309649445166,2.4904404282371786,18,-0.42332091680834694,1.2920921379983525,0.6138127725666571,-1.1497006341461713,-0.8514208518362025,0.19282125897014168,0.11729427673090598,0.49160908780036294,-0.3427803927975148,0.8467279902254958,0.1305260735044449,-1.8863838524679153,-0.4002626954617803,0.17533224582838614,0.3036566544627384,-0.7793888215976494,-0.36454403741121055,1.975285214786517,0.44636633153509564,-0.6747897409643073,-0.03593575129601945,0.6093503872250068,0.002736068196210084,-0.0689369081967186,-0.035060420680629534,0.3598331669685493,-0.263884201067647,-0.6292747721299534,0.5888061048815807,-0.5685930295878592,-0.12231858198559564,0.7530524926113316,-0.01931914619843056,0.1460340829104183,0.0,0.0,0.0,0.0,0.0,0.0,0.0,0.0,0.0,0.0,0.0,0.0,0.0,0.0,0.0,0.0,0.0,0.0,0.0,0.0,0.0,0.0,0.0,0.0,0
26.051277448690147,0.535170229640894,1.87507082618432,53.025786272334166,0.682936809859678,2.5839125917329966,24,0.21255732199238864,-0.23393160896989684,1.0690020895926828,-1.4481262053303894,-1.0288624499236825,1.128216277808228,-0.2758502294537628,0.44448531805685576,0.37112325382211253,0.5129303748088034,-0.8056052224713035,-1.3477388940092254,0.29861558831322554,-0.5304673764303729,0.8511539877592753,-0.31373765327680303,-0.39894387358022954,1.4908496115365324,0.9566928806464077,-1.316928878301347,-0.9170248209096883,0.6191792751383289,-0.7567525044816108,-0.7900071902984607,-0.16961743590506373,0.5770751846834727,1.2933524272971972,0.4783259428690414,-1.0215860435701494,-0.13578815732505234,-0.044798409640279147,0.37495866755558893,0.30806948119773025,-1.6896331238746995,0.7556212980728887,1.0060392729055252,-0.681991006176002,-0.282925633158861,-0.23694381865835012,-0.4097212251529285,1.0271093155897297,0.18627056567145672,-0.08532857972515018,-0.11565446252456724,0.31255812725813925,0.9952101519201335,0.0,0.0,0.0,0.0,0.0,0.0,0.0,0.0,0.0,0.0,0.0,0.0,0
26.206557576193624,0.5225376056305155,1.6950525634607807,53.127180298500264,0.8143872455698636,2.946779853209769,18,-0.3628981349230749,-1.7564316787842458,0.10616805764914261,2.946779853209769,-0.9452324320955867,-0.6867745928690709,0.6746827537686677,-0.4431797203363175,0.08687981795266353,0.2415859818998456,-1.1770572522724017,-1.1707746098821943,1.1672744820178202,-0.6625382470664078,-0.11324993513965609,1.5085602956619013,-0.8685022784107836,0.5074460848518285,0.383156097510831,-1.230359483376482,0.6323632654903832,-0.3603025435786975,-0.7080805089109674,0.3217422701253341,0.4706861894556731,0.8185159849524837,-0.6774221918708605,0.09663825496404144,-0.3117583967549429,0.9664538413943333,-0.05206209692768837,-1.0909346536646538,0.4589087813968469,-1.0235217846268512,0.0,0.0,0.0,0.0,0.0,0.0,0.0,0.0,0.0,0.0,0.0,0.0,0.0,0.0,0.0,0.0,0.0,0.0,0.0,0.0,0.0,0.0,0.0,0.0,0
25.921364333912216,0.4854382256353323,1.7304752388486158,52.88731326977232,0.7862703452901726,3.068241138468345,30,0.17848175206652428,-1.6650226493889448,-0.1778282943892897,2.0391039607043027,-0.5744559412143779,-0.018484830458632473,-0.02209809659289519,-1.0426126084845109,-0.27447063120068194,1.4114320003640302,-0.23967155425125597,-1.4268162885002198,0.2282712695796434,1.4244503639191493,1.3627869754498896,-0.46933887003737595,-0.22562170917156266,-1.360704257575314,-0.07850018952532167,0.8786707113562784,-0.38799662024090864,0.4049023384633301,0.09060424314314375,0.12440526792527606,-0.11359541448136667,0.5864153319375447,-0.659118920556157,0.0996774310497699,1.1173109913279724,-1.1171189819195533,0.10249611891065058,0.6383573376335434,-1.001504694901893,0.8388912470186796,-0.0004585770629503827,-2.10128018416475,0.7515073946447153,0.3285632723263632,-0.00440921879147993,-0.8377398073421674,0.19486357063129844,0.8189621879929803,0.3404485645267208,0.6697709345278895,-1.2357418240221918,-1.8575421422068388,0.4879579964905645,2.0425529880919484,-0.45926238985501655,-0.7275114892655097,0.036014069832912554,0.3277364831552987,0.24934741134196514,-0.8849585744257666,0.9350761915779877,0.8532889547773905,-0.16776885609871073,1.425168361605209,0
26.020369927803387,0.5881449022319936,2.7010910285573324,53.10484560158183,0.8174047045764194,3.271543242115385,21,-0.13480220595942072,1.2297951318124518,0.7872699454627217,-2.6412374147358406,0.7548553398488274,1.9354751318247878,-1.0576807761898408,0.42704382286324716,0.26375091370852033,0.010044142701957526,-0.10613610677573249,0.08478334014851896,-0.0497328035404756,0.0701433125353006,0.7317206143043791,-0.3419862265597615,-0.8527894283770117,0.34050777486866934,-1.4810852479844137,-1.0261440436954672,1.1807313056324986,1.3889193513712286,0.49202418111830326,-1.309138221987034,-0.10682509414498043,1.2936147453624898,-0.06132316077564326,-0.9416352553576459,-0.14029768930817,0.1905920257480318,0.29807663545291163,0.5311895375605076,0.9845747149997344,0.4995034511158494,-1.1907138152289498,-1.1727645583570592,1.244843950811628,0.14045736754369642,-0.8458520858920977,-2.239236051302022,0.0,0.0,0.0,0.0,0.0,0.0,0.0,0.0,0.0,0.0,0.0,0.0,0.0,0.0,0.0,0.0,0.0,0.0,0
26.16066989010075,0.6018110910833928,1.7493654752890393,52.83532980949455,0.527216507539369,1.625655810358829,11,0.09817639669003242,-0.43164025067700607,-1.0586602068254223,-0.5871523632816036,1.0198512309870154,-0.11995894174732058,-1.1536621423761986,0.8879575445672003,0.02746451619221446,-1.0245776595930067,1.667068489374163,-0.022402920563635575,-0.42607293359590415,1.1907484028171567,0.480905403318566,-0.3909850901121672,-1.2219391030208335,0.8258924976538395,0.23632134734296173,-1.0896941445316202,0.0,0.0,0.0,0.0,0.0,0.0,0.0,0.0,0.0,0.0,0.0,0.0,0.0,0.0,0.0,0.0,0.0,0.0,0.0,0.0,0.0,0.0,0.0,0.0,0.0,0.0,0.0,0.0,0.0,0.0,0.0,0.0,0.0,0.0,0.0,0.0,0.0,0.0,0
28.761996108560755,4.111109820400755,13.076565839883173,51.4903068049653,2.5371654366672707,8.840245912167653,16,0.3829997596464665,-1.2711763248510692,-0.8195093613262507,0.6731223703618241,-1.1233192543896067,-1.7245640157988333,0.15866606011619666,-0.029437099735226013,0.810947949700175,-0.5608045982920373,0.522032122844859,0.46142939046039544,-0.8915000178067061,2.058330766767206,0.2971300658182976,-0.9486436028838128,0.9045419267448871,-0.47909137898079024,1.4124518522171314,-0.5344067601470854,2.0440193511280107,-1.5444848033134164,1.6707907327137406,-1.3025963036109545,2.526321735169301,-1.45761564597926,2.1436073977949093,-0.7844144665323114,1.4775566634423711,-1.3958934396322817,0.0,0.0,0.0,0.0,0.0,0.0,0.0,0.0,0.0,0.0,0.0,0.0,0.0,0.0,0.0,0.0,0.0,0.0,0.0,0.0,0.0,0.0,0.0,0.0,0.0,0.0,0.0,0.0,1
26.097527924766162,0.4916642995015106,2.0485859506961965,52.83866638826454,0.8110802351916988,3.3450899008675705,20,-1.7928319432872861,-1.112265301633066,0.40415324256507645,1.505310780584722,-0.012307574263278553,-1.80114359437097,0.05491457124035293,0.6166354180810316,0.764321942164436,1.2355000831923917,-0.4935498065783541,-1.812361559651869,-0.6345680525049389,1.6941931578645608,0.47022079430853125,0.23904269383126575,0.27708857621916394,-0.034127605403405425,-0.07119481203714528,-0.5589979416885811,0.3506794652595815,-0.9703389090997163,-0.566396401266843,-0.12134755759777249,0.35510353150029417,0.38948652977967413,-0.4709715272896702,-2.0497644168577693,-0.2522070119228914,2.471034520112319,-0.24730360954004027,-0.11066953595202023,1.3539270364927383,0.15280669419556148,-1.5376643717559233,-0.2528795141993996,0.8814442612073634,0.3335260547634107,0.0,0.0,0.0,0.0,0.0,0.0,0.0,0.0,0.0,0.0,0.0,0.0,0.0,0.0,0.0,0.0,0.0,0.0,0.0,0.0,0
25.996528691175314,0.3979371689631996,1.6609579537622388,53.41143490466753,0.7097567177913069,2.628499239013294,27,0.6563443423509376,1.9584958143559277,-0.612261820131291,-1.7015479757145826,0.45724739555101834,0.5120876011015412,-0.2442781628159274,0.3166903782161157,-0.5591155310622895,0.05824103629571198,0.4017480981649584,-0.5547622117989803,-0.13852499825178555,-0.45500034132221145,0.3929554328624576,0.8462021622274065,-0.25071961824738054,-0.32324764494658353,0.07230783152965614,-0.687898571531484,-0.6560142027492475,1.4759628956511577,-0.12613017917332314,-0.7613513565709624,0.6743798543219697,-0.9652707994200824,0.05546214117275383,-0.09357480406973906,-0.6165596990961788,2.260059992486731,0.8115619290936351,-1.961225326150533,0.021744015468630806,0.9964480689088973,-0.22945553389119766,-0.30087293409159344,-0.0701974772306535,0.27367655367483934,-0.6416177478209129,0.9542912103071899,-0.008383247021335194,-0.7315980069675803,0.8394861787776335,-0.1292362858717837,-0.6113651237047328,-0.8261147752057525,0.03512909969174771,-0.37416037492288723,0.5182751193236221,2.467231116845767,0.8794326796739682,-1.969041497563829,0.0,0.0,0.0,0.0,0.0,0.0,0
26.06293933514702,0.5751844123209929,2.630409119503142,52.62861130949724,0.629040023351599,2.2826800079284126,25,0.5946137643441283,-0.5388555373975166,0.13256109092532498,0.3142122718438429,-1.3807610824487462,1.0371489568819356,-0.13468156875399018,-0.21771933639650598,0.827074218230127,-1.3379324451894021,-1.9420406865305324,0.14547565313542776,1.459682915903997,0.2949820177705007,-0.2187681210241479,-0.6617156741817709,0.2349719764930498,1.3328551924963534,-0.519059395975642,-0.7050904065613324,0.5373049824376928,0.9129870449159725,0.3792759408065933,0.39987262419844427,0.5599105305218686,-2.1511203085527484,-0.6285591556787047,0.8386587651778399,-1.1215758732214738,-0.7366017887750971,0.9199506352190916,-0.23361667577840706,0.6768790324029617,1.9055995070028118,-0.813188252337202,-0.26666975791228253,0.44633639440551676,-0.6216350346920336,0.26370063368269214,-0.30757193141634787,-0.5202120183384409,-0.10484137477459399,0.09322977774203878,1.0063069754881084,0.11539235075209575,-0.32678040578606016,-0.5026775571560584,-0.5314006634668189,0.0,0.0,0.0,0.0,0.0,0.0,0.0,0.0,0.0,0.0,0
25.870203004057753,0.3721020906935612,1.8366522802006067,53.147021862115594,0.6417999452139926,2.504953522798985,26,-0.08317434989541539,0.022530561890782508,-0.45342155393840855,-0.393104210621928,-0.15969609141056296,-0.19618661866700648,0.6647976713074684,-0.31570369882668103,-0.056789814650482384,-0.2644081227681454,0.10252962210985217,0.5344917537254759,0.04420753119365628,-0.9501945363727131,-0.206940271996654,0.5525862730401698,0.155047459032307,1.3605676916720313,-0.3205604421426429,-0.806673122714308,1.1887370586333859,0.6353217582846895,-1.1618429786566224,0.46158357417829876,0.21437971934231115,-1.3173386740585897,-0.1764040398242699,0.30748423208676456,-0.00839637554550876,-0.4073373826771203,0.38261155342142317,-0.4086078930582744,-0.06343788826048069,-0.11228999908544068,-0.17861309024609895,1.436894905543113,0.08799219941045067,-0.5076184736886731,-0.21816877971948045,1.3103806332763241,0.5607695943597157,-0.6996408473257318,0.8267335524322768,-1.362612001968202,-1.4650170099119642,1.2572441358105095,0.6344022504839089,-0.9163341754632199,-0.174507133356947,1.2175481985849999,0.0,0.0,0.0,0.0,0.0,0.0,0.0,0.0,0
25.945486226010864,0.6244336785478988,2.4293288939938726,52.89567757099239,0.8486484577830897,3.5134563430842363,15,-0.7196915094242975,0.9856078333466698,1.4556762379618462,-0.10206428888326258,-1.9491487919459551,-0.40327056788252946,1.1093541505772357,0.8898109903586757,0.012790423326634937,1.3230996186106978,0.05416539232242812,-1.586562791601871,0.3079232579606561,-1.9268935514823653,-1.9644133262348724,1.0910307038269096,1.1377235979488347,1.8803409770537982,0.46265914756342497,-1.3750803446101614,0.7759044607617014,-0.746704500457227,-1.142448517731733,1.54197627602219,0.19470855513067065,-1.1145728618453035,0.4589307183347948,0.5389793728603465,0.0,0.0,0.0,0.0,0.0,0.0,0.0,0.0,0.0,0.0,0.0,0.0,0.0,0.0,0.0,0.0,0.0,0.0,0.0,0.0,0.0,0.0,0.0,0.0,0.0,0.0,0.0,0.0,0.0,0.0,0
25.918873288627744,0.41439573479770897,1.696273063352443,52.950250959771765,0.694919344959104,2.6338672043487605,21,0.3473085411394585,-1.646941006554698,-0.5393200919875447,1.4927276283200257,-0.11268661820482606,0.3487701622489965,0.9764282600837006,-1.0816131647820413,0.09545983637535826,-0.29083805564390985,-0.41539633384084595,0.9296330950382128,0.04035255688154393,0.9018457538304006,-0.3122225173455391,-0.20859806766113564,0.3733215462196675,-1.1323504018578987,0.9057996728650153,-0.6475377025673552,-0.48589102530547734,0.5208720803671198,-0.542877024590183,-1.1662531126294908,-0.04356601291702589,0.9073629880204237,-0.106600825005291,0.8050008563823354,-0.5173381755344657,-0.6546024237843824,0.4640772543060194,-0.18619364479202005,0.5785723198659234,0.4359684285274952,-0.8031250279892426,-0.17109216984485442,0.3259804711452823,0.8198775656829369,-0.41906191051419484,-1.6657994727798453,0.0,0.0,0.0,0.0,0.0,0.0,0.0,0.0,0.0,0.0,0.0,0.0,0.0,0.0,0.0,0.0,0.0,0.0,0
26.005799282852127,0.5600247330262473,1.6850610462231828,53.00115375340975,0.9288924070052077,2.9845240219248836,10,0.7449405854185507,0.21432791013310037,-1.2484806797583126,0.4542613327103666,1.2729431305662864,0.38030500686428326,0.030820947217971906,-2.1208345516554843,0.38129696843892447,1.616963455107836,-0.1965840992417931,-2.4806529253772354,0.07907815110292304,2.015326414781377,-0.8687530367583776,0.3397309275722904,-0.4340878207746357,-1.7811883960097887,0.0,0.0,0.0,0.0,0.0,0.0,0.0,0.0,0.0,0.0,0.0,0.0,0.0,0.0,0.0,0.0,0.0,0.0,0.0,0.0,0.0,0.0,0.0,0.0,0.0,0.0,0.0,0.0,0.0,0.0,0.0,0.0,0.0,0.0,0.0,0.0,0.0,0.0,0.0,0.0,0
25.968573077769523,0.3764378796075709,1.6920157901702844,52.92595422601685,0.8185614874575624,2.8198435618051647,23,0.10040162353887538,0.8065329731434332,-0.5600252779175676,-1.1831293793429225,0.384989447017265,-1.252718374689998,-0.9924329332154791,1.2935864392255922,1.1003530456587889,-1.0100479683626062,0.5152171637972494,1.6336821864105175,-1.3000932771510207,-1.6716559219562868,0.9540870699968202,0.5484214927477495,-0.5472212912040142,0.5008292833113899,0.7067577527269684,1.5250280504288085,-0.3219268512405442,-2.0934725763808544,0.12302833072407893,0.8682360790892076,-0.16994010695249884,0.4540572750485339,0.6317539538144565,0.7232671810107547,-0.4904606643446279,-0.5650126411994307,-0.5264170958487746,0.25288975992884133,0.40206938316172725,-0.18367991422474006,-0.2337980476435284,-1.6587440241981426,0.2656404747428205,1.2550520605705486,-0.2910848094432019,0.39117507828414233,-0.1285205115897483,-1.444128993476994,0.43804147414737926,0.30139233035999524,0.0,0.0,0.0,0.0,0.0,0.0,0.0,0.0,0.0,0.0,0.0,0.0,0.0,0.0,0
26.087058041127285,0.5957821951984736,2.594424437248403,52.73261304094516,0.7508362852254572,2.682188387696172,25,-1.3810418028872533,-1.3095306722533735,0.4336654406467986,0.49561098009728966,-0.24228104601094103,-1.2899409105150852,0.3524419275810864,0.6051682897167652,-0.5360069764520752,1.3842202204918124,0.3004354225028649,0.07081937961891782,-0.5335143961789832,-0.008856660830474539,1.0322094795977428,0.14162243650959283,-0.276320175740306,-0.41418186162001547,-1.0389624829623116,0.4479222593943959,0.7152515151472763,0.31579348545504615,-0.7023079271960562,-0.6613539428892139,0.29549105004468856,-0.5446243316265083,0.860240386471002,0.23119446013612333,-1.7035154365517506,-0.5526929735692505,1.7656526924251281,1.3501143264660769,-0.33323155724038145,-1.9654762985930319,-0.22945760225954004,1.1568741963619829,0.47900572176586564,0.582795284537923,0.9124551825573306,-1.2713713250564567,-2.016015868276959,-0.3023369978958712,1.511370956391012,-0.7053107855679457,-0.3635528696114392,1.5962489047275312,-0.8355968686040569,-0.6873459845360017,0.0,0.0,0.0,0.0,0.0,0.0,0.0,0.0,0.0,0.0,0
25.674810996802268,0.4052884369830703,1.2506683320593055,53.27498134685243,0.7934621687454136,2.3509560062780466,6,0.3565454540788302,0.7654767797294824,-0.8824993665903769,-2.3509560062780466,-0.36816896546892863,0.6602004445203988,0.343015474509496,-0.35413233330736915,0.23481456145589874,0.8064423254480957,0.0,0.0,0.0,0.0,0.0,0.0,0.0,0.0,0.0,0.0,0.0,0.0,0.0,0.0,0.0,0.0,0.0,0.0,0.0,0.0,0.0,0.0,0.0,0.0,0.0,0.0,0.0,0.0,0.0,0.0,0.0,0.0,0.0,0.0,0.0,0.0,0.0,0.0,0.0,0.0,0.0,0.0,0.0,0.0,0.0,0.0,0.0,0.0,0
25.931147984385184,0.49685666528442896,1.4271909255004118,53.3774934652311,0.32230918681776527,1.0150650720694614,8,0.23906166374752402,0.40425961887165585,0.6866367666467781,-0.5743374740998064,-0.9420218320849294,1.0150650720694614,-0.448784269262962,-0.645798970574532,1.4271909255004118,-0.19986612890487265,-0.40286472398551254,-0.08128913145052508,-0.8300899461279769,-0.05439176605822382,0.0,0.0,0.0,0.0,0.0,0.0,0.0,0.0,0.0,0.0,0.0,0.0,0.0,0.0,0.0,0.0,0.0,0.0,0.0,0.0,0.0,0.0,0.0,0.0,0.0,0.0,0.0,0.0,0.0,0.0,0.0,0.0,0.0,0.0,0.0,0.0,0.0,0.0,0.0,0.0,0.0,0.0,0.0,0.0,0
25.908130256442288,0.6053494437515295,1.886506078957229,53.00703729742436,0.8113810001413605,3.872662228143632,19,1.4406599803615805,-0.10928275353968075,-1.0673253800621012,-0.09768615564613015,-0.34625291541092906,0.27477176222211597,0.5688102022478496,-0.610506151375084,-0.7554173661554344,0.3924239821888662,-0.08493066477878486,0.17558490008104144,0.5229102469068465,2.0604218558564753,-0.6151419711452562,-3.872662228143632,0.4828235769109668,2.1160548231607734,-0.4186515684890395,-0.23275843137788144,1.1460377035938443,-0.051163383958325426,0.3521198146038138,0.2767994009318002,-1.5370946090306887,1.2932121651334327,1.7606086774468999,-1.31010814583302,-0.6855446013472815,-1.4719861721598306,-0.2587453901774275,1.483154681019201,-0.8828940235182898,-0.4152309757629169,-0.05932206391423023,-0.3653903260270326,0.0,0.0,0.0,0.0,0.0,0.0,0.0,0.0,0.0,0.0,0.0,0.0,0.0,0.0,0.0,0.0,0.0,0.0,0.0,0.0,0.0,0.0,0
25.923038844446154,0.4757308615529431,1.8129033920990736,52.66264633502251,0.7841745634104706,2.847009735693838,23,1.8129033920990736,-0.12966594455073732,-0.7036348191523913,-1.0365868614686704,-0.3276453611439898,1.0279923806093834,-0.05754576814956991,1.0244883817614934,-0.4712518752005366,0.10801780102971037,0.14295650106941338,-1.0570868343681497,1.3658612139267916,1.4164792174184484,-1.4497200352097117,-1.062552055905691,-0.009631659790166225,-1.0473138400924782,0.15302363589538004,-0.2516301477106424,-0.24798013344284442,2.296513583259184,0.6067436639033907,-1.2730093183046378,0.5368019689098631,-0.6728486382492065,-0.8497014194686336,-0.8361693186903665,-0.3814159767443961,1.4908480484483135,0.8325927963877398,0.6403735758972076,-0.17381782534723556,-0.8819536024340593,0.5292494438807189,-0.28444321287012997,-0.7286164246919462,0.40309551322171444,0.09717575983779625,1.4340542302012693,0.055313207541704656,-2.108938909456036,0.11926723754837454,0.6010244698021339,0.0,0.0,0.0,0.0,0.0,0.0,0.0,0.0,0.0,0.0,0.0,0.0,0.0,0.0,0
26.038166089086015,0.42149689535388024,1.229315909533785,53.03887626830401,0.9202578128923476,3.3036837040773577,13,-0.031028929630490865,0.626909022136509,0.7316109161117801,-2.2364108287040168,-0.603727890967594,1.1823370727201024,0.90114293543175,-0.0030360515968510526,-0.8128980846475464,-0.2447611113021253,1.0131880336053953,1.0122602665965772,-0.916195891676427,-1.7653433451484588,0.7713842274536127,1.4991332005805091,-0.2302113678940394,-1.1005779392307389,0.08695777014058947,-1.6472849679923556,-0.4577334954104373,0.7032090984573642,-0.2978446740791263,1.1945135463320824,0.0,0.0,0.0,0.0,0.0,0.0,0.0,0.0,0.0,0.0,0.0,0.0,0.0,0.0,0.0,0.0,0.0,0.0,0.0,0.0,0.0,0.0,0.0,0.0,0.0,0.0,0.0,0.0,0.0,0.0,0.0,0.0,0.0,0.0,0
26.12419651603068,0.5295478773494515,2.252014857914638,53.3192768079027,0.6460482390737046,2.182960193328512,18,-0.24884433730885291,1.2849652101824347,-0.43425790282593013,-0.8288703134273518,1.1164134425381675,1.3909217725443455,-0.6684183477437031,-1.8877780640485682,-0.8077831447770407,0.20072489313950825,0.2705086823104317,0.17041493941473362,-0.34154532674284255,0.8416501774316174,0.4812900515875356,-0.26500707704269644,-0.01617428150933975,0.27373694553748606,0.44755401516798443,-0.35076095146871467,-0.007357228533017235,0.6442174802462617,-0.17615443629171423,0.013416409054016754,-0.013470157476540123,0.45254471391508133,0.3409338920742826,-0.9365469743026509,-0.6345522495640985,-0.0038204708429034895,-1.0836120098333986,1.1423901082467722,2.252014857914638,-0.4556848121889914,0.0,0.0,0.0,0.0,0.0,0.0,0.0,0.0,0.0,0.0,0.0,0.0,0.0,0.0,0.0,0.0,0.0,0.0,0.0,0.0,0.0,0.0,0.0,0.0,0
26.08438698348232,0.39821238072739146,1.730783413661058,53.23220545624959,0.7519982821398352,2.9234969932375563,30,0.0015516081057356246,-0.9450426891016477,-0.37609184194168677,1.362725509730069,0.18348638340177814,-0.7144759966345475,-0.6731194575447148,0.7011095688073539,0.33250725663042857,-0.6437431427384581,0.8733546413950464,0.6548555038082426,-1.339518291214528,0.11445119901310363,1.4734788333878228,0.19889590219403175,-0.8482133144938615,-1.44505463293018,-0.3042665451349791,1.950437455055983,0.3161716517322972,-1.5755243843893538,0.4334657607143164,-0.8443071430812665,-0.25120228646794374,1.103811746006187,0.9113493139234059,-0.28945352828598914,-0.7377769067881665,-0.32330101199771377,0.03760724726807041,0.5080567812702697,0.014564453204847894,0.560188125311484,-0.20067085473347746,-0.3333069045873387,-0.19158012851443473,0.7989047867448775,0.17354953628249703,-1.164092058678655,0.06335964168188823,0.43714618014283957,-0.14143622367580377,-0.14074789940291055,0.6550942656535277,1.2886136962417467,-0.051511148027888254,-2.299969200781426,-1.1685598519417404,0.3597593201982221,1.0764183966758232,2.1175854043504145,-0.4940235799390855,-1.8430105389392608,-0.142883023569496,-1.0804864542982955,0.5071866256340947,2.845784157425271,0
26.082074952984765,0.5566557789309107,2.3897120467588273,52.886708780547366,0.8719833166349692,3.1160504449875788,24,-0.7959245209801367,0.7592299581308026,0.06785670494133456,-0.5115355423332417,0.2539661697948645,-0.21470328174591913,-0.0021666657947818635,1.5286365469287517,-0.7122658556259083,0.07443883543250251,0.429449625921702,-1.542259792877367,0.04822552173010308,-1.036310433297679,0.11793718435150069,-0.358172817486178,0.00859752214389431,1.917419155174187,1.1491096439304194,0.3333324059507561,-1.881650499682351,-0.47436626931219905,1.077975695392599,-0.10712471412744407,0.10164209281755276,-0.5869076060906622,-0.3452959159547646,1.1676179268863365,-0.5715496843983026,0.818564467988061,1.1574917125703514,-3.1160504449875788,-1.9283254475039122,1.711501190838277,0.7543580837611863,-0.7142777285007114,0.9274744472203196,-0.41609411571219823,-0.7708969003226649,0.28839209861554593,0.9832880641113491,1.2077189811750557,-1.5541346347392917,0.020231473525413435,0.19985142536519618,0.8442604508669049,0.0,0.0,0.0,0.0,0.0,0.0,0.0,0.0,0.0,0.0,0.0,0.0,0
26.230396757532546,0.6046024642990967,2.0909760921472795,52.78611699502508,0.719992401277272,2.9847427883452795,15,-1.920180108964356,0.9957830912350616,0.9073899996420671,-0.21678238060604116,-0.12141998999979364,0.0023055020833169237,0.5706794896733847,1.1008441873094625,-0.4325813311772926,-0.6207340938613513,0.32939502378395247,-1.3697912693155345,-1.2783588546106728,-0.9942174251683937,-0.1459003204945688,2.481739749666332,0.16747896293132314,-0.2556801433305651,0.3918888936819691,0.11622211862754028,0.7696795010704349,-0.11611795492397903,0.11161608497276987,-1.1016497304093562,-0.9852848208654379,0.7638281064906067,0.1262977915280885,-0.09269822824049356,0.0,0.0,0.0,0.0,0.0,0.0,0.0,0.0,0.0,0.0,0.0,0.0,0.0,0.0,0.0,0.0,0.0,0.0,0.0,0.0,0.0,0.0,0.0,0.0,0.0,0.0,0.0,0.0,0.0,0.0,0
26.107547403113752,0.4480220869574446,1.7870452146731708,53.30040738708083,0.8957683769612758,3.0814469125569843,22,0.1419644809226206,-0.4982600708963716,-0.39532554364059536,-1.0120146912004628,1.1519478510105046,2.1344884819506404,0.0024960059326737394,-2.1936784640671547,-0.8774645134415451,0.13604144365437776,0.5754739289727198,1.5234837933228533,-0.23542924116953756,0.2644272935306091,-0.5283211905041796,-0.9152032207119234,0.45431567412259355,-1.315335215536102,-0.5931332938196476,1.1100082850326558,-0.05287339447281525,-1.1711693708225042,0.6784531597966428,3.0814469125569843,0.005952324409232546,-1.758061681244186,1.1026397304672955,0.4114609947910708,-1.424778720170785,-0.9374158080095754,-0.18674704107238327,1.7407541975917837,0.7258591027516097,-1.8465166122408334,-0.47390530913358475,-0.28507528489021894,-0.31128196704979416,0.9309660833527147,0.030903514384714725,0.46014358273934874,0.20314077851096712,0.9989043257952588,0.0,0.0,0.0,0.0,0.0,0.0,0.0,0.0,0.0,0.0,0.0,0.0,0.0,0.0,0.0,0.0,0
25.928924144755545,0.466482732025636,1.5133807171148206,53.229836718832104,0.4841992590601469,2.261086989208657,27,0.4384275304927776,-1.0800926829058284,-1.3000111269657353,0.20624819264854466,1.3018141713650735,0.21265657462632248,-0.017128933728866258,-0.4677314624467215,-0.46452224258408137,0.19673816195950877,-0.47895191907985435,-0.03870405985720993,0.5737528826695915,-0.3566812382564706,-0.3550855887516917,0.5602603938799504,-0.2650443012606907,-0.28983160155497956,0.42315891405520745,0.14141828333799822,-0.5069839207348004,-0.06740330865407174,-0.15345105175476093,1.5611508679391335,0.3196893458540764,-0.7726540426608466,-0.5888139017989502,-0.1711117359683172,1.4598709853686458,-0.24465630046264408,-0.3410632916950114,-0.035153820788615064,-0.6886246010683266,-0.5666328331506492,0.17541045710013137,1.1223085095898924,0.6342246523748223,-0.6331316624686494,0.2571755612831126,0.2035304634719921,-0.5829376635808465,-0.7020029912288237,-0.1826405644255793,-0.4615825755419962,-0.6878809999539257,1.6050450518943435,0.6561918154120931,-0.8050584155927041,-0.4083381846308036,-0.48662586406438635,-0.014696765523250832,0.657517086645484,0.0,0.0,0.0,0.0,0.0,0.0,0
25.993993853498775,0.47043083076714665,1.6544778954877977,52.83483005674559,0.8318436660128892,3.5557217209683145,28,0.8750878643088384,-0.3099476179344407,0.49149821451902653,-0.20859732279225085,-0.6815476817525088,-0.1771574028900602,-0.37401712265018006,2.237738678239907,-0.41280618261425417,-2.9193259182961597,-0.006980747312159252,1.6443930967086757,0.9083526924982088,-0.6859992091745752,0.5371407371367987,-0.6959115817248076,-0.9232177098272558,0.6448539645107587,-0.08013068272241952,-1.0756268695680333,0.6266007764802772,0.6379537846254166,-0.6917141723579654,0.43884486477699625,0.48021508076658037,-1.2033461862108226,-0.1163407287714513,1.6459996776697565,-0.22563475433178581,-1.1761148635196719,0.19696494992076907,-0.3903679336816168,0.8893451366932474,0.2970425777481438,-0.5793095852745118,2.605097518131082,0.24398393007751196,-3.323214642963457,-1.0055975825880203,1.9313497845108998,1.007315254263819,-0.950207487831257,-0.22845783606929615,0.32120647960137916,-1.0693082860141736,0.7632472801583177,1.0196934149652321,-0.03928977107313614,-0.5265324350828884,-0.9884121072005669,-0.5162647697654705,-0.5417020699771982,0.8377897043266209,1.5839719842671443,0.0,0.0,0.0,0.0,0
25.98270726529517,0.4802952137221634,1.957067521794066,52.8086350730221,0.585965383087282,2.3603215882769817,21,-0.03961130766503729,0.06615388239262643,-0.17125999180927565,-0.022034399448550346,0.2760134706330142,0.6737161336092754,0.2900464588025926,-1.497827763308436,-0.964690023980225,1.539637620042889,-0.2423721456042216,-0.8672746818030745,0.5010449997886965,0.2211633216977873,-1.1397331634376577,-0.37258208540905713,1.207551717283554,1.1695630766054563,0.7495158045105121,-1.0592001857369624,-1.4265579704919453,-0.29332112663978904,0.5028879178491472,0.3041872805564907,-0.35951406536345587,-0.40239280639698194,0.7667128565800212,1.555061114235599,0.12006087546256694,-1.5715653616346685,-0.307703748255566,0.8476056968646475,-0.3531354652004701,-0.4859037808690374,0.4375567490457861,1.775343506763683,0.5234969847156847,-0.9164711119615987,-0.1737895924851145,-0.8417467294884489,0.0,0.0,0.0,0.0,0.0,0.0,0.0,0.0,0.0,0.0,0.0,0.0,0.0,0.0,0.0,0.0,0.0,0.0,0
25.707740169681404,0.5811095589868314,2.281664762107102,53.04123520634698,0.7578156812759381,2.701126530927624,15,-0.11424264846587917,1.8687257493496645,0.11592749828426463,-1.9539965358580034,-1.0982639613974534,1.3564674418688938,2.281664762107102,0.8022990822393865,-2.2593215728210403,-1.1806830524149632,1.4852010940389597,-1.4873473371741355,-0.8850627237005924,1.7523455905682965,0.024602820511258727,-0.5171094087547985,0.6913679907329424,0.16374052912166803,0.2766120818885547,1.302149819992458,-0.8833613603147832,-1.2275762126693834,-0.016289422766270434,0.3694862564373338,-0.09342266660708631,-0.9403866936781,0.7548034676319162,0.30514815549116747,0.0,0.0,0.0,0.0,0.0,0.0,0.0,0.0,0.0,0.0,0.0,0.0,0.0,0.0,0.0,0.0,0.0,0.0,0.0,0.0,0.0,0.0,0.0,0.0,0.0,0.0,0.0,0.0,0.0,0.0,0
26.03219362399151,0.44807726068157966,1.8943058601640317,52.89918479216232,0.8824090429352139,3.441961814451851,14,0.8268138373831135,-1.1270285010335712,-0.9851717828265265,1.4711228687656899,-0.049813905882633236,-0.8631309220643644,0.4731615259112658,0.5497135369547195,-1.3324816973661378,-0.04863779758693454,0.7983440906523995,1.9440953275880872,0.19640711813301692,-0.9936648371085255,0.40566114728053293,-0.20680475206357585,0.10297953376934998,0.26480731372051736,0.0943623005462122,-1.0543908987533968,-0.707082178000519,-0.7183117751096688,-0.2208366316801147,-0.7335968651372013,0.39779764684151075,2.1614531590760464,0.0,0.0,0.0,0.0,0.0,0.0,0.0,0.0,0.0,0.0,0.0,0.0,0.0,0.0,0.0,0.0,0.0,0.0,0.0,0.0,0.0,0.0,0.0,0.0,0.0,0.0,0.0,0.0,0.0,0.0,0.0,0.0,0
26.501315772720474,0.25948322490513986,0.7355400177993552,52.82709663164717,0.8241317436114817,2.496388778160295,6,-0.46332615095418106,0.06147796226660773,0.43021644254586633,0.6900421952892444,-0.7024303093910405,-0.22972690866632917,0.30585830915115153,-1.1215669486376356,0.23060597736747823,-1.1450949208563301,0.0,0.0,0.0,0.0,0.0,0.0,0.0,0.0,0.0,0.0,0.0,0.0,0.0,0.0,0.0,0.0,0.0,0.0,0.0,0.0,0.0,0.0,0.0,0.0,0.0,0.0,0.0,0.0,0.0,0.0,0.0,0.0,0.0,0.0,0.0,0.0,0.0,0.0,0.0,0.0,0.0,0.0,0.0,0.0,0.0,0.0,0.0,0.0,0
25.99781633448405,0.44851751665049233,1.9152637033600648,53.09916167802424,0.7154763889453748,2.877805181748421,25,0.22273574356073667,-0.0658333349095983,-0.48994641725456134,0.7060878761120435,-0.5462206139759864,-0.7920937116435098,1.0939613291846975,-0.3671272365257181,-0.11665633747534798,0.42734432260859734,-0.6965607483865455,0.11852469550755274,0.3831520036334197,0.7949533705232383,-0.394514237529517,-2.206109991379023,0.888901571937005,0.49454265447481305,-0.1992080001265606,0.5330912699092281,0.09446633172180441,0.8081141536604406,0.1789059918094793,-0.1199855170626023,0.2881894460201906,-0.5431264604568966,-0.4591150223659106,0.7287708684842542,0.21859098619405515,-1.3545397938589403,0.6019384702356732,2.045785509620522,-0.4262507846555188,-2.175244958427818,-0.3741629239556552,-0.702560223320603,-0.030743323093311403,1.8552599531281047,-0.492972617939305,-1.630770500758338,0.09138304801527397,0.7395133043762883,0.2738914243513051,0.2925810718309023,-0.1274695960704335,0.4464463834370278,1.1195366918552665,0.478436222340342,0.0,0.0,0.0,0.0,0.0,0.0,0.0,0.0,0.0,0.0,0
25.924317004413542,0.3832915438936129,1.3709638634554686,53.04027825732157,0.8720197903233907,3.2950130460910714,18,-0.4363675302337491,2.3657065059096567,0.5286990680922585,-0.36143928504863254,-0.3076943403515564,-2.933573761042439,-0.24626613087589888,2.7217132278413416,-0.21402997288690884,-1.399555978357533,0.10585468559017386,1.607623898241549,0.6353182757998361,-0.33891225364431676,-0.8563990446288159,-1.6768294147867664,0.5468848459817117,1.3298020609247558,0.8009585501410044,-1.0207426367807173,-1.3709638634554686,0.9911050795689462,0.9416880768158755,-0.3936020430498033,0.04896086243738296,-0.620420736699252,-0.41923563379488016,-0.4859929357715487,0.4567134865838405,1.2536431708970355,-0.4050863506855791,0.18719977862674853,0.4916571624393029,-0.4975351701121653,0.0,0.0,0.0,0.0,0.0,0.0,0.0,0.0,0.0,0.0,0.0,0.0,0.0,0.0,0.0,0.0,0.0,0.0,0.0,0.0,0.0,0.0,0.0,0.0,0
25.996665864886552,0.5387685761286879,1.7953218489286122,52.81400274311093,0.9089252480360169,3.357961665335779,15,0.9161659862755833,-1.637994840826778,-1.44771697912676,-1.2292612208296916,1.5555279649789568,1.7668238849495452,-0.5138312410864216,-0.7143629586225444,0.29878952445052676,-0.8184059120207863,0.04905735616804208,1.0249655039727372,-0.25123212805105055,-1.2231277725435064,-0.2536605273110517,1.2038292660329333,0.748081091062236,-0.892232473101096,-1.4107261321578264,-0.8381951423465921,1.5085560177472246,0.24501079289885297,-1.2125590770310168,0.8433011466635776,0.3988587506213399,0.8875723609121948,0.8784602495376532,0.6017611190301295,0.0,0.0,0.0,0.0,0.0,0.0,0.0,0.0,0.0,0.0,0.0,0.0,0.0,0.0,0.0,0.0,0.0,0.0,0.0,0.0,0.0,0.0,0.0,0.0,0.0,0.0,0.0,0.0,0.0,0.0,0
25.928375549670537,0.4604744449417497,1.5769611092267866,53.22504686114844,0.7731336020295979,2.4122634487095524,22,1.1106456332718757,-1.3533158363646507,0.40679453844878566,1.0138556249096666,-0.957163179402226,0.05380335824721527,0.34916136773860273,0.7994816922479373,-0.12579426165657992,-1.934114194991956,-0.3501015890054724,1.2277951889282974,0.8731733090751597,-0.7875036113410587,-1.1750031495484485,-0.21060794076328193,1.1924004990556476,2.1580800697568137,-0.5341649247869924,-1.1976792752011747,0.7074103923901944,0.8732894185576825,-0.40602766651877076,-1.827187254162908,-0.8613798940333552,1.938910966743265,0.9314546938730537,-1.667359656137954,-0.34781954543840854,0.9621047292387459,0.7379951415187946,-1.3921441634059448,-0.1828008600317368,-0.1021982143412643,0.20818060427666296,0.837061365226532,-0.7445261670589005,1.260443300991902,-0.2854085561541133,-0.22812767717002913,0.4507461132326256,-0.8979959922583873,0.0,0.0,0.0,0.0,0.0,0.0,0.0,0.0,0.0,0.0,0.0,0.0,0.0,0.0,0.0,0.0,0
25.96514425998103,0.2571801207064647,0.7582720780843815,52.48114350219522,0.8299934857003812,2.5457222721580237,5,0.5960486556716234,-2.5457222721580237,-0.04634215114051088,1.2473708044892007,0.002213232246823793,0.14028070641968782,0.2063523413064452,0.39776675615022583,0.0,0.0,0.0,0.0,0.0,0.0,0.0,0.0,0.0,0.0,0.0,0.0,0.0,0.0,0.0,0.0,0.0,0.0,0.0,0.0,0.0,0.0,0.0,0.0,0.0,0.0,0.0,0.0,0.0,0.0,0.0,0.0,0.0,0.0,0.0,0.0,0.0,0.0,0.0,0.0,0.0,0.0,0.0,0.0,0.0,0.0,0.0,0.0,0.0,0.0,0
40.4703775820695,14.204375098140773,42.82838129467736,48.419255807998,4.286234834586599,10.929393840404614,29,0.5085594629704744,-0.10749204154951997,-0.6870091462382888,-0.05001184132790826,-0.9563996858554837,0.19728671825440358,0.44450761011690076,-0.7991858912499268,0.4706851303318125,-0.7330678035684244,-0.05633640620103364,1.8047338106688784,0.25201761951202784,0.16615911123396643,-0.542338364871835,-0.7278107916797794,-0.13307462503745526,-0.6402835444323287,2.0583095614817033,-0.5024938939984054,2.392792694691792,-1.1765425000751861,2.6230894700075424,-0.7077283750372629,2.2926557677582764,-0.4712549605302314,1.613927403965441,-0.7654173443488475,2.3510343379853538,-0.5546983904071894,2.8745172830188324,-1.1151932072280246,1.5083907568024202,-0.47258399629901504,2.1905295788753705,-1.4745733376724743,2.628919349862599,-0.4257708629369148,1.6749292313206041,-0.9930765210072465,2.2493866140232512,-0.7488920874832985,2.4527952640180146,-0.1530740272684099,2.059436826433135,0.0,1.759102534118476,0.0,2.4460685547337775,0.0,2.0214081811842988,0.0,2.331957963742049,0.0,2.8636689568040055,0.0,0.0,0.0,1
26.060611638991144,0.43378473120313227,1.5699747199354945,53.20471394475871,0.678659926695392,2.495843222775214,9,0.00298648557814829,-0.28799652073516313,0.7422296924360268,-0.32369618580529647,-0.3830164838512893,0.7587801824375404,-0.2096113460134461,-1.1929295215986286,-0.9773468900707591,2.495843222775214,1.2419230334829336,-1.2061200854951935,0.006448752852502793,-0.5127996362503069,-0.6806143556546012,0.8549248656837207,0.0,0.0,0.0,0.0,0.0,0.0,0.0,0.0,0.0,0.0,0.0,0.0,0.0,0.0,0.0,0.0,0.0,0.0,0.0,0.0,0.0,0.0,0.0,0.0,0.0,0.0,0.0,0.0,0.0,0.0,0.0,0.0,0.0,0.0,0.0,0.0,0.0,0.0,0.0,0.0,0.0,0.0,0
25.898127649077516,0.5028711816104079,2.1514920399131086,52.953218226954796,0.615553221831224,2.087105301759564,25,-0.26591568771733165,-0.9378901907411006,0.5703946807872633,-1.0865604923740335,-0.6131582866949259,1.0397685061066824,0.8477621089914571,0.5426202198452899,1.3037299309216515,-0.1715732048448686,-2.0242907237677343,-0.6046416614358208,0.7054652062464761,-0.0587819009753332,0.7489761192687325,-0.32178480667613485,-0.28141935851557776,0.4742038223048084,-0.4489142865496163,-0.36874347695239607,0.0011960223154723337,1.4606119621624885,-0.5047805561281926,-1.4969787015271407,0.44412700620951284,0.8187374824750506,0.2555482421228419,-0.05438444722869207,0.43083641451698185,0.7130908356468595,-0.8626445833944238,0.11496067285877132,0.21517024772564497,-0.3147186765416379,-0.37968917634660926,-0.2744332799929552,0.5872693301485938,-1.1212595915073535,0.27922713538422883,-0.016179153315356132,-0.07706571843953469,0.17854341437864463,-0.8999175444361249,1.2780894555142908,0.6585251424493848,-0.5428728571018198,-0.41208786885330184,0.6362618499879389,0.0,0.0,0.0,0.0,0.0,0.0,0.0,0.0,0.0,0.0,0
25.970356139239385,0.46194258944753525,1.9652594371299443,53.19910170742371,0.6287071370846395,2.7091323256955278,18,-0.23235062191426437,-0.3011473673089782,0.46278832706690665,1.0760112533276,-0.3353262969054889,-1.5894764929324054,0.5655657404221053,0.04530452250300243,1.089493124026621,0.2608712716731105,-0.910429301595844,0.6564632997822812,0.30337864831399486,0.10786498995553728,-0.3332355936152851,-0.957989186798649,-1.02497319023281,1.1657181129800733,0.8879302495750636,-1.5017592545188165,-0.4046059128170363,1.3545678843500752,-0.07090302488045808,-0.28415621491313914,0.29897589386636625,-0.27222003857429655,0.42877578405731853,0.3645809933844433,-0.4681203670713785,-0.47374194863670027,0.5819794106007983,0.2994284786731498,-0.3377685404922204,1.7206731714119954,0.0,0.0,0.0,0.0,0.0,0.0,0.0,0.0,0.0,0.0,0.0,0.0,0.0,0.0,0.0,0.0,0.0,0.0,0.0,0.0,0.0,0.0,0.0,0.0,0
25.96537723950677,0.5120500393376796,2.468024292894402,52.92174813304523,0.7986684088946373,2.945827271922724,20,-0.6339670760946419,0.5140852297053797,-0.4615154119071434,0.003969346568972298,0.5223287825689518,-0.43605506818805395,-0.33582829329688835,0.2732876559280726,-0.41661511175335875,-1.3342237246069644,1.0973116577359185,0.6940110181092791,-0.5296842420869794,0.5728062363297965,-1.3644707408716918,1.571296427725109,1.619392181297691,-0.8307520142779481,0.006154522139610208,-1.2884370963535616,0.8424775894571006,2.0737095932819045,-0.9774755596858284,-1.2931472356572655,0.5358880679638531,-0.9064198669340442,-0.21052481023702896,0.8445737006520702,-0.6179916612028897,0.851201960443575,0.46885769772864805,-1.6950456578453839,-0.2563559934550277,0.07806579587835216,-0.2616631246889227,2.2739644105708408,0.08558874045981213,-1.2079129902768244,0.0,0.0,0.0,0.0,0.0,0.0,0.0,0.0,0.0,0.0,0.0,0.0,0.0,0.0,0.0,0.0,0.0,0.0,0.0,0.0,0
25.93752020437809,0.35909594081689056,1.2905688366973571,53.059256557301666,0.7612327789625817,2.1711534200059717,9,0.7828136367703955,-1.8784744936879747,-1.2905688366973571,1.8175050206930194,0.15532874571751165,-0.1521571393807264,0.08118917726881492,-1.3703514664440775,0.20054353626659704,0.14860515176407318,-0.3162005385459743,0.9175678768756086,0.2931167501142795,-0.7908193687517766,0.1647688845338351,1.600803345249851,0.0,0.0,0.0,0.0,0.0,0.0,0.0,0.0,0.0,0.0,0.0,0.0,0.0,0.0,0.0,0.0,0.0,0.0,0.0,0.0,0.0,0.0,0.0,0.0,0.0,0.0,0.0,0.0,0.0,0.0,0.0,0.0,0.0,0.0,0.0,0.0,0.0,0.0,0.0,0.0,0.0,0.0,0
25.74067494107081,0.3369620139618979,1.1365855149478357,53.38746674411803,0.8873323613422398,2.909017764309894,17,0.9009437441423387,0.2645125431611888,0.23564177080549698,0.942298779784366,-0.9590118122473754,-0.5981470962572786,0.44862830466616543,-2.3108706680526154,0.21299455634031617,0.6308002603163558,0.11219426957679346,0.30852157314790674,-0.25625930979910905,-0.05021935951673839,-0.44684222458992195,0.12407453130393975,0.5591404752427103,1.870446473321067,-0.7991181825108633,-2.7917143738719687,0.7098010651294189,0.2948163276624811,-0.10436608850739404,1.8858856530427133,0.1535539701287547,-1.8078458185391568,-0.21252815201813036,0.8076495947364535,-0.4741794303402571,0.5128613756259952,0.5706687587833414,-0.4385266825089431,0.0,0.0,0.0,0.0,0.0,0.0,0.0,0.0,0.0,0.0,0.0,0.0,0.0,0.0,0.0,0.0,0.0,0.0,0.0,0.0,0.0,0.0,0.0,0.0,0.0,0.0,0
26.254318598087693,0.4871818300795937,1.9813063018237678,52.479320778023585,1.0718769345856547,2.9908168953177707,9,-1.2459410832498001,-2.145636966536962,1.070074165482282,1.8279988483449614,0.16877248646908072,-2.2865062216346246,0.742459649872405,0.31269894924081854,-0.6538457514329785,1.836709024422433,-0.24023098337412918,0.3492068737401297,-0.2233031593484327,-1.4436140072595336,0.25738908512896685,1.9358160551739232,0.0,0.0,0.0,0.0,0.0,0.0,0.0,0.0,0.0,0.0,0.0,0.0,0.0,0.0,0.0,0.0,0.0,0.0,0.0,0.0,0.0,0.0,0.0,0.0,0.0,0.0,0.0,0.0,0.0,0.0,0.0,0.0,0.0,0.0,0.0,0.0,0.0,0.0,0.0,0.0,0.0,0.0,0
25.951045382055423,0.4735969569096017,2.109849066916979,53.180242196638126,0.6094743971665738,2.6980607754921024,19,-0.058805747103441774,-1.4420958870746645,-0.7434574409351313,-0.117629523899339,0.7101083019216645,0.39679151664012835,-0.08647730441481727,0.4129647926636224,-0.08874786926482159,-0.604229842205612,0.5139832021041428,-0.025229561503735454,-0.1302414977896369,0.589726834178812,0.3274395129437835,0.10480590454589844,-0.6148766109493025,-0.5058158949390474,0.5230930067487591,-1.5073491138981652,-0.2973345897534436,0.42325224196616773,0.29422404457648454,1.6825704351447612,-0.3370578447694115,-1.0901823629135805,0.9278766598285415,-0.25644556287431897,-2.109849066916979,0.8308654795715285,1.5336388964622394,-0.0992045151151828,0.11542162804781597,-0.4272755024831838,-1.061609842265021,0.7693495386680169,0.0,0.0,0.0,0.0,0.0,0.0,0.0,0.0,0.0,0.0,0.0,0.0,0.0,0.0,0.0,0.0,0.0,0.0,0.0,0.0,0.0,0.0,0
26.069566583207553,0.3740493017924941,1.5058394424956774,52.98010818724694,0.8661099918919791,3.633617242015241,15,0.5992620800215747,-0.9254936136787819,-0.2666157898682293,0.33013878525952833,0.34524536430945574,0.20268976443197317,-0.2514210868170146,-0.806947135931317,-0.3422610135266595,0.528541707182633,-0.019425000071752407,-1.7254739158558294,0.5388376543369944,1.115686092312913,-0.16556482897039615,1.671756129638588,0.24541173017040308,-0.8627591391100893,-1.1085945807299886,-0.9460997674438261,1.3444861128510368,-0.35003512738802556,0.16135332964464055,3.0050690540056806,-0.6318259812437788,-2.5793188888012253,0.25431004578343774,0.16321396566461743,0.0,0.0,0.0,0.0,0.0,0.0,0.0,0.0,0.0,0.0,0.0,0.0,0.0,0.0,0.0,0.0,0.0,0.0,0.0,0.0,0.0,0.0,0.0,0.0,0.0,0.0,0.0,0.0,0.0,0.0,0
26.14616513277215,0.46367480713196413,1.529243650743311,52.93885463795573,0.49662137434028913,1.891283332312348,16,-0.08696861396034805,-0.12689447849235336,0.2979744825161994,-0.35472839763912845,-0.7984130841587103,0.34290272445566217,-0.4813208756355074,0.394694629072589,1.43269114862877,-0.4936030035774266,-1.2057490266529562,0.4367438073672858,-0.23942055236458515,-1.0051491269226531,0.3118779134003624,0.1862201018218741,-0.39595198512613194,-0.10434148170261892,0.7539197706402092,0.13535130518526017,-0.5659086034409277,1.4818499347987952,0.15909210592682044,-0.4489138028765822,0.6276315157849162,-1.4423695294357657,-0.17204282574438423,1.2115371320742412,-0.30405431880326717,-0.6624644872456216,0.0,0.0,0.0,0.0,0.0,0.0,0.0,0.0,0.0,0.0,0.0,0.0,0.0,0.0,0.0,0.0,0.0,0.0,0.0,0.0,0.0,0.0,0.0,0.0,0.0,0.0,0.0,0.0,0
26.078193348465923,0.5926395492891754,2.118978885093817,53.180464906256475,0.5933435901870834,2.0894138422371,21,0.5980274553899996,0.5131290731905835,-0.007473605544706885,-0.5732670943343336,0.21840899353118104,0.0214540310343736,-1.616534986816088,-0.32268814458225137,1.7552301857537032,-0.6565610974436069,-1.2109149595718556,0.5930836104378301,1.3168599616698167,-0.07937260263038581,0.2578036972421529,0.2240493015446674,-0.5163151598315778,-0.12444044313363634,-1.0241850543781972,-0.6327360935902533,-0.1935931774791797,1.2774153277399947,0.26961335923504137,-1.3333627436528985,0.6378544389751291,0.7371776106214156,-0.8168901450209773,0.09666383064842421,-0.3975547600079672,-1.251984665888962,1.4697669069409862,2.0894138422371,-0.8407314647913608,-1.2822716971336305,0.7574426649178676,-0.76211090473209,-0.07143772447624386,0.7952128374198963,-0.2870119487602416,-0.7798890389697988,0.0,0.0,0.0,0.0,0.0,0.0,0.0,0.0,0.0,0.0,0.0,0.0,0.0,0.0,0.0,0.0,0.0,0.0,0
25.92802593750168,0.47202149176170377,1.7087559389060054,52.77344091078325,0.8291299023964079,3.66094843876143,25,0.9725683817131525,0.8694079649731208,-0.7085410623749873,-1.7522993495278811,-0.6528035081375023,1.1588641223570235,0.558233221691701,-1.1773213401984037,0.694240369394528,1.1338977024855126,-0.9973587876511907,0.24904913664394712,-0.34582119364526065,0.04438464721782509,1.145941180993649,-1.0045086429368553,-0.8545639575623305,-0.8650499773367244,-0.360521032368311,1.713231567361511,0.37737140969559135,-0.5768614903310763,0.5837292093403761,-0.000416882964685783,0.08231135306750659,-0.4184200393968922,-0.021454855398577166,0.6947210455657711,-0.7112179823255573,0.03926419675168091,0.9626787746569931,0.8477272183649944,-0.08161697117432354,-2.457255756535929,-0.1255020507454887,0.5550150577220236,-0.7686308331906098,1.4261663092097194,0.22678287217966897,-2.1292180600777684,0.46632749429745957,1.183008543527933,0.13227601261998956,2.4779398952334972,-0.7958823042889449,-2.1218514821206256,1.3815838101719216,0.781710744032388,0.0,0.0,0.0,0.0,0.0,0.0,0.0,0.0,0.0,0.0,0
26.036674229063927,0.418167502388854,2.3179170463207264,52.644923731420825,0.6878407234701684,2.5933316121553034,29,0.4647391714633251,-0.04131641427251509,-0.7946545574422856,0.9193425427454116,0.21971022390060924,-0.7262170978302152,-0.14789423020474146,0.6676046956924608,0.12356624657759951,-0.631984012473616,-0.5551266888755073,-1.2688326661299953,-0.10340886257640491,0.5976725847242506,-0.1535729394203571,-0.43483578057723093,0.586837000199175,1.4458413351438324,0.26251921961503655,-1.5248369330395874,-0.006432973703493161,0.9599758369631601,-0.525917470439861,0.10422548741318849,0.11267519135400406,0.09780983995958792,-0.0020231716002392375,0.9017224800519941,-0.15287282759353005,0.13895030544788511,-0.7117836817387229,-1.4377431270049499,0.8663541469873977,0.5790620659867969,-0.05202477085266821,-0.32180866919021867,0.1256477555558888,0.6746999802299953,-0.24258914094083295,-0.40406047948700063,0.4115936840570278,0.42890905859360373,1.2089353715139133,-1.26906783786945,-0.9626653430184824,1.0891802772064807,-0.6289987482774393,-1.3049199272208227,0.12632906789971088,0.4977300522377348,0.05426620234363355,0.7056884775622336,0.11477088561961679,-1.6419389960802988,-0.06043069880991325,-0.18906248711940776,0.0,0.0,0
25.861141762957217,0.4752963429467968,1.4991208516959666,53.000967363061875,0.4753218731519809,1.3053125961462868,8,-0.97770006239314,1.036617767753519,1.2904860396473197,-0.0813019126306358,-0.7460854177487306,-0.3619215081643645,0.9194150065537379,-0.5947242944966007,-0.36007141239710805,1.2187396518549676,0.09777259860286591,0.08657294429131923,0.29760403703788185,-0.47188201475314884,0.0,0.0,0.0,0.0,0.0,0.0,0.0,0.0,0.0,0.0,0.0,0.0,0.0,0.0,0.0,0.0,0.0,0.0,0.0,0.0,0.0,0.0,0.0,0.0,0.0,0.0,0.0,0.0,0.0,0.0,0.0,0.0,0.0,0.0,0.0,0.0,0.0,0.0,0.0,0.0,0.0,0.0,0.0,0.0,0
26.219551275623807,0.5349699617730074,1.5499582307876452,52.50077028740865,0.7338673004855216,2.4191265147646064,7,1.4898972260380532,0.18837115646417857,-1.0754700525657732,0.5258732457518391,0.44526445111225144,-0.15664861927857032,0.4769671764364176,-0.7127038124665219,0.21329942976669614,-1.5497740830195141,-0.5294153126563366,1.5338520795593737,0.0,0.0,0.0,0.0,0.0,0.0,0.0,0.0,0.0,0.0,0.0,0.0,0.0,0.0,0.0,0.0,0.0,0.0,0.0,0.0,0.0,0.0,0.0,0.0,0.0,0.0,0.0,0.0,0.0,0.0,0.0,0.0,0.0,0.0,0.0,0.0,0.0,0.0,0.0,0.0,0.0,0.0,0.0,0.0,0.0,0.0,0
30.20234646310503,4.119784561403237,12.333205160733929,51.07957333987815,2.056823303008735,6.598440405119163,15,0.4032895582082183,-1.4019123771904205,-0.09138310171805841,1.655469651569696,0.37372146863911127,-2.331096799553478,0.6415853041175659,1.811638299360645,0.41231036841809754,-0.43968656257420236,0.9698910088409747,-1.1993275819312572,1.1171302438810073,-0.3716693297808291,1.0269755961643092,-0.9981824559623931,1.2318368307888967,-0.11060120827482933,1.4654060733915095,-0.7294749611679805,1.0611975142178522,-0.28968223442219454,1.168866545117254,-0.34059751712641173,1.584481405318499,-1.5997600536862322,0.9678963453486915,0.25568392573485,0.0,0.0,0.0,0.0,0.0,0.0,0.0,0.0,0.0,0.0,0.0,0.0,0.0,0.0,0.0,0.0,0.0,0.0,0.0,0.0,0.0,0.0,0.0,0.0,0.0,0.0,0.0,0.0,0.0,0.0,1
26.09104193413006,0.49418287765017166,1.8968275659725435,53.17196754960993,0.8543800910454084,2.895603350979947,27,-1.2465874560520582,-0.17417152562903482,1.4073924901684052,2.185527216718974,-0.26651582432997145,-0.7625534369296716,-1.041080081225605,0.33303425501974715,-0.5130100854273145,-0.14340043047437945,1.5418032921184839,-0.8717488174795633,-0.499113386138859,1.4626326839820152,-0.33079483643614793,-1.8566316511579117,0.3846352409370972,2.1626185140484253,0.4361759123012767,-1.510927356472088,-1.6089277977715035,1.3319819317070127,1.0788802407823574,-2.2702348828304437,-0.0343895901171436,0.4941319666437778,0.7195260411766284,-0.9371622290243238,-0.3339616411245281,2.1161116786498866,-0.00465231471012828,-0.6312229939961966,-0.6315425436001014,1.4107146663262569,0.5567176850010149,-2.000476652259394,-0.5773613479666118,1.4568532555360463,0.18820195120210315,-1.0057344584391288,0.3413139462965482,-0.13896343431698455,-0.24425260956708783,-0.15647515710298165,0.11542747029310618,-0.44461129438114,0.49840356798466345,0.9755161371014154,-0.8390052343943388,-0.13028494583526395,-0.3363168068798714,-1.4272596044896275,0.0,0.0,0.0,0.0,0.0,0.0,0
26.036628543099237,0.4303361248221063,1.3904551192840557,53.20338256625205,0.707076866383121,2.244542612918387,13,-0.8135678175817134,0.6591717723784853,0.07635999354489087,-1.0552037246643593,0.8384108659972682,-0.039028587951982274,-0.8797753895478024,0.4769612288409846,-0.5106797297362533,-1.3408658640999676,0.13910853593412043,0.8843669089136768,0.8211636686776984,-1.1707725739567394,-0.6078269587585936,0.1304223345191602,0.915540450793241,0.22651995280786963,-0.5544863379536977,1.3954733925434155,0.37069490258231497,-1.127113808437663,-0.20425412661512254,-0.5122939603567858,0.0,0.0,0.0,0.0,0.0,0.0,0.0,0.0,0.0,0.0,0.0,0.0,0.0,0.0,0.0,0.0,0.0,0.0,0.0,0.0,0.0,0.0,0.0,0.0,0.0,0.0,0.0,0.0,0.0,0.0,0.0,0.0,0.0,0.0,0
29.778132655438153,4.6757122212471955,14.026515198443068,48.97438812127166,4.43647342434599,10.763671872408267,25,0.1636595156433458,-0.1069330096826775,0.5592802484560124,0.24742419474109312,-0.32194787771708633,0.5698627986055911,-0.27507259327898126,-0.28005884776681,0.7672202770581542,0.2892530906377999,-0.2860454256956082,-1.4418592562692467,-0.7426501425188583,0.27129546859005416,-0.25379829723837233,0.9297692624276976,0.7525677337967664,0.014304789988898392,-0.509126822433636,-1.0800786311751764,1.2707768190018385,-0.18919985075848444,2.396382380699702,-1.5648733958410475,0.006331213226381749,-0.753053024514017,0.31941910488427183,-1.332104441833991,1.5546788034167953,-1.6840845418552775,0.6594050036312957,-1.3309966248173026,1.4216869257454583,-1.0843730250281922,0.7142343236391042,-1.3430790786865145,1.2228772903040763,-0.17533952263566732,0.8314725811195345,0.0,0.42439528385006753,0.0,1.426362718138968,0.0,0.7011018781597116,0.0,0.8339499612627321,0.0,0.0,0.0,0.0,0.0,0.0,0.0,0.0,0.0,0.0,0.0,1
25.995299033912243,0.5835377562559552,2.755912125918524,53.16177888657522,0.7612157901651138,3.065763032856239,26,1.8500795356077155,-1.1684985841356479,0.12406638468221587,0.9803806362443126,-0.36384087830995426,0.22319904389877365,0.03412952841318173,-0.9785098111413291,-0.41630155654835477,-0.29190735339575014,0.5322466578375504,0.9111744006787816,0.17649169907463147,-0.35734468907877925,-0.3983352391328516,1.4714797278091822,1.2173759942943896,-0.590377651496425,-2.027494708839324,-1.105544878537195,0.8633513792638645,0.8533707080281374,-0.668657316586831,0.6729520254209191,1.0270994431371037,-2.12874607089951,-1.2306606759995375,0.2968209639295196,0.12377694266224282,0.8092876989665783,0.35036730108424763,0.03741646814764721,0.44950955520230096,-0.07023957869431285,-0.4306517792585076,-0.2068637386598553,0.005015063031262201,-0.012226514931477084,0.20227540383650222,0.5682547674189209,-0.03067485206771181,0.5997475334540354,0.8648447736900167,-1.2919162266620816,-0.40076913432477923,2.3354816598872645,-0.5052439297268059,-0.3821663275442688,1.2107943254991298,-0.5051486449281839,0.0,0.0,0.0,0.0,0.0,0.0,0.0,0.0,0
26.10968479522067,0.570710125694745,2.0436623007369903,52.88207993622408,0.7230231564119033,3.31322348119226,25,0.9224593138493589,1.3655950837851734,-1.7844832707295097,0.9862547113707265,0.427233903237898,-2.2680983130955568,0.4593492075398764,2.211828007016436,1.1570791899592159,-2.304638930749995,-1.0918367120256178,0.5924137303093602,-0.4187383884856146,-0.7275991205180148,0.3887872845527589,1.248165852696566,-0.34679942690105037,-0.23607590876532214,0.8110703120591758,-0.06878736608749136,-0.042486425761463664,-0.5418834910488499,0.3744529813081918,0.160335070882212,-1.6262016402080093,0.2886295082921819,-0.08145654390683177,-0.15565468025510398,0.7860739888969199,0.17468674065487733,0.5243681717694955,-1.1630659101514027,0.10440839044335704,-0.5234786703721568,-0.3922827613734974,1.998272212922764,0.2869859331050577,0.0260981345653164,0.3504722683517336,-0.11620242015982996,-1.151374958714083,0.2347343888024156,1.127433279630523,-0.784378403314939,0.015235609285323193,0.08081185487535691,-1.024767911021506,-0.1011305670678766,0.0,0.0,0.0,0.0,0.0,0.0,0.0,0.0,0.0,0.0,0
26.163762984424423,0.46234474516924234,1.2078839865189295,52.852503696877804,0.7220427365122056,2.30259975832368,8,0.4754371523399463,0.6356463648925441,-0.6061416648177307,0.3740747577138137,0.7216727355448249,-0.8325738786439913,-1.1401422394001735,0.5678335180327139,0.9721059802852849,-1.726729238078093,0.15175524557510656,2.264965581290639,-1.1916029729791475,0.03763417703304128,0.0,0.0,0.0,0.0,0.0,0.0,0.0,0.0,0.0,0.0,0.0,0.0,0.0,0.0,0.0,0.0,0.0,0.0,0.0,0.0,0.0,0.0,0.0,0.0,0.0,0.0,0.0,0.0,0.0,0.0,0.0,0.0,0.0,0.0,0.0,0.0,0.0,0.0,0.0,0.0,0.0,0.0,0.0,0.0,0
26.13852741264157,0.5355033362454605,2.044956978604823,53.20127116686814,0.66873311361951,2.565675683366358,29,0.1689131682474141,0.17585534076795994,0.3855003307028575,-0.5104925292542433,-1.1285871327769499,0.7135054229938689,-0.43452815458893923,1.075410663074166,1.393400414056238,-1.1906776642645767,-0.1630571456924379,0.5230821657479368,0.22697416151099858,-1.8381997302199764,0.27624246095091465,1.595222821482544,-1.415945768021679,-0.24258152641798603,1.0551350906791406,0.45252639229227754,-0.5952264484505569,-1.200115109295517,0.6099521913947825,1.1276459544208066,0.4348474875934336,-1.3633827090553226,-0.90427102079326,1.4863279516168078,-0.38653029756651947,0.054990138881372275,-0.3051624354765572,-1.8503874543346797,-0.44899322476848624,1.1757936444943624,1.852837555487067,-0.4672849533128982,0.03142076916349268,0.5656943666806313,-0.25157205603072086,-0.3581001833793849,-0.655877132811959,-0.2110000603651372,0.5438847306994035,-0.2860297149834494,-0.24079263220026093,1.618962776365862,-0.7333326005303036,-1.7469125142238084,1.1546499503167134,0.1570925196521742,-0.31941492580437014,-0.5683427951483964,0.11336147083025594,1.689569939393543,-0.20504934893210702,0.14490922317432364,0.0,0.0,0
26.110039206763652,0.491589476352573,1.4329314417990915,53.02360050962481,0.5326086544326619,1.605464263966752,10,0.27759494448364563,-0.22525756608787617,-0.797249230827358,0.8540365309806788,0.644528666756603,-1.1929423424929553,0.1847968216272804,0.16970001071776153,0.29852964729072085,0.2764445588281532,-1.4329314417990915,-0.8586664910197115,0.757148175523735,0.11100720513641704,-0.6850026320246165,1.471334808630786,-0.021216409320015117,-1.332042965642927,0.0,0.0,0.0,0.0,0.0,0.0,0.0,0.0,0.0,0.0,0.0,0.0,0.0,0.0,0.0,0.0,0.0,0.0,0.0,0.0,0.0,0.0,0.0,0.0,0.0,0.0,0.0,0.0,0.0,0.0,0.0,0.0,0.0,0.0,0.0,0.0,0.0,0.0,0.0,0.0,0
25.95087405480009,0.48108703297592786,1.8283307953673642,52.894314559266306,0.8118100190770275,3.3311158980002915,23,-0.6528780401822445,-1.8902847357266594,1.0636518113612503,0.9843408699309677,-0.15559757432614418,-1.7707454249639554,-0.86225218556255,0.852309639020433,1.5067906261600434,0.040055586194235104,-0.23924740982527837,0.5176225378242876,0.09009554866421254,-0.3933546627049864,-0.2873521311589542,1.0150763627991353,-0.7856423523243201,-1.3143219693043235,0.6206207180174275,0.995615088464298,-0.20928850677295685,-0.45553351675825127,-0.0846533720793019,-0.9921412386642103,1.143254282267641,-0.9197544341112618,-1.3138299091627879,1.9000776953838638,0.2640617916866397,-0.6649949893010927,0.2504453997155629,0.7679226132879506,0.17806166368919563,-1.228689077893712,0.6492123950176847,1.4352597388751605,-0.927902741116057,0.8279551549078974,0.2272150711216021,-1.446293284518461,-0.7476036131503001,-1.4053413998172246,0.88990195993917,1.5522868928228846,0.0,0.0,0.0,0.0,0.0,0.0,0.0,0.0,0.0,0.0,0.0,0.0,0.0,0.0,0
26.03670103061416,0.4816456008627985,1.6856041320864854,53.04450794892153,0.8475866238029687,3.0037672624038265,13,0.3355960268281173,0.957771456139838,-1.523533132439411,-0.6305823250247542,0.23959826082127833,2.05591445455984,0.8182451850496832,0.5682134148214644,-0.3354442463242364,-1.7567080452454888,-0.19913777209649197,0.22622300193552292,0.7965105037033631,-0.47708871081354687,-0.27523262700298545,-0.03090371612349685,0.3959047513581737,0.18071691951249846,-0.7106072874480915,-1.1460067116693153,0.17773624376968655,1.6073994016175916,0.7780311202561059,-1.3165294334139404,0.0,0.0,0.0,0.0,0.0,0.0,0.0,0.0,0.0,0.0,0.0,0.0,0.0,0.0,0.0,0.0,0.0,0.0,0.0,0.0,0.0,0.0,0.0,0.0,0.0,0.0,0.0,0.0,0.0,0.0,0.0,0.0,0.0,0.0,0
25.959710776722037,0.5279112392801372,2.4504762045561073,52.91830473474004,0.5153489833301762,2.2602587610151375,30,-0.6738941245378385,0.44417159270707174,0.11033801380805741,0.6037242818210231,0.4159932257720129,-0.8653300955321512,0.3688289750268119,-0.8935573419062095,-1.1785036363627448,1.1845696086300492,0.19063881410590966,0.09364512437800698,0.13709741788596475,-0.6820753413192051,0.22908968141071284,-0.1702632397113888,0.2565693929386015,-0.06549588967197906,-0.027999730346916607,0.8680429377600731,-0.13132452244560966,-0.6147381880898237,-0.6071128362328544,0.3804200452977895,0.29450401715216756,-0.8637507449195141,-0.583090863673938,0.655270920387899,1.1580239924175828,-0.9398490546116207,-0.4723718656810689,0.41365576367574164,-0.5990725248449031,0.5048804788256973,1.7586977509846626,-0.6320083293883769,-2.4504762045561073,0.277262117440884,1.2424995593798904,0.9248343946031454,0.6885869003714227,-0.845304627589087,-0.8998360577248619,-0.05377461813566953,0.32533366891295756,-0.419252071670428,0.15662927337152865,0.29380408624602694,-1.3830121446118397,0.4119801692729155,0.5987435134713373,0.5114868468134404,0.5146992761551239,-1.7347117118013529,-0.01079496706690719,1.8712540787132141,-0.632194187084373,-0.9484044396435607,0
26.01566495212707,0.6181414174227071,2.7595468223247224,53.04986963384841,0.7526457379115653,2.4757266243529514,25,-0.6326353556801969,-0.004791829597998287,-0.16402982300421698,1.7985620945169458,1.2950617864005913,-2.3038905147663087,-1.0048287876550148,1.8758858698645469,0.7499923003137177,-1.3792386639657508,-0.11221629988622794,-0.5890824009382669,-0.21174183529952373,2.4236105647799917,1.1626001170931204,-0.6260966514524853,-0.8884972193774487,-0.002476770037986853,0.2879797321108093,-0.4418763501810119,-0.23540863367112763,0.18515686903111828,-0.2581778192286457,-1.4650077262605734,0.10622533644076881,1.0750151055941615,0.7388157579482133,-0.8322990861564037,-0.1852187365300253,-0.36814201488977005,0.43194056954408566,1.4399150798168705,-0.8651721693578587,0.5977569799612112,-0.5492895793368184,-1.233214703910086,0.21821006067046866,0.1370847455148123,-0.3736306237193894,-0.7409102021987977,0.9774111603369349,0.9162942329367496,-0.6764802224762612,0.6022871730404162,-1.2347008151211334,0.02516129947148471,2.7595468223247224,-0.19708124887747402,0.0,0.0,0.0,0.0,0.0,0.0,0.0,0.0,0.0,0.0,0
26.02055032932456,0.4879273060571313,1.6579672756544,52.77107251708171,1.102084758874283,4.502202878877043,20,0.008297229487897795,-0.6462213882296339,-0.4919969588243127,0.34001557741886757,-0.1270884610668972,-0.023823687929649395,0.7967095005056954,-0.8144446444842757,-0.763597879129474,2.733279949036792,0.5529404446685149,-1.04142323087396,-0.44138769969094227,-0.7178363486723072,-0.45534480308944936,0.7264289216411939,1.3299224605303515,-0.8457905120603613,-0.7461241221461137,-1.4684652573821495,-0.41540393780978135,4.502202878877043,-0.3400308439435591,-2.2136734052395965,0.050402434769186044,-0.6228903327934532,0.45854469707111534,-1.075921417890136,1.1490201438140986,0.35181201322789946,-1.2548953811039176,2.5189133797579686,1.0160583555102214,-0.12204270460514977,-0.7891092504746453,-0.5989788102396147,-0.5251933612492969,-1.494633659527011,0.0,0.0,0.0,0.0,0.0,0.0,0.0,0.0,0.0,0.0,0.0,0.0,0.0,0.0,0.0,0.0,0.0,0.0,0.0,0.0,0
25.75867260173029,0.43889801420580704,1.7978539162302987,52.85170685512192,0.7722717092014681,3.588161009105022,30,-1.0577956687252232,-0.9385012936398951,0.6517127198033315,-0.04916840783523213,-0.226467261664002,-0.2156631749320539,-0.20852856689185728,0.7282632103316757,0.64189129777278,-0.569367834837287,0.1537714758455344,-0.297049329969326,0.14136932731420515,0.12300232214467854,-0.3065565558982364,0.32042682465350225,0.21459095733331424,-0.9740639051450373,-0.7769875219239886,2.053524530550419,0.12142568169543821,-1.6170536930160537,0.431222034412194,-0.15046946535281336,-0.42914456761764086,0.3338038754292043,0.44082542892508414,1.0296641751671345,-0.32777629810070863,-0.9421331277265494,0.24574061320808838,1.1461729468447999,-0.7529596749195058,-1.1951024691126335,-0.02385207877647133,-0.8729264305603479,0.49756093213227004,0.46869640674829327,-0.30486704499796957,0.11908073591393986,-0.6488072294471543,1.0677494758304888,1.55347479756351,-0.8855069655977488,0.24437911866678874,-0.5777759198460117,-0.0480675156982997,-0.21363786137870733,-0.5097782272305906,-0.3072033625717481,-0.010172224670718322,3.588161009105022,0.13199148040740027,-2.7223941931769815,-0.3769529545270487,0.9536788952376938,-0.5939829255840117,-1.3195713130973985,0
25.981135077127586,0.39152751876594794,1.611548354505512,52.9409221811246,0.9125378087752163,3.3980626892915566,17,-0.24460347312307107,1.996671195151599,0.26197243229783496,-0.5381724187972026,0.5317515973882259,-2.328946338089679,-0.5241333296979178,1.1266742081883194,0.17329109711545954,1.489194405442916,1.1416599937432252,-0.756465509813161,-0.5097403604110831,-0.4589023144407207,-0.42365738588598134,-1.9314447217820288,0.016565484904148775,1.6861322193176633,-0.4856488392233089,0.34234362763970694,0.1451982129055267,-1.8130677387533325,0.07131336878079608,2.135479355780511,0.19114739982289208,-1.0521770667235515,-0.07456161128196115,0.802513284542492,-0.5421646241165412,-0.13557672226035322,0.86224370651383,-0.30980306277038494,0.0,0.0,0.0,0.0,0.0,0.0,0.0,0.0,0.0,0.0,0.0,0.0,0.0,0.0,0.0,0.0,0.0,0.0,0.0,0.0,0.0,0.0,0.0,0.0,0.0,0.0,0
25.772687182914932,0.46638213554904284,1.4540192693543013,52.70939130231436,0.6601657132106894,2.3019634563019125,10,-1.1764245253039363,-0.3075029703547756,1.1869315198233998,0.36138150890273124,-0.74477726081561,1.322032308249078,0.5658028844946834,-0.6468135182133352,-0.21868342287525167,-0.11057716105317894,0.2336271400558303,0.043550225546056254,-0.8005181436662134,-0.4166499000058721,1.1288999611243256,0.8027704408531164,0.10273659121313727,0.9462695520233169,0.0,0.0,0.0,0.0,0.0,0.0,0.0,0.0,0.0,0.0,0.0,0.0,0.0,0.0,0.0,0.0,0.0,0.0,0.0,0.0,0.0,0.0,0.0,0.0,0.0,0.0,0.0,0.0,0.0,0.0,0.0,0.0,0.0,0.0,0.0,0.0,0.0,0.0,0.0,0.0,0
26.011039615301108,0.47773744814779495,1.5478439638954775,52.58976713001267,0.8486902238140378,2.6699366446650075,7,-0.00408288926361422,1.1944342262309746,0.7200270517965599,-0.24207527497257786,-0.19378973069874306,0.6111906652367551,-0.4907862666137781,1.1063870281698556,0.4601429130359058,-1.0801401539749307,-1.3234108796188622,0.9190910229223377,0.0,0.0,0.0,0.0,0.0,0.0,0.0,0.0,0.0,0.0,0.0,0.0,0.0,0.0,0.0,0.0,0.0,0.0,0.0,0.0,0.0,0.0,0.0,0.0,0.0,0.0,0.0,0.0,0.0,0.0,0.0,0.0,0.0,0.0,0.0,0.0,0.0,0.0,0.0,0.0,0.0,0.0,0.0,0.0,0.0,0.0,0
25.740795762990096,0.4889197929940996,1.6178438350868483,53.122114527871204,0.7653619333207884,2.452256494692932,15,0.5793986141617218,-1.920671929351073,-1.1217042182815575,2.188193430098586,1.6178438350868483,-0.4175239891509932,-1.31057972217274,0.15994685578881018,0.08884559659948721,0.521640197956529,0.6178756260043272,-1.4447024470859873,0.04443364533592842,-0.8753620159325806,-0.13845407934691423,0.7279733760410565,-0.5186896712652569,-0.37092618371225683,1.1217379672927947,-0.11402053368380649,-1.4096485973362718,0.6880357674564408,0.1013401053104026,-0.370046120811665,0.6881431092469796,-0.3524043760873994,-0.5786256049449499,0.40544583338379425,0.0,0.0,0.0,0.0,0.0,0.0,0.0,0.0,0.0,0.0,0.0,0.0,0.0,0.0,0.0,0.0,0.0,0.0,0.0,0.0,0.0,0.0,0.0,0.0,0.0,0.0,0.0,0.0,0.0,0.0,0
31.966131251688367,2.799688762676819,8.137343401375283,48.37207663013832,2.36969963157045,6.947198605251842,6,1.2413567894672468,-1.1983254004413624,2.099105842846601,-1.1087863180435562,1.331669832632297,-1.6704633860067517,1.6576812608925309,-1.231129642565051,1.8075296755366068,-1.7384938581951204,0.0,0.0,0.0,0.0,0.0,0.0,0.0,0.0,0.0,0.0,0.0,0.0,0.0,0.0,0.0,0.0,0.0,0.0,0.0,0.0,0.0,0.0,0.0,0.0,0.0,0.0,0.0,0.0,0.0,0.0,0.0,0.0,0.0,0.0,0.0,0.0,0.0,0.0,0.0,0.0,0.0,0.0,0.0,0.0,0.0,0.0,0.0,0.0,1
26.397865271262752,0.2772612788570159,0.9438650385160514,53.4470931169652,1.0178561533076267,3.0833838485262604,9,-0.4875330878830404,0.7800069352420849,0.1539682542143197,1.1894048886939217,0.365508849517024,-3.005403999665951,-0.31744353572165807,0.2921535031189251,0.08446665653108099,2.7912303454073353,-0.652707048217632,-1.8068883732252132,0.9438650385160514,-0.18866013093824563,-0.4013124163367756,-0.24500433623498452,0.0,0.0,0.0,0.0,0.0,0.0,0.0,0.0,0.0,0.0,0.0,0.0,0.0,0.0,0.0,0.0,0.0,0.0,0.0,0.0,0.0,0.0,0.0,0.0,0.0,0.0,0.0,0.0,0.0,0.0,0.0,0.0,0.0,0.0,0.0,0.0,0.0,0.0,0.0,0.0,0.0,0.0,0
25.88117853271554,0.42792593400638645,1.6009585588652513,53.23509956926552,0.9161354888747733,3.7161076873031007,18,-0.6611834771745535,1.5509887603811379,-0.9397750816906978,-0.7222048397306366,0.27610441911882333,-2.124460427565019,0.33586011562249496,1.7223369981869894,0.6499418455469979,-0.5351946658199012,-0.2245262588165886,0.02235549982280105,-0.6903601326284097,1.8791021492117466,-0.1772877470628309,-2.4300483475720966,0.23965699108662974,0.8106177415808133,-0.3013966421153853,0.1924091580870524,0.5587381756685375,-1.1706482801828102,0.28228522516415566,-1.1184379592160596,-0.07451280642059643,0.6108683477512287,-0.385518696893449,1.2674430132889682,0.2516530313697949,0.513053064009199,-0.6672797284500405,-0.2841268775387391,0.31030344231468376,-0.00968185306498981,0.0,0.0,0.0,0.0,0.0,0.0,0.0,0.0,0.0,0.0,0.0,0.0,0.0,0.0,0.0,0.0,0.0,0.0,0.0,0.0,0.0,0.0,0.0,0.0,0
25.954797649100055,0.5774315724492561,1.6458745996368336,52.95844260445336,0.7819142553257677,2.1798992120756466,9,-0.6319282878670798,1.1404499409140456,0.7178026084609215,0.1232761482665552,-1.3399565559986648,-0.5599083205053148,0.3640009632092571,-0.18632973301478728,-0.05454564196346112,-0.8890956920936262,1.0183505490069749,1.600664438893169,-0.2688294982866779,-1.8136914616223407,-1.3648944156042617,-0.33153844373274666,0.0,0.0,0.0,0.0,0.0,0.0,0.0,0.0,0.0,0.0,0.0,0.0,0.0,0.0,0.0,0.0,0.0,0.0,0.0,0.0,0.0,0.0,0.0,0.0,0.0,0.0,0.0,0.0,0.0,0.0,0.0,0.0,0.0,0.0,0.0,0.0,0.0,0.0,0.0,0.0,0.0,0.0,0
25.88064579193678,0.25095646223459284,0.7923834103232998,52.97936730344884,0.47959650348726257,1.7847115179829487,8,-0.1553515215828476,0.07548544145794267,-0.3076730876958358,0.27624129753703386,0.6790831389605998,0.7034025309741736,0.11330027136270004,-0.8301415420338358,-0.7048473955607619,-0.5121684425798989,0.3383951906279421,0.39840882691517976,0.008574702491689123,-0.8408103602843937,0.0,0.0,0.0,0.0,0.0,0.0,0.0,0.0,0.0,0.0,0.0,0.0,0.0,0.0,0.0,0.0,0.0,0.0,0.0,0.0,0.0,0.0,0.0,0.0,0.0,0.0,0.0,0.0,0.0,0.0,0.0,0.0,0.0,0.0,0.0,0.0,0.0,0.0,0.0,0.0,0.0,0.0,0.0,0.0,0
25.902087598343446,0.5719182696645432,2.1142469212134998,52.87298512473252,0.7259390334155623,3.4467580060518443,27,1.833176905612767,0.523748098388424,-1.0628466527704816,-1.8602784249421092,1.3396658884934673,0.5760359048792836,-0.24243115421872474,0.25349487305981455,0.09839675656541402,0.2745667643892844,-1.1087471333684462,-0.34010340554271323,-0.47905111723171245,0.970002243776726,0.2607594401681119,-0.201087912630328,0.32021378972072156,1.0491339642308333,-0.9633875028488639,0.8647155738889438,0.9489020218632369,-2.9892875178087976,0.13687383080652893,1.1281243632935087,-0.5463714720377943,-0.001423468609182521,0.12696793667043238,-0.12777915837730802,0.4099432885325136,-0.8565012009606718,0.2884425347455526,0.13410170025836265,-0.6235546081552741,0.9260824460469337,0.5915376387882567,-0.948604548178686,-0.07770330079420518,0.8836976363794022,-0.044980074484733734,-0.32417740537009365,-0.34944999143748134,0.3100861501335075,-0.3406827360894056,-0.8759666988445716,1.5149157879680644,0.8886157702151749,-0.5330730317216599,-0.8307374606488978,0.1877128683016558,0.8333185537068033,-0.5446806689498302,0.9429604110257941,0.0,0.0,0.0,0.0,0.0,0.0,0
26.22697170857691,0.6260651208755309,2.645057382424909,53.315754438915974,0.7629547778407754,2.9935017341465837,19,0.7500840364550463,0.7910128769282068,0.2661915135993951,0.6719223934601928,0.04089756075342166,-1.4625447218037806,0.5289817986280738,0.8655131135930532,0.34321957676409554,0.003782254530712237,-0.9861998367071898,-1.1129203354815829,-0.8618013252881198,0.2251076278793107,2.5636840582201863,0.008914657840911389,-1.3335309612570896,-0.5660786311680184,-0.05589372780823609,0.00742916479673994,-0.7287233543981912,1.3213795196756735,0.15262251054193499,-1.547965985482449,-0.35174770181439285,0.4487231149110187,0.7489273270584569,-0.14184604684094637,-0.5680128661503225,0.6295583294242775,0.5910579090258921,1.4721021854776453,-0.7291856799663634,-1.9918730849130029,0.8451240344266608,-1.0016286492335809,0.0,0.0,0.0,0.0,0.0,0.0,0.0,0.0,0.0,0.0,0.0,0.0,0.0,0.0,0.0,0.0,0.0,0.0,0.0,0.0,0.0,0.0,0
25.72684292091382,0.3301564111503823,1.0824427184055558,53.0668586007911,0.5863967471233423,1.7582975001849377,10,0.11673605085521999,1.517800917582882,-0.6655878531552837,-1.4718834630798412,0.8301233641518841,1.6246432861693165,0.08340086587383055,-0.9674373269034646,0.01929486111504275,0.2268380260298244,-0.7479662774173796,-0.2692629529268089,0.897589904682178,-0.7484352463844886,-0.6646277173737545,1.0066284245281096,0.3725080314605087,-0.6687610830883699,0.0,0.0,0.0,0.0,0.0,0.0,0.0,0.0,0.0,0.0,0.0,0.0,0.0,0.0,0.0,0.0,0.0,0.0,0.0,0.0,0.0,0.0,0.0,0.0,0.0,0.0,0.0,0.0,0.0,0.0,0.0,0.0,0.0,0.0,0.0,0.0,0.0,0.0,0.0,0.0,0
26.14820489003317,0.4154280547461017,1.498475199481554,52.8021766247738,0.7217511513735313,2.499414246214755,22,-0.7181129924893632,-0.003848071234934025,0.24287393567031046,1.250688528566286,-0.1480482062986006,-1.0175004459753083,-0.4427574378187735,1.874288559634806,0.4520455756377757,-0.7719868020341494,-0.4016919110217465,-0.8065453904854394,-0.1443185335038102,-0.2206909125262584,-0.33846562965734606,0.5052051096330317,0.8712850456070242,-0.22343572178742477,-0.6104408502997671,0.8504954534449212,0.5983038873159536,-0.4576258289601043,-0.3118809661282498,0.9960943717999626,-0.1444373121094351,-0.4289246361868919,-0.28969377907949934,-1.1993600564401206,1.082181493817636,0.353139648030556,-0.846714357106567,-0.35116476267989327,0.9896116281667382,0.0007163688371747412,-1.2023971458548992,-0.7453310868601193,1.1629430157865634,2.1892232455509557,-0.7118665602895327,0.2808564006827723,0.3883943263385241,-1.8239013857580062,0.0,0.0,0.0,0.0,0.0,0.0,0.0,0.0,0.0,0.0,0.0,0.0,0.0,0.0,0.0,0.0,0
25.96875318790624,0.3396287551466852,1.1789733589218478,52.98779770914524,0.7738685896028775,3.4623702807263044,24,-0.49614787544539496,0.40859384299515966,0.580452217932887,-0.3607130264761764,-0.48177453729527997,-0.5073676459877703,0.21882134150853716,1.3381173408344793,-0.5030185952116248,0.7864309282730702,0.8468650889934892,-0.6081590392839971,-0.9748031012758389,-0.5278566133823617,0.17446691106355772,-0.45015200861691085,0.1500019098520653,-1.8762026194430348,-0.2501801774098418,3.385343185946283,0.7014684359757126,-1.7889076851109706,-0.21827454076856512,1.1999776696250777,-0.5530078431827725,0.08628866011992642,0.22738036049434385,-0.02260587442199835,0.33071644999116145,-1.8496248645354285,0.03407162084665316,1.9055226531667273,-0.5815577432596832,-1.1663508381465135,0.4856286718913836,0.3083878759409231,0.3034246746912892,-0.024202327661178913,-0.46326615396128545,-0.39704540847850467,-0.3612033753623045,0.25399387505031257,1.1789733589218478,0.35149638874244715,-0.35175279697029893,-0.8648861824258844,0.0,0.0,0.0,0.0,0.0,0.0,0.0,0.0,0.0,0.0,0.0,0.0,0
26.391460522223518,0.46334858064151485,1.4625648072661583,52.80821554174125,0.5976637633158426,1.9739800478291514,8,-0.20136525040162212,-1.5007788006797185,-0.32393713929122114,1.040546535481667,-0.007337040745987622,-0.538385300180046,-0.14549632242987087,1.4718188125275304,-0.4398002659813258,-1.2508396505798842,-0.34462878841613076,0.7023429873101605,0.35786706660642764,-0.8225924999332506,0.0,0.0,0.0,0.0,0.0,0.0,0.0,0.0,0.0,0.0,0.0,0.0,0.0,0.0,0.0,0.0,0.0,0.0,0.0,0.0,0.0,0.0,0.0,0.0,0.0,0.0,0.0,0.0,0.0,0.0,0.0,0.0,0.0,0.0,0.0,0.0,0.0,0.0,0.0,0.0,0.0,0.0,0.0,0.0,0
25.883395919576078,0.5174818695729895,2.1137197714673412,53.0469114705579,0.8242788336591107,3.2986897006571922,26,0.2909553522391697,1.1295740212793106,-0.8573197865522815,0.8997768823735939,0.07400981944314822,-2.9281889432880845,0.5597376737769295,2.0836335034931395,-0.15193965539183196,-1.4723215233529672,0.1827447900271295,0.9013156397764703,-0.8063453102660745,0.3307552222643153,1.0370223178309708,0.6629827416195653,-0.11103331931473193,0.792324116856669,0.35877271962013424,-1.082636839093901,-0.3946947396241285,-1.2140936237582451,0.9695911559988133,-0.8508519494292415,-0.12406100303070744,1.4167595441926508,-0.9951792265322439,0.3307867776538984,-0.019749633010704315,-1.4405630281041795,-0.40389437494062363,1.5444532720476403,-0.26293138101402036,-0.9629063246708682,0.564042149377002,-0.5620683897463792,-0.2080394008348243,1.013844690054583,-0.07074567899423556,-0.8315442835876183,0.5684045137599867,-0.20287689998779257,-0.9636597100823785,1.1546021778939846,0.1967149056711044,0.10260971855736756,-0.39462093183569635,-0.6245212189603677,0.309602671919496,0.5120298249518243,0.0,0.0,0.0,0.0,0.0,0.0,0.0,0.0,0
26.02247038479742,0.44203239919000936,1.473799540560151,52.728881164667,0.650201341740795,2.4094269578731655,11,0.42703595644410086,-0.5027703410396214,-0.36346668795351533,0.7498390504595775,-0.35071451092484196,-0.15098140132943172,1.021549634003378,-0.9546816729791132,0.1800026676254518,0.5575514096716603,-0.7383958787774674,-1.2871975135551352,0.354464225288325,0.8208530287497382,0.6561788924204635,1.1612918320767136,-0.26109471698519826,-0.2155735193338586,-0.805649211172593,0.6428556163805723,0.0,0.0,0.0,0.0,0.0,0.0,0.0,0.0,0.0,0.0,0.0,0.0,0.0,0.0,0.0,0.0,0.0,0.0,0.0,0.0,0.0,0.0,0.0,0.0,0.0,0.0,0.0,0.0,0.0,0.0,0.0,0.0,0.0,0.0,0.0,0.0,0.0,0.0,0
25.824214330774296,0.5153720311112564,1.762097424269406,52.68577809716234,0.7375634867727932,2.308224954667793,11,-0.4020038246349884,-1.3871740016578045,0.5419144570030667,-0.3661599751488396,-1.762097424269406,1.5017870767731338,0.8652913325530456,0.31316648812305914,-0.11044056728833596,-0.9985905685333734,0.24337035712637345,-0.3212140938641497,-0.38902522822697705,1.813076052169123,-0.28763659533833064,-1.045200672167745,1.1397627723046995,-0.7527182312529703,-0.6327298874612453,-0.39917326683145404,0.0,0.0,0.0,0.0,0.0,0.0,0.0,0.0,0.0,0.0,0.0,0.0,0.0,0.0,0.0,0.0,0.0,0.0,0.0,0.0,0.0,0.0,0.0,0.0,0.0,0.0,0.0,0.0,0.0,0.0,0.0,0.0,0.0,0.0,0.0,0.0,0.0,0.0,0
30.810261362917895,2.2146706847322792,6.269923820493833,49.38088448248418,1.986369080084319,5.693337039346368,5,1.6235338543915425,-1.7778799246852799,1.5758235032487278,-0.9634419517047945,1.5432286489643374,-1.6531807705997394,1.5273378138892255,-1.2988343923565537,0.0,0.0,0.0,0.0,0.0,0.0,0.0,0.0,0.0,0.0,0.0,0.0,0.0,0.0,0.0,0.0,0.0,0.0,0.0,0.0,0.0,0.0,0.0,0.0,0.0,0.0,0.0,0.0,0.0,0.0,0.0,0.0,0.0,0.0,0.0,0.0,0.0,0.0,0.0,0.0,0.0,0.0,0.0,0.0,0.0,0.0,0.0,0.0,0.0,0.0,1
26.067999782096013,0.6300004834017666,2.1541765828306403,53.14398952411531,0.8803052325048113,3.138554709167906,22,-0.34264782031386076,0.31726077407506637,0.8338673177959528,0.3842357631452984,0.519025443057437,-1.1487156943397636,-0.34433276445763283,0.5975709050923683,0.43030417871614546,-1.4047142482136223,-1.3029006975168969,1.514154062579344,0.8263920393581401,-1.7137829025741453,0.12849884564978709,2.691870434786509,-0.887759561974157,-2.216494902805117,-0.1692546542617137,1.4073144878452197,-0.0677369850867251,0.42744749768119306,0.43504975826935066,0.8284171916601011,-0.7073432396408528,-0.07264291035298243,1.597578385083743,-0.3035551590294929,-1.4866186771278649,-1.1279535883104401,0.8527988712156223,0.9053554664567898,-1.3424589133816625,-0.6717621305060248,2.1541765828306403,0.06819179527863639,-0.39791067216306786,-0.7851275342674384,-1.421616335467725,1.8893701503194933,0.9494205382774616,-2.03549219955282,0.0,0.0,0.0,0.0,0.0,0.0,0.0,0.0,0.0,0.0,0.0,0.0,0.0,0.0,0.0,0.0,0
26.021867288450238,0.5916306499493237,2.088971736686851,52.88723338930001,1.11203528371514,3.7253526350610855,16,0.9548089846163101,0.025833114069314433,0.7585360702299226,-0.5197597049862281,-0.6097725885275729,0.06108666782747463,-0.1917337062750839,2.0142553344017387,-0.4358050910639051,-2.451430796173021,-0.3311411126210331,0.4294774019146388,1.1829157038950555,0.7919868695984249,-0.41778397495871644,1.2958408565073398,0.29826930713079136,-1.9855626518490652,-1.4083464170346467,-1.1982519146592097,1.4620781778051004,-0.27017879698985325,0.6268935588817506,3.7253526350610855,-0.32223683726538965,-3.5435606882195785,-0.5223232741631172,1.5882561282665222,-0.6705659324474702,-1.2708549403302953,0.0,0.0,0.0,0.0,0.0,0.0,0.0,0.0,0.0,0.0,0.0,0.0,0.0,0.0,0.0,0.0,0.0,0.0,0.0,0.0,0.0,0.0,0.0,0.0,0.0,0.0,0.0,0.0,0
25.69725403112006,0.3825428407188139,1.2110806007610435,53.16700821394752,0.6026066345010385,1.6804023612153571,10,-0.08709602146022988,-0.43645115965316705,-0.8049805209043193,0.5653561883768532,0.287318684868648,-1.203107179550095,0.10962845561134316,-0.024960080799452555,0.3970900608805046,0.8706041355640863,-0.6347077223264606,0.4374770138634929,-0.06148743983277072,0.07630019847137248,-0.06702496469056385,-1.6804023612153571,-0.34982113290719496,1.6496104088750911,0.0,0.0,0.0,0.0,0.0,0.0,0.0,0.0,0.0,0.0,0.0,0.0,0.0,0.0,0.0,0.0,0.0,0.0,0.0,0.0,0.0,0.0,0.0,0.0,0.0,0.0,0.0,0.0,0.0,0.0,0.0,0.0,0.0,0.0,0.0,0.0,0.0,0.0,0.0,0.0,0
25.9596041874538,0.4939949642939556,1.8656943967340247,53.12073981904455,0.6870218443594646,3.5318025639376316,29,0.7408689116785148,0.15593177738359287,-0.9534740006341949,-0.7752245135162141,0.4553660262808883,0.9583532248429023,0.9873774793968657,-0.14020016810416536,-1.1745571313227998,-0.4626399063255988,0.8595991952997863,-0.024779342285945916,-0.04785472558668857,0.5245588384049356,0.029547258610563176,0.21193870571350715,-1.1708716131710553,-0.580456898085238,0.8961014710684765,0.8458316344001631,-0.3408997659662738,-0.36933079838101435,0.6225477117229872,-1.9575919297259148,-1.3717486286279765,0.30685380174773513,1.011394144396224,2.069705533251046,-0.07070634311276791,-1.1432066803940515,-1.1082459700445,0.328759163414702,0.5523481905769785,0.7800917558893374,-0.47236592851093917,-0.9165613880247889,0.551898455596973,0.03494306156895277,0.6377861932940263,-0.7247974739048644,-0.17692575450826808,0.9909789920153997,-0.012982747527530591,0.17321416939144285,-0.6045740947624658,-0.9315152447757455,1.080099300220958,-0.27531163304240636,-0.5696350849359355,2.8386485068008724,0.026261745309422935,-2.175358180034806,0.45334787834431367,-0.4726270958088108,-0.9658726583193378,1.112223027921246,0.0,0.0,0
26.023078079380962,0.5391986410050933,1.8392190281719358,53.10221326277749,0.8612982030710912,3.5409368405708577,17,0.5570835373684027,-2.8039699378017104,-1.8392190281719358,1.59144626006875,0.5839384575095856,0.6854145398285212,0.4167693810367119,-1.8998558905901959,-0.11205411931393527,0.2592959184866075,-0.3450669169913958,0.3240540211067966,0.3694537280991703,-0.609484295980991,0.469477604667464,-1.0878374556886357,-0.5524486385489631,2.534791866944367,-0.7528964431171481,-0.9553036395616061,1.7098016196481893,-0.5779507561349249,-1.5068195061018272,0.4165182450776541,-0.12958526795008396,-0.21771223714691956,0.24626443791204622,0.7266185018117568,0.05535260419627264,-1.1933142368920073,0.44520563125124113,0.4173191939606298,0.0,0.0,0.0,0.0,0.0,0.0,0.0,0.0,0.0,0.0,0.0,0.0,0.0,0.0,0.0,0.0,0.0,0.0,0.0,0.0,0.0,0.0,0.0,0.0,0.0,0.0,0
25.733588896872376,0.39163287307976086,1.201574296703292,52.59771725598822,0.7036558640618263,1.8662521700621681,8,0.7224852375886215,-1.5794929414166816,-0.671993080666315,1.6132084143503675,-0.5252945312906689,-1.8662521700621681,0.694931473280672,0.02985671256817568,0.06233443217690393,1.2260465177167745,-0.761552590203884,-0.6222277808503307,0.13363186690231998,0.17588250575752795,0.0,0.0,0.0,0.0,0.0,0.0,0.0,0.0,0.0,0.0,0.0,0.0,0.0,0.0,0.0,0.0,0.0,0.0,0.0,0.0,0.0,0.0,0.0,0.0,0.0,0.0,0.0,0.0,0.0,0.0,0.0,0.0,0.0,0.0,0.0,0.0,0.0,0.0,0.0,0.0,0.0,0.0,0.0,0.0,0
26.097165454779358,0.4817948387535083,1.9601918159040856,52.8346198513411,0.7085300143694818,3.1254378993100005,16,-0.09281121034190676,-0.24426594167795912,-0.6776201134184952,-1.2526919058900816,0.5968649457485533,1.5354856982359877,0.5816826037913714,1.5899522010740128,-1.5697327181603598,-1.38740968781903,1.266752128484466,-0.7292054661010212,0.042996191432635555,0.7017888390091187,0.0013848777838241233,-0.38370795665219504,-0.6721458604090849,-0.6201826414959584,0.16559730102463988,-0.09907629643720384,-0.1491802966159277,0.924506570562059,1.3047874742035326,-1.1978236787076213,-0.21564354413350983,1.1824985504335856,-0.5925500090539018,-0.08168671412939688,-0.1696896496697704,0.6443252870704939,0.0,0.0,0.0,0.0,0.0,0.0,0.0,0.0,0.0,0.0,0.0,0.0,0.0,0.0,0.0,0.0,0.0,0.0,0.0,0.0,0.0,0.0,0.0,0.0,0.0,0.0,0.0,0.0,0
26.08520904436179,0.5002359790046598,1.7463581379171274,53.005195700371864,0.6931975805837315,2.633532007002259,17,0.010440167202439454,0.42686271218216376,-0.07113623392100621,-0.2505555028713218,-0.019197352872691198,-0.6093298843323254,-0.621973643859409,-0.5483751791625906,-0.011253529575949273,1.013216828245227,-0.561478852638917,-0.1446601990138987,1.4888406707409523,0.6650109745269219,-1.1165297123686635,-0.8528451257817906,0.41245174138907714,-0.11715318031442479,-0.04292001339855034,0.05427372906714112,-0.797232232279466,-0.5513818009790796,-0.2021279212595246,1.892509263860724,0.8751308224952759,-0.24582495216375833,-0.22967136923942988,-1.8821268668590463,0.18215962918408835,1.6135823767444748,0.5774262447232843,-2.119162564723929,0.0,0.0,0.0,0.0,0.0,0.0,0.0,0.0,0.0,0.0,0.0,0.0,0.0,0.0,0.0,0.0,0.0,0.0,0.0,0.0,0.0,0.0,0.0,0.0,0.0,0.0,0
29.21233396719082,3.9837328954189917,11.80134776548244,51.61487342303841,2.2243646243920536,6.675493506190406,12,0.8368829289534361,0.7361972029904322,-1.3881372320458851,0.3252769287867281,1.1681224237604049,-0.7982214791912341,-0.21709028808571773,0.23901650234322602,0.0661574096230737,0.49505244380083724,1.7532288559293008,-1.7522532443691219,1.315311312258892,-0.6932520362771086,2.2721282186259835,-0.9922723707529002,2.2384474528622498,-0.6719929305832508,1.7707867901017593,-1.8659768695746664,1.4342555904064938,-0.6355935215861876,0.0,0.0,0.0,0.0,0.0,0.0,0.0,0.0,0.0,0.0,0.0,0.0,0.0,0.0,0.0,0.0,0.0,0.0,0.0,0.0,0.0,0.0,0.0,0.0,0.0,0.0,0.0,0.0,0.0,0.0,0.0,0.0,0.0,0.0,0.0,0.0,1
25.991024013969,0.28037248443661433,0.8003884277629538,53.66412346110887,0.5409433393227311,1.6564295083684542,7,0.3298123885750712,0.2635783052699665,-0.0072227182473803,-0.12904047909543692,-0.6719841419886592,0.6689062089511921,0.23400516457298792,-1.6564295083684542,0.5663832631899659,0.21434668500813814,-0.6233162378415287,0.11476957903486351,0.0,0.0,0.0,0.0,0.0,0.0,0.0,0.0,0.0,0.0,0.0,0.0,0.0,0.0,0.0,0.0,0.0,0.0,0.0,0.0,0.0,0.0,0.0,0.0,0.0,0.0,0.0,0.0,0.0,0.0,0.0,0.0,0.0,0.0,0.0,0.0,0.0,0.0,0.0,0.0,0.0,0.0,0.0,0.0,0.0,0.0,0
25.907604093027995,0.4583137741972005,1.6101051147073449,53.07884615347831,0.7651479251969162,4.206970788649471,23,-0.802615959259704,0.5743156370158999,0.16865720493657932,-1.2852196833095846,0.5923790929552695,0.4947134216076208,-0.24711625883753996,-0.4438310897538358,-1.1989075983039328,0.3923458344737085,0.3253178129555536,1.5311382595168155,-0.11896315358824694,0.5898499111288089,0.6336992391082035,-2.3566897405613503,-0.4636010896618785,-0.05202564412503108,0.05004661899912577,0.7547897445081588,0.07379452322297553,-0.2492776826309253,0.30270085744863806,0.4485613922740157,-0.31601619043592066,-0.64487958743495,0.6147214470889715,-0.04577173402206114,-1.029466291493101,0.49892439877435635,-0.19473536984233775,-0.15952578020337427,0.41381330185905085,-0.5793600617886554,-0.1821706994555008,0.4847375665369853,0.5362467966789488,0.0021317978652248826,-0.2277347701078405,-2.3085854578418648,-0.44949519048802955,2.1616604338212397,-0.009430843022549595,0.768158489277539,0.0,0.0,0.0,0.0,0.0,0.0,0.0,0.0,0.0,0.0,0.0,0.0,0.0,0.0,0
26.175606190193616,0.37356136638892457,1.2706045908249415,53.06968991040759,0.6362674872043416,2.976408499330539,24,0.03644917563889649,-0.024184484537158824,0.1603585073934184,0.5867340074519944,-0.9523119379239233,0.24690448513857888,0.4780734253063841,-1.7858742449252887,0.654195439658185,0.6651609798629465,0.054041045017328315,-0.037651785988202846,-0.6827027059022761,0.43534155734175073,-0.3783562118798329,-1.4113624601953703,0.7834274246466926,2.5008277689840455,-0.24950691476067988,-0.8587220590275706,-0.010791300558246064,-0.15575062231265235,0.13056803776711945,0.7114114051605043,-0.8632429201377185,-0.18995190296662656,0.8989222970988244,-0.00863500244395965,-0.34630218753572706,-0.4178991937307188,0.4934855283411359,0.09627540054072625,-0.5605148275626277,0.591679194457555,0.28147390229748837,-0.24980844851889117,-0.06303618519261178,0.956981959188127,-0.5016444136414364,-1.2705104232148159,-0.17789490999312108,0.40844662982495805,0.8542025952552734,-0.6189476387431867,-0.8317683885962595,0.35735888747056066,0.0,0.0,0.0,0.0,0.0,0.0,0.0,0.0,0.0,0.0,0.0,0.0,0
26.13097025146246,0.4286134060073682,1.6623740013154276,52.856526166716755,0.7121590823975353,2.709047934835162,17,-0.25099476137179977,-2.0057240462341,0.2633290475864136,2.332280098631891,-0.4372853068437301,-0.45395300922069737,0.02952255636024148,0.04898883088220174,-0.3583370428609953,-0.01686934485962155,0.045497967412718054,-0.5518103829393866,1.0071514299407767,-0.38470629515630606,-0.41692308083410623,0.8338565738002544,-1.0028692611380947,-1.1409747854826122,1.2983649067272367,1.2920660693930657,-0.4660906736009025,-1.0479469472667091,-0.4590363863633371,1.5954558748602423,1.2891361545524305,-1.913991261536566,-0.2634605698453001,1.1061754362586242,-0.2516059914846558,0.09483132212983492,-0.298261453813204,0.9156457553409467,0.0,0.0,0.0,0.0,0.0,0.0,0.0,0.0,0.0,0.0,0.0,0.0,0.0,0.0,0.0,0.0,0.0,0.0,0.0,0.0,0.0,0.0,0.0,0.0,0.0,0.0,0
26.018695806445137,0.5663746985272168,2.2015806879421334,52.94608335168266,0.9348367703671377,3.2967916327362943,22,0.2572777595406812,0.668838046144927,-0.08721487818073115,-0.4019026413803459,-0.4749373796823626,0.9472506297815855,0.8937996715037926,-0.12951336087258625,-0.5574397625679559,-0.03578848683703484,-0.29323333365856996,1.869512244905735,1.4140014718388834,-2.444167293634152,-1.2797079505015034,0.877510030336353,0.18557860928967784,0.35263122083027554,-0.03975174842170759,-1.055048406714299,-0.15266747776577105,1.1734393946549915,0.2892796579976107,-0.7091203806399236,-0.6468323070678217,0.6192956485945302,0.7207716478073429,-0.38584665417241126,-1.1774487074577458,-1.5540255792325155,0.23014213856765053,2.6853039506656344,1.5618971492128217,0.6114876820706598,-1.5409522869451493,-1.7977699978311037,-0.35188941265753826,-0.5769582959454311,0.36427134148533824,1.9231718184338291,1.4857367191314594,0.30749614535343284,0.0,0.0,0.0,0.0,0.0,0.0,0.0,0.0,0.0,0.0,0.0,0.0,0.0,0.0,0.0,0.0,0
26.069774232656922,0.5007676232525525,1.6997414818128114,53.029913042973234,0.5747137317870821,2.1167355090328,14,0.9524796600272225,0.040651678452697126,-0.9871274525551037,-0.10348663226651666,0.5623795938197986,1.480230508777808,1.1035545464525072,-1.0585121249935554,-1.4504356331416695,1.5543328364719855,-0.046456815248848926,-1.373756455689474,0.9339176509552019,-0.3330276048697698,-1.1367666843774948,-0.0252110337956708,1.1360000208050955,-0.38474041467788567,-0.733011838885222,0.7371567218899955,0.6419336186910698,-0.25018821318275997,-0.23220109944402623,-0.4206538218403466,0.06811709809279165,0.44410021656014464,0.0,0.0,0.0,0.0,0.0,0.0,0.0,0.0,0.0,0.0,0.0,0.0,0.0,0.0,0.0,0.0,0.0,0.0,0.0,0.0,0.0,0.0,0.0,0.0,0.0,0.0,0.0,0.0,0.0,0.0,0.0,0.0,0
26.120027376760152,0.4175195269798526,1.4640346462648033,52.603710168749146,0.9506146329792011,3.892987515815207,18,-0.4764681867532623,0.900052779757857,0.5052101347218887,0.6797594448327757,-0.9333985321454001,-0.9997924385826096,0.07961949818876946,-0.9237369370173738,0.9227682824142036,2.6737239566071054,-0.5061727606735715,1.2192635592081018,-0.08815470197609443,-2.7755003111630785,-0.3364923647787599,-0.1234840628081173,0.8620023837334614,-0.5738130881416197,0.5304643093567947,0.42072027921163624,-0.6288893265670481,-0.565314654214383,-0.5283766814120945,0.17828871805964042,0.9179632275460392,1.0457759503331943,-0.5137001101793572,-1.2650215980698718,-0.3961910884275568,0.0884834313241285,0.8543355007061813,1.3403576886334037,-0.7280460501068831,-0.6595913459106342,0.0,0.0,0.0,0.0,0.0,0.0,0.0,0.0,0.0,0.0,0.0,0.0,0.0,0.0,0.0,0.0,0.0,0.0,0.0,0.0,0.0,0.0,0.0,0.0,0
26.23340753210806,0.38921953175323476,1.207206292889822,52.698247839414705,0.49287079087032154,1.5290131560563438,8,0.0914497292048182,0.017783333217977315,0.24122149565235773,-0.95545151585344,0.7776651731177502,0.41570356990130364,-0.33448891613948106,-0.9892652101042074,-0.6777746490669578,1.2175708763795825,0.2846099099545185,0.11161625544654186,-0.47955263763790157,-0.029620144207186172,0.0,0.0,0.0,0.0,0.0,0.0,0.0,0.0,0.0,0.0,0.0,0.0,0.0,0.0,0.0,0.0,0.0,0.0,0.0,0.0,0.0,0.0,0.0,0.0,0.0,0.0,0.0,0.0,0.0,0.0,0.0,0.0,0.0,0.0,0.0,0.0,0.0,0.0,0.0,0.0,0.0,0.0,0.0,0.0,0
25.968260674087297,0.4767472718849905,1.7020438102780098,53.081535637378295,0.6479622754360889,2.227281732815925,10,0.8249497383789901,0.0867051056178525,-0.05391929761708525,0.5040296994980622,0.05211964646453282,0.7942515043065725,-0.04830585821862243,-1.583630535981321,-0.1659921129372819,0.9431583419639082,-0.5415929084601174,-1.212376465979787,0.6906210247842814,0.9221346046319141,0.5467893305535583,0.5126041490822999,0.3973742473297541,-1.809171826532939,0.0,0.0,0.0,0.0,0.0,0.0,0.0,0.0,0.0,0.0,0.0,0.0,0.0,0.0,0.0,0.0,0.0,0.0,0.0,0.0,0.0,0.0,0.0,0.0,0.0,0.0,0.0,0.0,0.0,0.0,0.0,0.0,0.0,0.0,0.0,0.0,0.0,0.0,0.0,0.0,0
25.993101684661163,0.5736737070980894,2.627449548769448,52.84209541650884,0.97248149971305,3.9650250935834777,27,0.20989245490003228,0.9093681424436681,-0.09375324693039389,0.07071416349644011,-0.594771587185388,-0.42314161973583,1.2701468381557,0.018039313908793986,-1.0311400788206484,-0.7651306016131656,-1.5963094699487996,-1.1690086722980055,1.3866812883834534,3.5594848253113796,-0.09341244231101697,-2.4145396767122023,0.6322102121833062,0.9161383742169562,-0.6232172412827062,-0.2682829485790492,0.7750776555086354,0.8448364383463058,-0.2704353117062155,-0.6258402710331126,-0.7790949169383836,0.0308349916878754,0.42985856292931857,-2.2302073608807476,-0.3175800543319909,1.4407833403733434,0.4801460455645348,1.262377695312999,-0.4831247570443935,-0.071971857221655,0.42796304887209047,-1.2850568389513128,-0.1733704907497362,-0.5011006072831279,0.06004124815529366,1.3636863115552416,1.1015818172389622,-2.426682684414992,-1.205712803252652,1.4064798371664367,-0.7869739304549945,2.3270682619944623,1.4751296161757708,-0.2520749970252325,-0.003935121466170699,-0.7662543760868985,-1.4934480377994177,-0.1439304354271158,0.0,0.0,0.0,0.0,0.0,0.0,0
25.76859892258175,0.5011391922023682,1.6993276830684536,53.21690327501992,0.7473871646179684,2.8291497609125855,19,-1.2061814381075529,-1.750608168120614,0.8768427731325446,2.1617229164858074,0.14221378922105998,-0.23052234397334104,-0.1353110079970854,-1.137532855049713,-1.3328694025606111,1.0750811618393783,0.5811794673673489,0.19667582657255167,-0.20940945918280462,-1.0150488818775543,0.5696583079808555,0.47216103059884773,0.3860065257946701,-0.8450887281075126,-0.3300162109868161,1.4712676383353624,-0.04941322084609112,-1.417640811472566,-0.5600451142105811,0.6127554529944703,0.24613200579784333,-0.28549149317351663,0.14663792612225635,-0.4315963338248494,0.9185974552317724,-0.8977455679492863,-0.22526831838171546,2.072703456726522,0.17641131950139055,-0.737295729381394,-0.1610050905449114,1.4937420335674574,0.0,0.0,0.0,0.0,0.0,0.0,0.0,0.0,0.0,0.0,0.0,0.0,0.0,0.0,0.0,0.0,0.0,0.0,0.0,0.0,0.0,0.0,0
25.731703604045144,0.48422902561102754,1.3898747226042119,52.86641281837096,0.774525261977035,2.267048246407221,10,-0.7210131533549351,0.6212572100390332,-0.05057080137025949,0.3073879583573387,0.6965328702218692,0.7091766154540124,-0.3354937555518198,-1.2925564036849266,0.6607264194534537,1.8655439225987251,-1.0002156631608514,-2.267048246407221,-0.3734949033567112,0.9153277133861337,1.2350975808647675,0.9616751194658946,-1.2512617369514167,0.04235095194686522,0.0,0.0,0.0,0.0,0.0,0.0,0.0,0.0,0.0,0.0,0.0,0.0,0.0,0.0,0.0,0.0,0.0,0.0,0.0,0.0,0.0,0.0,0.0,0.0,0.0,0.0,0.0,0.0,0.0,0.0,0.0,0.0,0.0,0.0,0.0,0.0,0.0,0.0,0.0,0.0,0
25.863736349000547,0.2890885636067565,1.1879356116685038,53.19562844638918,0.7715161756285946,3.413209351297276,24,0.2104039549030361,-0.15910206301468577,0.33884233620233317,0.7997077027757413,-0.31556173177450475,0.44102859258278926,0.1635766001393968,1.6396691388364673,-0.03191784907365758,-2.5575620167471698,0.34419541976454937,0.8900719724930113,-1.0468547033937696,-0.9734787514748291,0.5401845445709839,0.9606870872263826,-0.3729204690362309,0.4366172311213603,0.6286878069823842,-0.9387229904258803,-0.4827728104908324,0.46617412174229855,0.874756539642199,-0.213194412899675,-0.6753302517692745,-0.34706181322381013,-0.08250785587424758,-0.3504727824680458,-0.1285513530268183,0.06110395627640486,0.5421540897038497,-0.7776755657596297,-0.7601821392727999,1.888267941199814,0.5881241630659808,0.6669663064297708,-0.01163015461300887,-2.6249296347872786,-0.20285826312987254,1.9582943659430967,0.37051918488340263,-0.8659966945719759,-0.3409758394251021,-0.4763968824524625,0.37376620666474736,0.6265113996588596,0.0,0.0,0.0,0.0,0.0,0.0,0.0,0.0,0.0,0.0,0.0,0.0,0
25.98552783393075,0.604011188133792,2.455256809574827,53.01466804980202,0.7090864773372144,2.327474006401772,14,-0.024987584423985965,0.5434237355134641,0.7601610177145162,0.06596826813868262,-1.463312043297634,1.3171257552027384,0.5911089007219772,-0.9694730408029528,-0.705996149728243,-1.1727505554135647,1.0553349819965447,-0.04513663961264314,-0.31295323278066434,1.3456555188109576,-0.11328694948177187,-0.71123366800974,0.5021878068858889,1.2988275564805818,0.16440938219427892,-0.7202721111487449,0.28549648497990177,-1.2480447774127015,0.8740683357806489,-0.10504628929296445,-1.7501126492165149,1.2167649761644483,0.0,0.0,0.0,0.0,0.0,0.0,0.0,0.0,0.0,0.0,0.0,0.0,0.0,0.0,0.0,0.0,0.0,0.0,0.0,0.0,0.0,0.0,0.0,0.0,0.0,0.0,0.0,0.0,0.0,0.0,0.0,0.0,0
25.975260703509186,0.4823162801888595,1.571586872824657,53.03233662856126,0.7737833588830169,2.766157175406967,22,-0.002539661219838507,0.4166209839787385,-0.9871596742369917,-0.40570451725621126,-0.1365112845530767,0.07118774510366421,0.38808804507399586,-2.353136587581915,-0.6096338056414226,1.4167808129977146,0.7698718983222683,1.0172493892759817,-0.5300304139440364,-1.7062281847001586,0.9517532129102158,1.0079040952343803,-0.8264110948805268,0.3422344462205942,-0.5860732766309411,-0.06128875742001583,1.571586872824657,-0.05924574870415,-0.608773386418715,0.18409312886982576,-0.07711655645589488,-0.3345350592938843,0.532629947263068,-1.3149376818553904,-0.11140914132402813,1.5759069942356092,-0.8167150231542912,-0.17776717987980106,0.15603596899213557,-1.387596009127357,-0.3315868220165896,2.263586929553618,-0.17574840253274004,-0.6767180090708251,1.0215222950201017,-1.5313488165803975,-0.093204112436851,0.45049852560424597,0.0,0.0,0.0,0.0,0.0,0.0,0.0,0.0,0.0,0.0,0.0,0.0,0.0,0.0,0.0,0.0,0
26.117148434850474,0.378987898224487,1.4616429601654275,53.01235407641475,1.0638117138374779,3.511667128783479,15,-0.6894314593694482,1.1147991439180416,-0.42873703595446955,-2.231483007537342,0.1696411606241668,1.6308632705863886,-0.5033034217127117,-0.9614881134524396,0.17285519372873992,-0.2302835876158511,0.8878091591556476,2.4755833642149696,-0.6044631695473015,-2.4713571993514734,0.36011627115211553,-0.6930338614150671,-0.8261296582421664,2.218502363528998,0.8680022248401684,-1.1593556434460552,-0.5221261866784737,1.4143434250640183,0.2125465652259919,-2.8207662131638997,-0.08341965584533284,3.284049689464581,0.06082482213264839,-0.7282198920974992,0.0,0.0,0.0,0.0,0.0,0.0,0.0,0.0,0.0,0.0,0.0,0.0,0.0,0.0,0.0,0.0,0.0,0.0,0.0,0.0,0.0,0.0,0.0,0.0,0.0,0.0,0.0,0.0,0.0,0.0,0
25.97865696949485,0.4198665523932631,1.7623281778344229,53.054465939743174,0.749546977086528,2.7555855858253437,17,-0.27605476166700527,-0.28559066028354607,-0.6785741188522536,-1.1119370301971543,1.7623281778344229,0.5445810635517745,-0.5487778675721557,1.0084907104425724,0.15366470460387305,-0.2850358434808484,-0.5161154623138593,0.033544547184661155,0.5829584907186884,1.1314353910794424,-0.6317700801137853,-0.6794727302305361,0.3732334862491875,-0.8902282434020776,-0.027433324557833316,-0.2297285229224144,0.5107668608289515,-0.22094641709651341,-0.24116551463760771,0.17627776250015614,-0.6367738821609628,-0.9114874346739583,0.6139081477701893,0.306436960106268,-0.4841980873083642,1.4990856871351,-0.22255375165224933,0.7016131149998017,0.0,0.0,0.0,0.0,0.0,0.0,0.0,0.0,0.0,0.0,0.0,0.0,0.0,0.0,0.0,0.0,0.0,0.0,0.0,0.0,0.0,0.0,0.0,0.0,0.0,0.0,0
26.144182913944732,0.38813977489976187,1.2666695335532978,53.29784850756099,1.1569741718643907,4.16450878461923,16,0.2782271482232552,-0.5404437749777244,-0.5992863284515266,1.1088685311236546,0.8931110723409041,0.48344999536633537,-0.16160601392904184,-1.9202283520973467,0.5016592615713975,0.7514512904121631,-0.14416690001939259,1.1289760954683388,0.1518108106638536,-2.3889045350889617,0.023581385579895198,-1.7358032833134232,-0.9763092840620295,3.0008137339040886,0.6017659913362721,-1.0798977328240582,0.09747379938260181,-0.6531043051128549,-0.6490682459502324,0.39201179693158394,0.9284176566390698,-0.6782132249116657,-0.6709673056057817,2.6072789532362677,0.374190459098358,-0.19593120696105615,0.0,0.0,0.0,0.0,0.0,0.0,0.0,0.0,0.0,0.0,0.0,0.0,0.0,0.0,0.0,0.0,0.0,0.0,0.0,0.0,0.0,0.0,0.0,0.0,0.0,0.0,0.0,0.0,0
26.01974287312642,0.5737083966516295,2.151006003706623,53.38931090568006,1.0030488977583427,3.8388080978515333,20,-1.1110560448961344,2.337559604128444,0.5038611208474961,-1.6453927616950779,-1.4771623345614806,-0.6899926184674001,0.5023316172544021,0.5262215625840483,0.6746338787577564,-1.9736859148612922,-0.5489270459259536,2.4363423362516627,1.5229675536204184,1.2326390674348104,-0.7206611787129482,-3.7249397690982846,0.1839759797807865,1.441459571214132,-0.4974290265093586,0.145656709627346,-0.48709080685152983,0.7844534015636739,0.24219886884438324,0.984597636001979,0.38659538090062284,-1.3784748412559793,-0.44614790901768586,1.4071277612959747,0.6545536650681036,-1.5770874778646942,0.020111488738720595,0.2247930735292556,-0.35321683263252623,-0.09855060210878008,-0.9153081954782927,0.7136513734758623,1.7702100103414793,-1.3140966728922336,0.0,0.0,0.0,0.0,0.0,0.0,0.0,0.0,0.0,0.0,0.0,0.0,0.0,0.0,0.0,0.0,0.0,0.0,0.0,0.0,0
34.77269332395536,6.542409222580435,19.853936589018737,46.85139745139837,3.8025026887738522,9.94209148438729,18,0.6071643704842984,-0.22068021242530733,-0.9660433106369908,-0.30215752084222913,1.5858441544477664,-1.2075113471281895,0.6606514812364992,-0.7103907953250967,1.7616584585524677,-0.4318978905382522,1.5220918451738967,-1.175417255546236,1.2230479438269235,-1.32931791733224,1.22109975467869,-1.5432888775165523,0.9961939247516653,-0.7846532830379047,1.9496864374367675,-0.9909537338925034,1.3106568330837405,-0.748756474950433,1.3131391762121893,-0.49706617585234625,1.174765355448372,0.0,1.637347647307081,0.0,1.3591107340742496,0.0,0.8372894595354268,0.0,1.3013533832530015,0.0,0.0,0.0,0.0,0.0,0.0,0.0,0.0,0.0,0.0,0.0,0.0,0.0,0.0,0.0,0.0,0.0,0.0,0.0,0.0,0.0,0.0,0.0,0.0,0.0,1
25.832443857717028,0.5106522622767635,2.591394684281262,52.775500747356595,0.9565941716703923,3.22880926341805,23,-0.3465237479374359,-0.050450538149938495,-0.4551863412383881,1.5742147809162006,0.04438843497273126,-2.6135322874659295,0.04814473262831598,0.05280013257360139,-0.10326071202699438,1.4442466216027228,-0.3257540283933196,0.5705252862216028,0.16112259727819378,0.09328250481392075,0.6909354727496257,-2.589277822454804,-0.6221880376364552,0.023172164246766158,0.33902766401492457,1.3267897100135357,-0.01747394453084894,0.6608589614012246,0.2289349028091081,-0.872243926636088,-0.5596101411757175,-0.6366316876074123,-1.3239847381295462,-0.07692106303444035,1.3458625236318547,1.847542790239018,-0.15378764987789495,0.024324211637640758,-0.5882920791665249,-0.34877269537665967,0.7736729971144101,-0.5445651100166344,-0.0656341237989615,-0.6540780127937822,0.3285748037054397,-0.8323458141119957,0.27589615405552337,0.32467715115304685,0.6751020586174157,-0.42866037782338395,0.0,0.0,0.0,0.0,0.0,0.0,0.0,0.0,0.0,0.0,0.0,0.0,0.0,0.0,0
26.192388942673098,0.5961075356268251,1.9070637644001707,53.57992943098426,0.6208243895839108,2.1804153632870324,10,-0.6677373638864594,-1.9453677097864315,-0.03572654700238331,1.0538204348572506,1.7611034727791264,-0.23999127792407648,-0.485085053780125,-0.9527742190501698,-0.8352372223582556,1.0332421503778235,-0.3209218197450632,0.02485400258296977,-0.2658196685167269,-0.09066476815895896,0.1251121363858303,-1.0635339761854397,0.6650477884949311,0.9037749353718638,0.0,0.0,0.0,0.0,0.0,0.0,0.0,0.0,0.0,0.0,0.0,0.0,0.0,0.0,0.0,0.0,0.0,0.0,0.0,0.0,0.0,0.0,0.0,0.0,0.0,0.0,0.0,0.0,0.0,0.0,0.0,0.0,0.0,0.0,0.0,0.0,0.0,0.0,0.0,0.0,0
34.12967807907896,4.788346013205257,16.867695484104377,45.73462427763457,3.3353515973567647,9.857927885227951,20,2.00793866853893,-0.7169770796811008,0.6757576101975182,-2.127422890161803,0.7336164892634685,0.18126628352290908,0.74460069885167,-1.2374134636666199,1.270835076700937,-0.9598286431263006,0.2093603621502247,-1.2231195509158894,0.8419898806366923,-0.7475484887958501,1.18158432264552,-0.7458901263067048,0.8785549138415405,-1.2114173696088812,0.39437862006688107,-0.6911117124072419,0.9973641394173001,-0.37846484408046877,0.6649911513703444,0.0,0.7393146359146243,0.0,0.9918929422768556,0.0,0.8908696255105255,0.0,0.8059915122293191,0.0,0.4375991140022748,0.0,1.5260404208747644,0.0,0.8750152996149865,0.0,0.0,0.0,0.0,0.0,0.0,0.0,0.0,0.0,0.0,0.0,0.0,0.0,0.0,0.0,0.0,0.0,0.0,0.0,0.0,0.0,1
26.00814560547864,0.4429091080238839,1.742753469760487,52.91863448507331,0.6019784784566498,2.046552606345564,15,-0.44531794622214704,-0.9198720235288462,1.0190331859793034,-0.023321060531571902,-0.8353372210799179,-0.7706792074976931,-0.4094020409922301,0.5792656840663426,0.5953289732340359,0.6195354762657033,0.48085402363712504,-0.6662903080575546,-0.18421447460120532,-0.8651911670619441,-0.5361042343029325,1.8566928732602648,1.1454461541880328,0.032790468663492334,-0.9239487827217658,0.006021659777324828,-0.8188046870387211,-1.3004389266042011,1.1533646053538398,0.7239209079896227,-0.3658549989611295,0.20822943062869115,0.03163997648125161,0.2839578133827487,0.0,0.0,0.0,0.0,0.0,0.0,0.0,0.0,0.0,0.0,0.0,0.0,0.0,0.0,0.0,0.0,0.0,0.0,0.0,0.0,0.0,0.0,0.0,0.0,0.0,0.0,0.0,0.0,0.0,0.0,0
25.79412799747615,0.5148734776998263,2.323700356293749,53.034302631815216,0.7950628889148916,3.0932928974877214,23,-0.22090389480478123,0.6766738083929766,0.04010342651593746,-0.31197818613112105,-0.12784283422905673,0.859532195918149,0.352475840108486,-1.0023083661848986,-0.9990076193702748,2.1632252291539444,0.9144959454184161,0.1286112497281735,-0.6503815159403494,-0.577223670284134,1.0401297605388962,0.1948454565160631,-1.1622332013366297,-0.656343445239564,-0.5515155907765958,0.7715371764130978,0.34880433536767086,-1.1065666196935453,0.8208475370417112,-0.18641860928909892,-0.7481813860565545,0.9603776890125957,0.12322714595939743,-0.8395499493392009,0.3043864548656927,2.018878938514284,0.6133017584689959,-0.8672774783989041,-0.6481798484053876,-1.289258606615121,0.27877685823516174,0.31115712581182464,-0.008199748086934022,0.022271785058876503,-0.6095611265634346,-0.4879871032885177,0.9260622435523516,1.3113440896903867,0.9224161319150781,-1.4089733086277292,0.0,0.0,0.0,0.0,0.0,0.0,0.0,0.0,0.0,0.0,0.0,0.0,0.0,0.0,0
26.116571950175047,0.4913153597717343,2.0164540593540785,53.030015382376746,0.6755617921270365,2.21207217916767,20,-0.7124549182358635,0.15212338254888635,0.5377385718816399,-0.5615324169424412,-0.3201723796600362,0.9120488452186066,-0.3767438197367845,-0.12464688768781684,0.3603421778585947,-0.5229350764672276,0.3893004708174779,-0.537917082523542,0.08317044208606816,-0.9621411850972166,-0.8521281986464828,1.8024879479931073,0.16539120209894875,-0.4156441859105158,0.831166498209047,-0.7605008367041677,-0.10825409353867954,-0.31372202747241573,0.18947728471524528,1.4330824915022973,0.24036388256510222,-1.8101353368001725,-0.4149716587929788,1.520702007248616,-0.4763473683807362,0.4351273773800699,0.26482854262639677,-0.23492601820181136,0.7725238214227304,-0.7525061286200554,0.5522759484290027,-0.6869077680931781,-1.1506763160215137,1.4691149794160836,0.0,0.0,0.0,0.0,0.0,0.0,0.0,0.0,0.0,0.0,0.0,0.0,0.0,0.0,0.0,0.0,0.0,0.0,0.0,0.0,0
25.75721104871241,0.543912390847987,1.7594735267903268,53.18616345537687,0.8674392789960651,2.784417864251793,17,1.2789466779125611,0.14624845747073323,-1.0289765431432834,-1.3705549165903719,1.198994332989347,-0.9588705642678335,-1.1634389946099617,0.4344283901707797,-0.40742235064426424,0.3627780884136058,0.5540019640358409,-0.18987082309296,-0.12968105009619535,0.5427836666999539,-0.0025444438794401947,0.510367458856777,0.5918404748148873,-1.4242317100284225,0.1398818649513558,2.3572029259605856,0.6059747169638783,-1.4744200118290607,-0.8724136482932892,1.0267312154062367,0.32460514059090784,-0.7475679878704184,-0.8078877058306837,1.386216651564716,0.21072398414011317,-2.6554673222575502,1.1039818490988011,0.5195361397577045,0.0,0.0,0.0,0.0,0.0,0.0,0.0,0.0,0.0,0.0,0.0,0.0,0.0,0.0,0.0,0.0,0.0,0.0,0.0,0.0,0.0,0.0,0.0,0.0,0.0,0.0,0
25.98493899585275,0.511319063426917,1.633346661424433,53.00146076494605,0.7957295493631144,2.7229613729300013,14,-0.12205458771944322,-1.1755602250539994,0.5486881447927594,0.2296709981898104,-0.3872856614863487,-0.45719461432636166,-0.21893301453900804,1.9661363969766725,-0.6657571096674566,-0.5123971075061604,-0.3176733224226922,-1.6130203071444171,1.6160037633954936,1.1337757046313612,-0.43574117921592403,-1.1856858716006755,-0.31719734628426366,0.05136806064863464,0.3974220036225482,0.2959919222869942,-0.3958501398464769,-0.13199204860798375,-0.8819799997003166,-0.7610017256377546,1.507106140904341,2.3084519244176462,0.0,0.0,0.0,0.0,0.0,0.0,0.0,0.0,0.0,0.0,0.0,0.0,0.0,0.0,0.0,0.0,0.0,0.0,0.0,0.0,0.0,0.0,0.0,0.0,0.0,0.0,0.0,0.0,0.0,0.0,0.0,0.0,0
25.7897724912441,0.4999982630665324,1.2515429015222779,53.103036792726165,0.4641752857458207,1.4046214997854989,5,0.8653696331505216,0.062317534624661164,0.12133417874569119,-0.8893700112295448,-0.8902216056787395,1.0643516493786223,1.1550606953048046,0.34026985040687663,0.0,0.0,0.0,0.0,0.0,0.0,0.0,0.0,0.0,0.0,0.0,0.0,0.0,0.0,0.0,0.0,0.0,0.0,0.0,0.0,0.0,0.0,0.0,0.0,0.0,0.0,0.0,0.0,0.0,0.0,0.0,0.0,0.0,0.0,0.0,0.0,0.0,0.0,0.0,0.0,0.0,0.0,0.0,0.0,0.0,0.0,0.0,0.0,0.0,0.0,0
25.970869235699883,0.5957409594034866,2.113182946538089,53.293172240036675,0.7150751026075537,2.6815724405860664,25,-0.4247894138704318,1.240853490340342,0.05689715964923181,-0.5081862479901886,0.4137708057452585,0.7805119009132753,1.0936396505566286,-0.010088892933417526,-1.470466857942153,-0.490730029897847,1.0616195872059997,0.3765584694859214,-1.1813807423118021,-0.40846784152760307,0.35881348557893133,-0.12531472233623475,-0.3892873610257155,-0.5635166033660681,1.8524653263400452,-1.0945665618826936,-0.6081438544009394,0.8460636649728173,-0.12752836559967662,1.6654164436229593,-0.025519534484718776,-0.9270927898158448,-0.7288266139458663,-0.5522381171314095,0.42145355109798643,1.2829305073169124,-0.5404531164178223,-1.3195862721250293,1.8697355539490808,0.9244372959620577,-1.909425440368313,0.4975722671019369,0.13205233338201694,-0.5779274828983247,1.2321144638641428,0.3635539072207621,-0.8541989973061703,-0.4713183707389774,0.3543566564104381,-1.9019033854781497,-0.34274143460207185,2.5724588374890374,-0.30391225353529094,-0.4067445834103296,0.0,0.0,0.0,0.0,0.0,0.0,0.0,0.0,0.0,0.0,0
26.08754171346104,0.40008492548723074,1.8495669008381554,52.96634560573149,0.8874763210170333,3.612326974756648,28,-0.04572625993096935,1.3535657156344243,-0.2674529101902898,-1.3536775047002507,-0.4809177264565925,0.5365057345744546,0.5507965260759455,-0.3172295427658227,-0.5195446479371739,-0.9769520768249791,0.4601794179662342,0.7883493859644872,0.4504444875495288,-1.7174022627337706,-0.40217207641084585,2.1196499306896825,0.6347412708362796,0.251555445691821,-0.4794759685340857,-1.0681164712580298,0.23911118043860569,0.24280455456840144,-0.028297135794144168,-0.6387397213062016,0.3452011785690452,-0.7006498026105064,-1.3561139726860034,0.5681243085269756,0.3910613565380281,1.726544527136511,0.2754447941567939,-0.7730203211758209,0.38639152048525816,0.418912967526623,-0.31615704458736005,1.4652615569671923,-0.0873907841324737,-0.8337260705191056,0.5183982577947539,-0.3678029812060899,-0.6840529059528251,-0.8190144989215824,-0.023260838871852485,1.6352993482251463,0.45252944404162676,-0.2593104554348358,0.936603101366206,-0.27369967721321586,-1.2068645516880991,-0.7184395810173001,-0.31321876924411995,-0.7356915963216011,0.03960800952423682,1.953480770236368,0.0,0.0,0.0,0.0,0
26.271258291761782,0.5221262323625682,1.597655959454137,52.9052459443555,0.7429787849850396,2.1722940140779556,8,-0.48372782546550397,-1.1225944109714732,1.0418750359817217,1.8150077665732312,-1.597655959454137,-1.1677071997804447,0.5841706574079595,1.1078890414598916,0.542926386252919,-1.5130666890824642,-1.057905524956844,-0.5994091666749384,1.063665014482197,0.809598440830932,0.0,0.0,0.0,0.0,0.0,0.0,0.0,0.0,0.0,0.0,0.0,0.0,0.0,0.0,0.0,0.0,0.0,0.0,0.0,0.0,0.0,0.0,0.0,0.0,0.0,0.0,0.0,0.0,0.0,0.0,0.0,0.0,0.0,0.0,0.0,0.0,0.0,0.0,0.0,0.0,0.0,0.0,0.0,0.0,0
26.290943929836033,0.5394902390906055,1.3467870266327218,52.53099810322992,0.8041809894377325,2.6854700347779996,8,-0.7858629604928922,0.2087802122925666,1.3332443640507705,0.6879392106419289,-0.1961719792752845,-1.6218458184162756,-1.110154058748929,1.7521113517215454,0.184413390540346,0.9333586830564542,0.8647096433707837,-2.09950442421259,0.27074566669503497,1.2525951849686692,0.0,0.0,0.0,0.0,0.0,0.0,0.0,0.0,0.0,0.0,0.0,0.0,0.0,0.0,0.0,0.0,0.0,0.0,0.0,0.0,0.0,0.0,0.0,0.0,0.0,0.0,0.0,0.0,0.0,0.0,0.0,0.0,0.0,0.0,0.0,0.0,0.0,0.0,0.0,0.0,0.0,0.0,0.0,0.0,0
26.014058841906852,0.5073037958359944,1.9593149153995952,53.07518992491294,1.0163424979082885,3.8605111140716772,27,-1.7688056275192636,2.12321945074504,0.9467568927398453,-0.9916411136030661,0.44992796047640127,-0.11145697084310058,-0.913050993851126,-1.0637842514804206,0.6305129451980989,1.3975157133422087,0.24917016170940087,-1.3441794506236278,-0.6645428992352294,0.15823108835441957,0.48311312272076634,-0.57398013691693,-0.7066596785606158,3.498249344334596,1.1142503700280102,-2.1988772380947808,-0.23614540518953575,-0.44918999167278173,0.10270095837007531,0.454267050409193,-0.40405634505309607,-0.36814698577932603,-0.7982924257319759,0.25828761564181235,0.7666142795175688,0.4408141794271927,0.9294383196090088,-0.6225080877699796,-0.35488770469185127,0.42423442206297324,0.36446535734384966,1.7671599597465146,-0.8449914345060172,-3.333090106161073,-0.37361327249908527,0.5560257394477901,0.6392630280518894,1.3055298503345512,-0.38936324634328656,0.6999183207927402,-0.18292462322642322,1.2990372034965958,-0.5884027173679804,-2.0621755330202873,1.0345109206186862,-1.3068436454938706,0.3013818129608197,2.1795039955430084,0.0,0.0,0.0,0.0,0.0,0.0,0
25.929689065980615,0.47711810191730025,1.8424374107730266,52.921317210576184,0.7366128139029046,2.8851277894438496,18,-0.4057988975099711,-0.5234425261961135,1.2972622760964079,-0.040052018660389876,-1.6072616227962264,-1.4249827462869291,0.35853299817690854,2.7336299813024,1.0066203852195983,-2.321383956979048,-0.26093751960598865,0.5995888448064122,0.7382215469825084,-0.13615348636679414,-1.0516670329484938,0.8680767423538072,0.706791678693623,0.03616776935197663,-0.4729346354452524,0.25390356125270586,0.36283003103706335,0.0355713251247991,-0.1896372777161872,0.815727008597591,0.16704268612200934,-1.6231077880754583,-0.14452725224681373,-0.42066685542523174,0.03926344902446388,0.4771473022460029,-0.6910243978441528,-0.6963311217559038,0.5821062557418664,0.6079887441049223,0.0,0.0,0.0,0.0,0.0,0.0,0.0,0.0,0.0,0.0,0.0,0.0,0.0,0.0,0.0,0.0,0.0,0.0,0.0,0.0,0.0,0.0,0.0,0.0,0
26.055660979205307,0.4429800597617088,1.5708890871007526,52.46453531893536,0.7379008898406854,2.547019429683246,8,1.3514904726231123,-0.5402985941272362,-0.9476481381248156,-0.48379036529019714,-0.623240948975937,0.8313383136111412,0.6221925913822623,1.7156811160721048,0.34265571674826845,-1.3903840789561102,-0.3251909680056322,0.20949155235573613,-0.10475734117012436,-1.08782801837404,0.0,0.0,0.0,0.0,0.0,0.0,0.0,0.0,0.0,0.0,0.0,0.0,0.0,0.0,0.0,0.0,0.0,0.0,0.0,0.0,0.0,0.0,0.0,0.0,0.0,0.0,0.0,0.0,0.0,0.0,0.0,0.0,0.0,0.0,0.0,0.0,0.0,0.0,0.0,0.0,0.0,0.0,0.0,0.0,0
25.964695847971065,0.44983337120872996,1.7989922187296727,52.95542502279548,0.9640712770727186,3.6112673604055416,26,0.10820680577100106,-2.379105852358151,-0.3936399663572665,1.0586933273468162,0.13069914706114005,-0.1537526171069672,0.7902690108807633,0.9750910779367388,-0.29063190389864957,-2.5995223444284647,-0.16884032495355683,3.3679190100610157,0.07748018192765116,-1.542795808341431,-0.024091786945255933,0.8229051729693921,-0.08178517407811725,-0.7810653117669872,0.3631179717195643,0.44188983093701495,-0.03697242642977727,-2.250834647676662,-1.0074614795375716,1.5492287086523504,0.7201003936589849,0.9861148673155142,-0.6871286067157598,-0.44722309170398944,1.0706983013982345,-1.5404587515523644,0.0660446766972882,1.3586127892827022,-0.689222727245987,-0.7041337757904955,0.24700997115348855,-0.06934154024954609,-0.9973406708937631,-0.4922200177146223,1.542115055607134,1.7115175161790717,-0.13155803692031043,0.39544945762281003,0.22020576074305964,0.8057029521817682,0.16822943929978962,-2.8753532207246195,-1.3553267166569398,1.7931364423755198,1.0560767473076105,0.052639367355546085,0.0,0.0,0.0,0.0,0.0,0.0,0.0,0.0,0
25.755098232846475,0.41827605035759713,1.333244726609358,52.96471775826419,0.7622094994136607,3.0238506010058046,11,-1.0803527362006164,-0.956060010912033,0.6588210479979573,0.15647232174544,-0.2177384163411027,0.0831756750834316,-0.6455122638506943,-0.03032345185551577,0.9875729551076482,1.4179908933044203,-0.6431734258273991,-1.532608245210831,0.632254679101365,-1.4912423557949737,-0.6871831900022123,1.2269491668010204,-0.3379333765943038,0.35219391212709183,0.4797955647694536,-1.06335720776854,0.0,0.0,0.0,0.0,0.0,0.0,0.0,0.0,0.0,0.0,0.0,0.0,0.0,0.0,0.0,0.0,0.0,0.0,0.0,0.0,0.0,0.0,0.0,0.0,0.0,0.0,0.0,0.0,0.0,0.0,0.0,0.0,0.0,0.0,0.0,0.0,0.0,0.0,0
26.110264279454782,0.44008228608121924,1.6195781154671032,52.694022924105454,0.9326909247633027,3.625271633510721,16,0.006339640892726095,-0.23812327739574357,1.0005939059008995,0.837394035835942,-1.2267696712895209,-1.9711541816136418,0.8136335437224531,2.9518826366245463,-0.5477863571380865,-1.6359462223277887,0.5030269802536402,-0.9260663371783693,0.26779728908680056,-1.0632590740045629,-0.5072377752088642,1.9685564405046705,-0.21935431946707595,0.3187894352082665,0.6030199947416541,0.06009887333499364,-1.3059078001681037,-1.40457575609436,0.8182614590866848,0.17638160441568118,-0.7098388929755615,2.068810410209352,1.0231429307986488,-2.326946971500057,-0.35074067535732567,1.3311031941890334,0.0,0.0,0.0,0.0,0.0,0.0,0.0,0.0,0.0,0.0,0.0,0.0,0.0,0.0,0.0,0.0,0.0,0.0,0.0,0.0,0.0,0.0,0.0,0.0,0.0,0.0,0.0,0.0,0
25.895071017334423,0.4928160628499606,2.233059559405273,53.25523114080329,0.8258363071912849,3.868317939232341,30,-0.13280216944006185,0.018255349330246418,-0.016672037546712204,0.7863264986482861,0.7858034773162466,-0.6678178995841293,-0.7012348760935545,-0.08871714015231902,-0.4074183979896375,2.06819203469248,0.5673763314787905,-2.603099941103409,-0.48746862053250695,1.653003486884245,-0.014176946933101675,-0.6984430080427231,1.2712099514377542,-0.6257233739301071,-0.8192119542427214,0.5002908334828078,-0.5471247875533614,-0.8610810077237261,0.5872428386119957,0.7230177154532811,0.0833791609453911,-0.07216730934511872,-0.1354452983902945,0.384237351380186,-0.1406981045143212,-0.47445763310390277,-0.44939895801567076,1.4263327418390972,0.48581557892345373,-2.0387924774975446,-0.18916937931576783,0.1549356926016543,0.33598156918544575,0.7423033886358965,0.2723391322782547,-0.8358678920426641,0.6643751595254415,1.182858712289402,-0.48829819320420853,0.5131227979139581,-1.7447613662010646,-1.4671718691538231,1.4685409575917667,0.48617269693782816,0.646694880261979,0.4532645229647727,-0.8291159060108626,0.18289646032904727,0.8490235386549578,2.075599872663439,-1.3301197181920266,-3.868317939232341,0.11357394235067275,2.2814032436959124,0
25.91566662056057,0.41283357269033805,1.6743697699876812,53.04604193285955,0.8177918551004109,3.8154517434777375,25,0.014478793524354217,0.3068856034486416,0.04832535493614998,-0.5290378398095683,0.4573284709084966,-0.40321056071188366,-0.13947007299987035,0.9255901272203104,0.21942059203482955,0.06756021453283978,-0.7253434690381546,0.5307012385514156,0.2233182507858622,-0.4184160352581685,0.9940664399332739,-1.2570296705070803,-0.449526981460064,0.8746275044390188,0.12600057706172407,-0.4338045270501212,-0.4394453691092295,-0.5273623233563711,0.2750694232649451,-0.6751008130953906,-0.38485785816574136,3.229300602445896,-0.6876958956347217,-2.2453188066169716,1.4428535873900437,0.3461729158712501,-0.4266293704693567,0.27679888527573837,-0.45710933515086083,-0.08649937670180208,0.3666509914542182,-2.1066053613059523,-0.23370862623552924,1.8846667896330018,0.982312522999166,1.5495148722799499,-0.4134554370615895,-1.5863927295218545,-0.9096987064611461,1.4775611152169148,-0.06776104025120233,-1.282959659877669,0.7669503010796497,-0.30604531563103876,0.0,0.0,0.0,0.0,0.0,0.0,0.0,0.0,0.0,0.0,0
25.794426382837536,0.45039451549869214,1.6227372278107879,53.03283084824931,0.7351898610945448,2.2270510098019187,17,0.2861634655787846,-1.9248832808300094,0.62154002813282,-0.11980127163374732,-0.46536254688253464,2.2270510098019187,-0.21186781360010087,-0.8352164787538214,0.043516707954882605,0.25276376375317255,0.6397905547830334,0.458717331433661,0.028438931179287863,-1.5413922489905119,0.48470704172104107,0.11315772760197973,-1.0213966860140182,1.1494278530843687,0.5087439358539854,-0.9330971654545763,-0.24300745658146283,-0.16880376728210678,0.6111095397824364,-0.5708519781387196,-0.26712116237372996,1.7310015368757874,0.16299875299846533,-1.1499807037828234,0.44448393527789776,1.1394239296403867,-0.5169186084785267,-0.30884712016030846,0.0,0.0,0.0,0.0,0.0,0.0,0.0,0.0,0.0,0.0,0.0,0.0,0.0,0.0,0.0,0.0,0.0,0.0,0.0,0.0,0.0,0.0,0.0,0.0,0.0,0.0,0
25.874497704591658,0.3356612716609725,1.0933084581104318,52.9611593755561,0.9806342281125361,3.941069548138799,23,0.9287982849109042,2.7193313444653313,-0.8839660725108622,0.28434523275424084,0.8123617854160905,-2.56597277916741,-0.7848253402073446,1.6051879676587575,0.5545361888399505,-1.0543198119253532,-0.7044547993268218,1.3564663812405584,0.91981828459922,-1.0140292051301785,-1.0067785049206641,-0.1891767341063897,0.7533144925079753,-2.0792253667087834,-0.2353986318668575,1.2965308529535164,0.14982318572663544,0.7193013144013065,-0.2488051356939458,0.14251646650322414,-0.011728056604678017,-1.1307999733130885,0.28702057569038075,0.38884974820888374,-0.5784597910498128,1.0257748367416823,-0.0029418417884130577,-1.549326197587348,0.32473628101413254,1.213552362765519,-0.019460320040295187,0.8833790462124114,-0.3039631620426846,-0.6819871219017841,0.9648055783595204,-0.039986308756674305,-0.6293440556731369,-1.8845105538749962,0.05390560771774844,0.9585909382078981,0.0,0.0,0.0,0.0,0.0,0.0,0.0,0.0,0.0,0.0,0.0,0.0,0.0,0.0,0
26.089003030904433,0.43282723961138275,1.931725342615053,53.20752533070969,0.8692907820666863,4.140682085909901,28,0.24701666679026246,-0.5989369279156946,0.18572115670812295,0.6236704151678367,-0.509464509745758,-1.148993897298638,0.27725173452137497,0.19403527571264334,-0.6687132551273152,-0.20879627106720733,0.1877034600238794,-1.285061105994103,0.7954760049266483,1.3670307457238167,-0.21640899505957023,2.7736513401860847,0.06240322239929341,-3.147470228302552,-0.8081273847839157,0.7026425918069705,0.5007003491692004,0.8361588427424564,0.0616245553199839,-0.5357121793231272,0.11880611941801078,-0.479274462753672,0.3471529322064377,-0.6533361216425817,-0.48606850094430243,1.8692679790706208,0.7726037426330983,-0.2669813651262487,-1.777780755287047,0.24793583589051593,0.8284713766836447,-0.080002476225431,0.6703342753005188,-2.196846091921131,-0.8893958623311278,0.8605744939589712,0.7900701155576186,0.530219007543046,-0.3679251139665105,-1.0097240917534478,0.9001705513709091,0.25681705791160425,-1.0246944499675337,1.016590973753459,0.006000976707714045,-0.03298255101864811,0.9701778607795326,0.9292245277756734,-1.0813226087773593,-1.9856919960026076,0.0,0.0,0.0,0.0,0
25.80590733160414,0.4789897054371314,1.5058202735414348,53.13564574312933,0.697213300243396,2.356053997522473,8,-0.8272197667389456,1.190428174890748,1.1499082954079327,0.37819829318037534,-0.7373266471145179,-0.7062015979250944,0.34436329822655765,1.493629127376444,-0.5156831157192201,-0.4911118128611278,1.2645584427406824,-1.2186417623407877,-0.35163159842586467,0.20408644223147832,0.0,0.0,0.0,0.0,0.0,0.0,0.0,0.0,0.0,0.0,0.0,0.0,0.0,0.0,0.0,0.0,0.0,0.0,0.0,0.0,0.0,0.0,0.0,0.0,0.0,0.0,0.0,0.0,0.0,0.0,0.0,0.0,0.0,0.0,0.0,0.0,0.0,0.0,0.0,0.0,0.0,0.0,0.0,0.0,0
25.954190754822246,0.479627282900391,1.8997720649291736,52.859573798584364,0.6627987982180253,3.017639307266819,26,0.08379874413590116,-0.10920638258065907,1.0146143002188417,-0.5495006074580218,-1.3506145067508832,-0.8260420987284434,0.7360522155208464,3.017639307266819,0.05858116982780359,-2.2003038333055684,-0.4608185358857888,0.04785692398797181,0.8633114083380811,0.7736518791106306,-0.6660336628168544,-0.9862487474673074,-0.14004400434688336,1.560124839463839,1.1174903991667549,-0.5289043435553324,-1.2421436808087591,-0.420676371852295,0.8102215024744694,-0.18275259233737984,-0.6731172373986745,-0.560625853169725,-0.3237175335714504,1.2110316925677154,0.44238068689715604,-0.1417069364300545,1.343091344660003,-0.6257659469514678,-1.8997720649291736,0.9360781927071997,0.37169208767270945,0.8451529471838057,0.9647479406026314,-1.2526639307104546,-1.0844531329413591,-0.20954906949124563,0.16894705718488723,-0.5707184972475687,0.3682953277848071,0.6412314665742258,-0.17976240321268477,-0.20824247004735952,0.3668585850389512,-0.501710790537615,-0.38580182379105565,1.1982261995826278,0.0,0.0,0.0,0.0,0.0,0.0,0.0,0.0,0
26.156155518362986,0.5047553910895242,2.034861766969616,52.96057422149978,0.681278633717732,3.260068309889725,20,1.0139265750545476,0.11345858732059355,0.11398324554334138,0.03118949670347604,-0.8403556627869264,0.6247311119505099,0.15210518528531125,-1.2425318945214272,0.25966174786312024,0.24696525236147693,-0.258141246915514,1.106362330041037,-0.053591577443473426,-0.21055947355448978,-0.4806563101873138,0.25432526293649005,-0.5816433862008132,-0.18822005487184867,0.14863038096411785,2.0511949929770594,1.8862313860054982,-1.9137694183178766,-1.0299542004782616,-0.4046544667825174,-0.2840712195981645,0.3841691478790281,0.7545053702546198,0.735058605719054,-1.006392615989867,-0.8556667455102343,0.666283120137507,0.5874853984109691,-0.25295811692657466,-0.23094591538722398,0.1914177337717824,-0.5491692329958866,-0.3982186851987315,0.32103310057967605,0.0,0.0,0.0,0.0,0.0,0.0,0.0,0.0,0.0,0.0,0.0,0.0,0.0,0.0,0.0,0.0,0.0,0.0,0.0,0.0,0
25.973896973665106,0.47236504954391534,1.6712002181387007,53.040363166791614,0.8606456179917636,3.6327562697697147,26,0.7822190561434894,0.1550710210132351,0.009342015928080372,-1.303351343105554,-1.5076233429540586,0.8393257291791016,1.2098798343132664,-1.431178504228491,-0.6331561797804248,1.6288597677386605,0.7036435189411634,-0.27337309575058555,0.27633733208358535,-1.1688664158343443,-0.16667032626814304,0.673409520425075,0.04934966955760345,1.185499037498019,-0.689151470763175,-0.7080729238542958,0.10139134294579222,-0.7061156449708861,0.5251318813633112,-0.0679901254056503,-0.2608767901038185,1.4167588905440027,-0.8071848139544571,-1.1953629164549469,1.2174256814692122,0.5693229391758123,-1.1774116480611845,-0.5068712299946796,0.8940853310109773,-1.4393796589128485,-0.058747491723579515,1.247169672425784,0.48715434710857153,1.4329610579755894,-0.7086755913528577,0.8047865617351491,-0.8965945347271393,-2.3338547630659647,1.0861285312430908,0.8853568909530267,0.09465400237784038,1.5963368497461303,0.3705110413434234,-0.9022344315750956,-0.8007645105013168,-1.9305757203377283,0.0,0.0,0.0,0.0,0.0,0.0,0.0,0.0,0
25.872747625194773,0.42681075406028973,1.319240661487651,53.03800369569359,0.48446322476690024,1.2994899228661225,5,0.4346637517963501,-0.18974190211502417,0.05591477466531458,-0.24899221962089513,0.05226568882009275,-0.5249504402758944,0.7763964462058937,-0.3358053608543088,0.0,0.0,0.0,0.0,0.0,0.0,0.0,0.0,0.0,0.0,0.0,0.0,0.0,0.0,0.0,0.0,0.0,0.0,0.0,0.0,0.0,0.0,0.0,0.0,0.0,0.0,0.0,0.0,0.0,0.0,0.0,0.0,0.0,0.0,0.0,0.0,0.0,0.0,0.0,0.0,0.0,0.0,0.0,0.0,0.0,0.0,0.0,0.0,0.0,0.0,0
26.165265373956668,0.4668481540429791,1.3847725589863735,53.146345637557715,0.7329125788214611,2.253932651245556,6,0.9055043460909431,0.2771968361948751,-0.5856464633939957,-0.480513516168827,-0.7295556977774282,2.253932651245556,-0.06957039781494956,-1.3820020742679233,0.658894249527556,-0.23494779330422944,0.0,0.0,0.0,0.0,0.0,0.0,0.0,0.0,0.0,0.0,0.0,0.0,0.0,0.0,0.0,0.0,0.0,0.0,0.0,0.0,0.0,0.0,0.0,0.0,0.0,0.0,0.0,0.0,0.0,0.0,0.0,0.0,0.0,0.0,0.0,0.0,0.0,0.0,0.0,0.0,0.0,0.0,0.0,0.0,0.0,0.0,0.0,0.0,0
26.240130996212702,0.32323034232284925,0.8609185853566856,52.82005677565383,1.0734988147943523,2.5623994107125085,6,0.0005980825964719827,-2.0231827161581677,0.8603205027602137,0.32917879780834625,-0.7685569595099295,1.744244644483608,0.4572605583110274,0.458186630491177,-0.4294994262470446,-2.5623994107125085,0.0,0.0,0.0,0.0,0.0,0.0,0.0,0.0,0.0,0.0,0.0,0.0,0.0,0.0,0.0,0.0,0.0,0.0,0.0,0.0,0.0,0.0,0.0,0.0,0.0,0.0,0.0,0.0,0.0,0.0,0.0,0.0,0.0,0.0,0.0,0.0,0.0,0.0,0.0,0.0,0.0,0.0,0.0,0.0,0.0,0.0,0.0,0.0,0
25.888607367273455,0.4579225392555951,1.807652386004282,52.76977067861002,0.6844363509733636,3.105419669541085,27,-0.7558804905521157,0.35635044636813973,0.41769715101159477,0.4169981286466182,-0.618337520920587,-0.7483187025494473,0.8912020412205095,-1.2558144182617141,-0.03302384889003207,1.0138807402223904,-0.006059613297765054,0.10436743821647809,-0.048023923059083984,1.7872382011914283,0.4637827728997479,-1.4205922804439837,0.5397749571309056,0.17425751934361955,-1.4616138900059532,-0.22898229161733497,0.18412933743637439,0.2668325388225625,0.48495157019273094,-1.164559922417098,-0.19871276390026793,0.44058224261149803,-0.024295030563106224,1.0796649929634725,-0.49790511359559275,-0.7085911991853351,0.4283501237495493,0.09752522958714849,0.005006162739142894,0.06488712050560252,0.33226367653396593,0.5666269331168579,-0.5631354653100296,-1.0631378864141325,0.8999118072033312,0.592604238174431,-1.078532127138299,-1.8025369045883934,1.4094424964815957,0.43312540734114435,-1.1859540035958922,1.0905384043535662,1.1300033568946795,-0.6852648580257679,-1.0960957603093497,1.6708141001497623,0.7902411167511154,-1.6411008491521173,0.0,0.0,0.0,0.0,0.0,0.0,0
28.863367361498625,1.7890307763121436,4.981473502835353,52.181719208326705,1.2853379997960612,4.004051985230809,5,1.5574319606201854,-2.506505851976925,1.1427857969028494,0.1876815877495801,1.484281878843973,-0.15781684011803776,0.7969738664683454,-1.5274108808854265,0.0,0.0,0.0,0.0,0.0,0.0,0.0,0.0,0.0,0.0,0.0,0.0,0.0,0.0,0.0,0.0,0.0,0.0,0.0,0.0,0.0,0.0,0.0,0.0,0.0,0.0,0.0,0.0,0.0,0.0,0.0,0.0,0.0,0.0,0.0,0.0,0.0,0.0,0.0,0.0,0.0,0.0,0.0,0.0,0.0,0.0,0.0,0.0,0.0,0.0,1
25.923754179880582,0.5864476489725513,2.9041865057099514,52.78133351730519,0.8211254690604459,3.2353893302812153,28,0.8673232628972976,1.4150070348244839,-0.038565658529559954,-1.4944137403770412,1.4813506867440545,-0.11809448631557018,-2.9041865057099514,0.8806626437210099,0.5027201134026882,-0.2982179129931879,0.695919136593016,0.9946819721220663,-0.06445494315867961,-2.8559657708064776,-0.26293409661640865,1.2445465332019339,0.03188616268830202,-0.7714514681466511,0.7519978679945218,2.124956405238322,-0.7622414744748411,-2.018875455301618,0.1495578451866777,1.2975973221490236,0.7690509430433679,-1.3093335356570321,-0.07693979690691322,0.6460211356309387,-0.6603523453758946,-0.3967533930442855,-0.4940228106305362,0.7907388701792755,1.1724505564644083,1.6279429160313086,-0.9095625351341141,-2.7628055474438966,1.1158467388228175,0.23026565142629352,-0.43623320344209304,1.3876863607478498,-0.30632584646780003,-0.5998509443976161,0.31587607918194394,-0.8958302648900158,-1.1952546712128154,0.6412616106800044,1.7161286960720652,-0.8340708997777284,-0.8447085012188467,0.8187732337207834,0.18807310109317044,-0.3853301251134482,-0.37170516338695947,1.0262047107787993,0.0,0.0,0.0,0.0,0
26.180014775055607,0.4719772636971733,1.9292982398620104,52.77881068796776,0.8294141211770929,2.821973996227598,12,0.7299611040111955,-1.6795235126985872,-0.6546257513986298,1.8445156733532144,-0.010881531389024701,0.9774583228743836,0.240181895144854,-0.3686837965507621,-0.32111885884477687,-1.1289575860092498,0.2944178179690091,0.08685894929322302,-0.38747372118746526,-1.3428460200581114,0.638309601057319,1.481654817190254,0.05752976848983593,-0.17446826220236034,-0.3029102863771804,-0.8411488488660908,-1.4827271733259515,0.2199505333567231,0.0,0.0,0.0,0.0,0.0,0.0,0.0,0.0,0.0,0.0,0.0,0.0,0.0,0.0,0.0,0.0,0.0,0.0,0.0,0.0,0.0,0.0,0.0,0.0,0.0,0.0,0.0,0.0,0.0,0.0,0.0,0.0,0.0,0.0,0.0,0.0,0
25.732948178612688,0.45852073643159014,1.4411383634629367,52.70358799358023,0.5139598742650332,1.545674314874887,9,0.09328328265237218,0.3059494270407015,0.5514232601837747,-0.054096209220077185,-1.4411383634629367,-0.16812083871288763,1.229796561956153,-0.8789492533584422,-0.520207015792213,0.121807591333976,0.5369349425173091,-0.2475354336858473,0.07683124434805677,1.545674314874887,-1.0034121847160264,-0.5356931301170889,0.0,0.0,0.0,0.0,0.0,0.0,0.0,0.0,0.0,0.0,0.0,0.0,0.0,0.0,0.0,0.0,0.0,0.0,0.0,0.0,0.0,0.0,0.0,0.0,0.0,0.0,0.0,0.0,0.0,0.0,0.0,0.0,0.0,0.0,0.0,0.0,0.0,0.0,0.0,0.0,0.0,0.0,0
28.326926722529706,3.957602364029823,14.318406177297788,52.01531922149672,1.8580037143913268,7.3304817862043805,22,0.2128467074030489,0.5703482122228465,-0.2514446146122431,-0.2562063193488697,-0.7444563057687574,-0.8947977522337354,-1.3559374140763758,0.30082382130143515,1.4329187272016028,-0.33311654546525915,0.6646297298035648,0.8133292563854368,-0.33817019488546407,-1.400928137369803,0.45168524017579514,0.43433638234439087,-0.5500181912694941,0.4364680182703964,-0.025303563761273296,0.22851315381581827,0.9360113920587736,1.290859133327828,-1.1453311862890132,-0.36870023089928594,0.6685158336523997,-0.8898146620628609,0.06876744054451933,1.5453665386777757,1.531952219992089,-1.7403320184318858,1.9050313159166343,-1.6968147714499864,1.4615738839318517,-0.25473225495004215,1.7373540867192823,-0.7134007236167292,1.9916717898547205,-0.8109346476439967,2.1080120143754044,-1.04359931633131,1.4191056392763954,-1.0706680537804303,0.0,0.0,0.0,0.0,0.0,0.0,0.0,0.0,0.0,0.0,0.0,0.0,0.0,0.0,0.0,0.0,1
25.860722408200303,0.5017141720662274,1.944449621741395,52.98726757272158,0.7488330565966105,2.784413205672166,20,-0.8553134270868199,1.9848804538699696,0.733708631057425,-1.971088274799854,-0.9717299658894483,0.11425273212932296,0.7479275493739266,1.6031435101607627,0.28983021354257943,-0.831600929308415,0.35175761837883357,0.3273783371279535,-0.8830953689682737,-1.5136096847773075,0.6864220434610395,0.30074655187732446,0.5474046304460138,-0.40763093960258345,-1.0546186350388744,1.4727839229718214,-0.45315452800351963,0.33918532939810575,0.918446439389875,-1.4600140615719681,-0.7409184817966903,0.18842643702178918,0.18649921653138435,0.035001006292496584,0.8711677575880046,-0.9813871425916147,0.47678116683709604,0.6987215324148153,-1.4387946958590838,1.1576706340186078,0.1316351881630382,-1.3189477753669578,0.14877538880329766,0.7747202933200654,0.0,0.0,0.0,0.0,0.0,0.0,0.0,0.0,0.0,0.0,0.0,0.0,0.0,0.0,0.0,0.0,0.0,0.0,0.0,0.0,0
26.11612530059482,0.5083728930319006,1.9836622493127756,53.30572153979877,0.5415161952999502,1.8924042599734108,17,-0.006466376921796524,0.07462468799047173,-0.20615886744171874,-1.0429118355876241,0.11003336013541798,0.8239042472407192,0.16060571383891897,0.3815158614194374,0.9283844764387261,-0.8856215175685662,-0.7685520978562579,0.7757839454970394,-0.7185655423893955,0.6521147723521423,1.8216895738388494,-0.3441219393574073,-0.7867853035059937,-0.9216483617947446,-0.031249488239939893,1.4104772521847906,-0.5939868825886983,-0.5602299351889002,0.5067605547431313,-0.7376085520179103,-0.2466102717461034,-0.35814497135391576,-0.8317908579751716,0.9884116728181596,0.9064605013734344,0.3733092525788635,-0.8542893393610456,0.03897989738409535,0.0,0.0,0.0,0.0,0.0,0.0,0.0,0.0,0.0,0.0,0.0,0.0,0.0,0.0,0.0,0.0,0.0,0.0,0.0,0.0,0.0,0.0,0.0,0.0,0.0,0.0,0
25.943356921275925,0.39492103429485675,1.1006255635737823,53.06231038898123,0.7208831706990265,2.9912247156355676,14,0.27745393344286384,1.0311755037220962,-0.1677037814850948,-1.240062414707836,0.7394942832834701,0.9582316089027216,-0.43352851079930943,1.6156652085480374,-0.3095808060845009,-1.755744948196842,-0.22381786371761692,-0.45786558119421983,0.3901453978704055,-0.7776141862445058,0.06604578396845895,1.116732593499819,0.5556344376369609,0.7326307991006189,0.08543050856336976,-1.3658124215916345,-1.1006255635737823,1.00024956955221,1.0838236879738226,-0.6434140530696908,-0.13599184162725209,-0.1081164675391122,0.0,0.0,0.0,0.0,0.0,0.0,0.0,0.0,0.0,0.0,0.0,0.0,0.0,0.0,0.0,0.0,0.0,0.0,0.0,0.0,0.0,0.0,0.0,0.0,0.0,0.0,0.0,0.0,0.0,0.0,0.0,0.0,0
26.036729805046157,0.4243227078252824,1.5943379407586598,53.03165999517006,0.7306682331901205,2.158515011626605,10,0.5892034651885041,-0.47739731000135777,-0.5859307537617546,0.26500891254848113,0.09590850242528859,-1.6977093169899575,-0.06986671488412455,1.4084334201304927,1.0226696544493343,-1.0948515287183511,-0.7638870327926384,0.49421744321384153,-0.8304509079660214,0.7760856314324442,0.2050516083764542,-1.1349747259873624,0.4799517740373176,-0.6973275372548358,0.0,0.0,0.0,0.0,0.0,0.0,0.0,0.0,0.0,0.0,0.0,0.0,0.0,0.0,0.0,0.0,0.0,0.0,0.0,0.0,0.0,0.0,0.0,0.0,0.0,0.0,0.0,0.0,0.0,0.0,0.0,0.0,0.0,0.0,0.0,0.0,0.0,0.0,0.0,0.0,0
30.508464017265243,4.4906219214014165,12.958749343555493,48.39180104750518,4.195422874289722,10.551939604770247,17,0.244574212110372,0.08696091728997146,0.28092739105012754,-0.6295400522961572,-0.7860033850469961,-1.272619010153484,0.1674948459051322,1.753046416007713,0.3846621287821179,0.39727830972976363,0.8588233810513906,-1.5581645035902412,1.0834704421950896,-1.6890877632120507,1.5194834724157005,-1.8221186619889593,1.388647896462082,-0.40736088569121875,1.4158335346383062,-1.8699485473975415,0.623281461015047,-1.2570314950314625,1.5364055257831666,-1.6003724701390993,0.17026375970009866,-0.34785527771967395,2.0324094463530997,0.0,0.9011119058049104,0.0,0.8768615434493512,0.0,0.0,0.0,0.0,0.0,0.0,0.0,0.0,0.0,0.0,0.0,0.0,0.0,0.0,0.0,0.0,0.0,0.0,0.0,0.0,0.0,0.0,0.0,0.0,0.0,0.0,0.0,1
25.80873604815692,0.35556293820689233,1.2006543823480307,53.21436627410325,0.5114364024241749,1.649054150716296,14,-0.8063700791951192,-0.24005058507902532,1.2006543823480307,0.49976372308184835,-0.2705628817897683,0.16495932982353168,-0.5014587352594759,0.6988094773331,-0.17478460181332878,-1.0468437919989242,-0.1870047090284075,0.16073320450710327,0.4579059148122475,-0.7547605737565348,0.6242604789531114,1.649054150716296,-0.5555260459714724,-1.6072725795275247,0.08321353223695382,0.8579541641177428,-0.4665995634551159,-0.8759461850050698,0.3000925866511217,0.27875522851457646,0.13963801468075232,0.131532644897149,0.0,0.0,0.0,0.0,0.0,0.0,0.0,0.0,0.0,0.0,0.0,0.0,0.0,0.0,0.0,0.0,0.0,0.0,0.0,0.0,0.0,0.0,0.0,0.0,0.0,0.0,0.0,0.0,0.0,0.0,0.0,0.0,0
26.28327375544483,0.4394986769747006,1.4451560563371082,53.3961564163595,0.960315540754566,3.3835207199127666,8,0.7909101439861068,0.11602841585205681,-0.2042310497521136,0.39721107412002965,0.5750828334312708,-0.6764310912617972,-0.5748815934863032,2.1452131705696402,-0.250190811995747,-2.6722633243856464,1.1084665341538944,1.6503014950562829,-1.1157218153346022,-2.361558890583403,0.0,0.0,0.0,0.0,0.0,0.0,0.0,0.0,0.0,0.0,0.0,0.0,0.0,0.0,0.0,0.0,0.0,0.0,0.0,0.0,0.0,0.0,0.0,0.0,0.0,0.0,0.0,0.0,0.0,0.0,0.0,0.0,0.0,0.0,0.0,0.0,0.0,0.0,0.0,0.0,0.0,0.0,0.0,0.0,0
25.94244766328409,0.4694399806728942,1.9233703516269571,53.14436331822977,1.1017311338765718,4.3114188572033285,19,-0.9142740030651311,-1.0541518304295039,0.5956151037269954,0.4805465346421727,-0.1549312720335081,-0.49841229920910735,-0.17167675818343753,-0.7350595650399327,1.0276829948117836,-0.6882005428135116,-0.30922185815031966,1.9395994896744355,-0.192090070611993,-1.635602419691395,-0.7771682533279964,2.0641658487456525,0.7010401534110393,-0.5098276376650759,1.2041203119843935,1.5176589641265608,-1.581544871037952,-2.0863424768036367,0.30935380089733755,1.8546914118838629,0.8034492171308898,-1.620397452196677,-0.9137125464820031,0.975938978369328,-0.010584344123163447,-0.3067091143056473,0.11553603993722561,-1.903805297544075,0.28764607720414404,4.022048562609996,-0.6410938543194931,-1.2599726851446746,0.0,0.0,0.0,0.0,0.0,0.0,0.0,0.0,0.0,0.0,0.0,0.0,0.0,0.0,0.0,0.0,0.0,0.0,0.0,0.0,0.0,0.0,0
25.8049378473364,0.35355010137978166,1.370414143823865,52.89745414395242,0.9104162192650425,3.039375643115058,14,-0.47555573635383297,-0.14233018968077715,-0.4339954635725931,1.8174241113616034,0.8958069267763094,-0.5764447129802122,0.016804249740587807,0.4541760718458434,0.19354588466598344,0.16121518664848367,-0.5516546493320256,-3.039375643115058,-0.38218229371723567,2.154667551568849,0.18761491239665773,-0.7437066207411149,1.010479113293588,1.3623906226013318,-0.8611225345236981,-1.4866246780767298,0.11226516320190427,-0.25014284249692054,0.06483371098632418,-0.303916883431512,-0.15343130272783867,0.9050967597394433,0.0,0.0,0.0,0.0,0.0,0.0,0.0,0.0,0.0,0.0,0.0,0.0,0.0,0.0,0.0,0.0,0.0,0.0,0.0,0.0,0.0,0.0,0.0,0.0,0.0,0.0,0.0,0.0,0.0,0.0,0.0,0.0,0
26.050467396654714,0.44197424685516257,1.8964373394938363,53.078192911867696,0.8154459152819016,3.9164234568569682,30,1.6776536777490172,0.8135538609773718,-0.7515602254351634,-0.39342726068435496,0.06393573813306119,0.49043854292473554,0.253809355794985,0.3879970382011848,-1.462622207986719,-0.8303842035260018,0.3643907250189464,-0.3783050642456516,0.8672227477560774,-0.005168345782955441,-0.816874842472874,-0.4539791176041206,0.267862427883216,-0.02688485361137083,0.09863640971187237,1.124711447910073,-0.5998323678993067,-1.492629964607275,0.45829410324813935,2.0627543424078283,0.6376601997427365,-1.4131967107730006,-0.09252466376699786,2.41104091682147,0.1917803860748144,-2.844154655961944,-0.05156939408833594,0.7546434774479636,-0.3020009740441054,-0.481630552183006,-0.039597713696444714,-0.35298785703588464,-0.036673869101541356,1.4855075539375946,-0.4401889636802885,-1.7354836362212183,-0.20144877823332408,0.3435837499388583,0.17017368880035377,1.009915372711312,0.18178401478121842,0.12691288162759662,-0.1648983140926532,-1.7094769857415386,0.5348288416133435,1.5788498451543163,-0.10596826120983138,-0.3622215774392288,0.053714141327983356,-0.8372986170222987,0.021042283597779488,0.1030734580207806,0.4221279359343768,-0.9956559140902712,0
26.08047277199765,0.5853776799326317,2.040003117004595,52.99484656551715,0.9949554317786103,3.7151311477136986,12,0.36811556468759576,0.6841392113793248,-0.8051978279271808,-0.1482706206032418,0.4722558437657156,-1.387427681090493,-0.14576271903422722,-0.3562048632883119,0.27603422229007535,1.316653553382828,-0.108614330864647,-0.46083981100831295,1.2848331932284083,2.202574741762831,-1.609050509374331,-0.9237535210856578,0.47420152552435724,-0.0002950509552448466,1.3961058914692437,-2.791082575672796,-1.0881835062791971,1.4240601253204446,0.0,0.0,0.0,0.0,0.0,0.0,0.0,0.0,0.0,0.0,0.0,0.0,0.0,0.0,0.0,0.0,0.0,0.0,0.0,0.0,0.0,0.0,0.0,0.0,0.0,0.0,0.0,0.0,0.0,0.0,0.0,0.0,0.0,0.0,0.0,0.0,0
26.276558531848956,0.5064403370455719,2.063500970216168,53.234501671611426,0.714785927705212,2.881113900736125,20,-0.7005022774795826,-1.5161687446874055,0.4449941316420869,-0.9738427611741756,-0.10857738506406989,2.6342020933434753,0.9821412733888906,-0.10148327771575083,-0.8647381030801462,-0.4519961829192809,-0.1983284877391931,-0.780923437755753,0.49459096268347125,-0.07593932627698052,0.25637283886714357,1.2912702988811446,0.23215962826871106,-1.32382992685352,-1.334788113690216,0.38256559782155364,0.5136716330178714,-0.1301818142057698,-0.5254711619538845,0.2665776430320719,1.4711595269910198,-0.348233219069904,-1.136924290982261,0.0936289097153491,0.4548837588061474,1.4254565427394894,-0.5612149005517679,-1.013411466140333,0.3322294139064965,-0.11366402260107122,-1.1524749513947832,0.3512873742600533,1.4230086524350867,-1.5524770761851414,0.0,0.0,0.0,0.0,0.0,0.0,0.0,0.0,0.0,0.0,0.0,0.0,0.0,0.0,0.0,0.0,0.0,0.0,0.0,0.0,0
26.099221257203247,0.28849408538381915,0.8516138937689597,52.53374347288178,0.3391590493415765,1.0073915725575233,5,0.2604089786225998,-0.29884587161161846,0.31470304582655473,0.29043167368006806,-0.22348282315147117,0.28188719835691955,0.4999846924712763,0.4350727005205357,0.0,0.0,0.0,0.0,0.0,0.0,0.0,0.0,0.0,0.0,0.0,0.0,0.0,0.0,0.0,0.0,0.0,0.0,0.0,0.0,0.0,0.0,0.0,0.0,0.0,0.0,0.0,0.0,0.0,0.0,0.0,0.0,0.0,0.0,0.0,0.0,0.0,0.0,0.0,0.0,0.0,0.0,0.0,0.0,0.0,0.0,0.0,0.0,0.0,0.0,0
26.097001621149495,0.4428219550559721,2.1606762596583806,52.7702768063634,0.6473009618306431,2.6236386970753074,29,0.7420214521302881,2.018513692228204,0.6573897348697955,-2.6236386970753074,-0.466772820026069,0.8498011506240175,0.9449822627954703,-0.5805366152821279,-1.0221479309891564,1.3499944003676418,0.42090829362260607,0.08693136209853947,-0.2440060096766956,-0.4649252234456469,-0.5792586270667712,-0.876640041781684,0.28581896439272825,0.22393200417686643,0.5871932771821733,1.4598735908145812,-0.7298355006618884,-0.7775713044203982,0.373228205055522,-0.2999769856633634,-0.5104145737575578,-0.19346289110266923,0.7752281274193393,0.4613313816130429,-0.4232200389099603,0.5514124251018799,0.3909942793210952,-0.651296642639771,0.19032524856926258,0.5420674059296928,-0.2868760624953204,-1.5964615028846652,-0.42611488198972935,2.157689801087379,0.009152353931561663,-0.9378608884745461,-0.9716513836055896,-0.7541788027667167,1.2669891723527797,1.1372333661660932,0.3105513025523372,-0.20801298065209295,-1.1437751338509443,-1.043438127354591,0.5407517383752705,0.8015245169253973,-0.010143214977027526,-0.3169799186880411,0.32036742655120065,-0.5999696624087605,-0.1585853622523068,0.67690579029356,0.0,0.0,0
26.00178756593698,0.5252539111134799,1.7262956564112564,53.03330241481481,0.5425502116433042,1.5931909161927535,9,-0.09569132752888976,0.48892440026238404,-0.2812537120613747,0.07193181670977822,-0.9924216227514506,0.08565181823181689,1.0850726712118117,0.8713747798302904,0.415994983589826,-0.7393066355257574,0.22522800160961864,0.8146147366842413,-0.09668593068128217,-1.590188192908549,-1.1036477691012507,0.3076613838094602,0.0,0.0,0.0,0.0,0.0,0.0,0.0,0.0,0.0,0.0,0.0,0.0,0.0,0.0,0.0,0.0,0.0,0.0,0.0,0.0,0.0,0.0,0.0,0.0,0.0,0.0,0.0,0.0,0.0,0.0,0.0,0.0,0.0,0.0,0.0,0.0,0.0,0.0,0.0,0.0,0.0,0.0,0
34.49865509448484,7.115564867798282,21.666890871416758,46.92528286493283,4.133579894565892,10.310897184160794,21,-0.7840717424480985,-0.5718276564140012,0.7052403093321367,1.108206438491223,0.27989124408581745,-0.45079823975553523,-0.7889126491695144,0.7726581328785613,1.730427963103903,-1.5090651371200465,1.0051454886895357,-1.1947225715676169,1.3382369241778953,-1.2716401971278657,2.1195579038946093,-1.5284632245790846,0.8640721865148926,-1.1633749838069036,0.9015404309329682,-1.5972810997655884,1.7007731582484524,-1.0284705893704427,1.1650580150356689,-1.0178793808232456,1.492682712778361,0.0,0.8944987232747081,0.0,2.0273213479094423,0.0,0.6191254710819578,0.0,1.5169455251908275,0.0,1.3258734284193565,0.0,1.2742196801864836,0.0,1.495193007729256,0.0,0.0,0.0,0.0,0.0,0.0,0.0,0.0,0.0,0.0,0.0,0.0,0.0,0.0,0.0,0.0,0.0,0.0,0.0,1
25.971959352935457,0.505428257517032,2.194236475218169,52.87178388900162,1.0222207190802874,4.3164498125708946,27,-1.4610939221264125,-1.5998990242905293,0.9820495060899646,1.9765460531787156,0.35456267628938676,0.5748244423179187,-0.8009523996820036,-0.8213757349094095,-0.1581078324574463,0.49287059650742293,-0.6111754998340864,-0.8092179438445015,0.4088825672031504,-0.8335124538997007,1.0542825847589015,1.2450499560492219,-0.6263562091233794,0.5429496445596484,-0.1614522110817127,-1.6038132020742992,0.6418875008584095,0.6873286794286599,-0.3079163303599728,0.1744887003339315,-0.4220818481177382,2.4788192369514945,0.18206449172668115,-2.102429160452047,-0.492160436552453,-1.7031558188669322,0.1035121955338596,-0.19782185838274557,0.17737100855246268,2.3066797856847643,0.3818848458161739,1.4036265165862218,-0.9024170175318673,-2.212805168477793,0.661801651556388,-0.04787608596623727,-0.23305124524289766,0.6172750146048855,-0.2555335292015677,-0.9832564676341633,0.25821883448727334,-1.3966865696668478,-0.9684558567792827,2.865135207763487,0.7819072945109227,-1.320357214142014,-0.1709491040237907,1.3306399953785615,0.0,0.0,0.0,0.0,0.0,0.0,0
26.23427508136627,0.30289871787005573,0.9142804843748529,53.378889415512575,0.6185131239090865,1.7632715932308756,9,-0.47772435296017335,-0.927851046015526,0.8341407859001144,-0.5744605325619645,-0.6817319190305717,0.9248799160172325,0.7618716175053102,-1.1566287493186493,-0.5680644581005154,1.5103416048665466,0.13342553676266533,-1.5395527862185148,-0.34089810496929474,0.34788933542431266,0.5607654083022489,0.7538456053232849,0.0,0.0,0.0,0.0,0.0,0.0,0.0,0.0,0.0,0.0,0.0,0.0,0.0,0.0,0.0,0.0,0.0,0.0,0.0,0.0,0.0,0.0,0.0,0.0,0.0,0.0,0.0,0.0,0.0,0.0,0.0,0.0,0.0,0.0,0.0,0.0,0.0,0.0,0.0,0.0,0.0,0.0,0
25.762357911746875,0.18287479299549572,0.5605142255327706,52.64784294572422,0.6366388202859905,1.6694114352766434,6,-0.31216403277601756,1.204855381793493,0.07041191565719984,-0.9835690262045134,-0.26041380876999654,1.2141882126139905,-0.05834829964395638,-1.3959460080330146,0.2735032474001997,-0.27346542724362877,0.0,0.0,0.0,0.0,0.0,0.0,0.0,0.0,0.0,0.0,0.0,0.0,0.0,0.0,0.0,0.0,0.0,0.0,0.0,0.0,0.0,0.0,0.0,0.0,0.0,0.0,0.0,0.0,0.0,0.0,0.0,0.0,0.0,0.0,0.0,0.0,0.0,0.0,0.0,0.0,0.0,0.0,0.0,0.0,0.0,0.0,0.0,0.0,0
25.93018566461969,0.5011643608705993,1.862077730760923,52.76095724222135,0.7880155007186981,2.777262278513689,14,0.16796324133349572,1.3262595110083168,-1.1387261345062356,-1.1032536712465983,0.5288218978975685,1.503332025783223,0.10370666889256341,0.4911896035423027,-0.04675372449097992,-1.3442254516277714,-0.3155570144673199,0.30850215409572,0.36169384413377514,0.21994432988952184,-0.9232765435018848,1.1104728405515303,1.0766993979464345,-2.110064058829707,-0.5634765619013784,0.7554366275772395,-0.7511268514211196,1.6196683677699113,1.0962773629662728,-1.838451556482596,0.7658003677946503,0.26628253510742894,0.0,0.0,0.0,0.0,0.0,0.0,0.0,0.0,0.0,0.0,0.0,0.0,0.0,0.0,0.0,0.0,0.0,0.0,0.0,0.0,0.0,0.0,0.0,0.0,0.0,0.0,0.0,0.0,0.0,0.0,0.0,0.0,0
26.107260858601478,0.4751038999454881,1.5826558899143741,53.3431524541045,0.5599801407942522,2.1186019258699815,13,-0.41214624373793285,0.011984914061279994,-0.25894768375765054,0.8033838880738102,0.409237368625778,-1.369954549486053,0.7641060060670846,0.24159315556450167,-0.7500960155631589,-0.7606920872355829,-0.7940745675646106,1.3309578242961848,1.5826558899143741,-0.4326313873207752,-1.3533894535012472,0.8416718633570568,0.01542552757397786,-0.711800864547179,0.8960666944444142,1.090404490084694,-0.7141721424408232,-1.4869606487223948,0.45868482995951254,0.2900680222186054,0.0,0.0,0.0,0.0,0.0,0.0,0.0,0.0,0.0,0.0,0.0,0.0,0.0,0.0,0.0,0.0,0.0,0.0,0.0,0.0,0.0,0.0,0.0,0.0,0.0,0.0,0.0,0.0,0.0,0.0,0.0,0.0,0.0,0.0,0
26.045260047317473,0.4322512276467635,1.816033180297083,53.20633379679239,0.8651134823841543,3.7177807247272057,22,0.39858253090930873,-1.3333231955078375,-0.7725009497563491,-0.18464939869868147,0.04111473750859318,0.8466578652864385,-0.14984745590082582,1.1268866391057628,0.1730790331195955,-1.4006277124400768,0.16783808653825005,-0.6264871909519414,-0.1737573247354014,0.859210754389224,0.03659690769573487,-1.8154184399490063,0.13829001760779036,1.295286662916773,-1.2768462323744707,1.5580227159136086,0.8901435157003981,-1.468968206616509,0.1516000559693964,-0.03997579242250282,0.05546956921738655,-0.06971289264011205,-0.2935172211516246,-0.3328902566269676,0.16581888079055318,0.5679735622328579,-0.4403289522389606,0.3686258714363504,-0.527469165508478,-0.8856744513208668,1.3789909185016924,-1.7271453486480368,-1.0587543523125795,2.3650953948636584,0.4869588701028711,1.334006856993085,-0.29433788489412294,-2.0075099876609883,0.0,0.0,0.0,0.0,0.0,0.0,0.0,0.0,0.0,0.0,0.0,0.0,0.0,0.0,0.0,0.0,0
25.888657494105605,0.4740802304174073,1.7053123523913385,53.012880460502956,0.7781220916502225,2.428802772563266,20,0.10687821237337047,-0.07495887649859867,0.34125102041553035,1.033610066791816,-0.6167715901165991,-0.8023564554338165,0.7177183611934943,-0.5231208188164587,0.38047204010791447,1.460766776085272,0.05026926410887711,0.35139270136289724,-0.7437932338042295,-1.2854654016858689,0.1780852885076527,0.5697081671729123,-0.31688083105239073,1.1969037495271877,-0.27235578654390125,-0.42265809089456496,0.3340491204013283,-1.4847099140254514,-0.6334227974656805,1.9813360165555451,-0.08512912664596328,-0.6685856258953748,1.1389784615064862,0.7254210887784964,-0.02475434188458081,-1.444310941123959,0.4833605381640069,-0.5393245147232548,0.1077276946054262,0.6519929502342521,-0.6265457581626883,-1.0971602669503042,-0.5625701156554932,1.7911026088152227,0.0,0.0,0.0,0.0,0.0,0.0,0.0,0.0,0.0,0.0,0.0,0.0,0.0,0.0,0.0,0.0,0.0,0.0,0.0,0.0,0
26.26425488053985,0.4762475324945212,1.7501423273945242,53.00782173384253,0.9888965299199297,3.84112767034037,19,0.5390270747563051,1.7249379016665713,-0.007282931964738282,-1.1340164880622652,-0.34303460577364575,0.44348368929745874,0.8632405786608253,0.1291160697454714,-0.2245152733293132,1.03292094333829,0.6247014230842538,-1.3738126952800584,-0.6680425027643295,-0.3733862817530138,0.5871154292768068,1.572785673629319,-0.011374160533208055,-0.6445754277744626,-1.1688425552869361,-0.6415260766913207,-0.48899853808685734,-0.050403743002434,1.578065697642014,-1.7625048123299294,-0.4963815709905539,1.4980642477703938,-0.08627416554895362,-1.0519734010969444,-0.4849613514623208,-1.0137951538119196,0.42289966801978096,1.658980551713313,0.30995215009182076,-0.6283999396288422,-0.17923466296399937,0.8210847352213761,0.0,0.0,0.0,0.0,0.0,0.0,0.0,0.0,0.0,0.0,0.0,0.0,0.0,0.0,0.0,0.0,0.0,0.0,0.0,0.0,0.0,0.0,0
25.97521809847706,0.39343783883673816,1.5467781001109913,53.05238260700095,0.7149729082510107,2.966095991546595,26,0.05584246981299401,2.0316652032323006,-0.2329964051132407,-0.7311669905886902,0.5909552350657599,1.6655977789029848,-1.2650378886587426,-2.656371751779716,1.0908471116989915,0.36419104944968694,-0.3257570864732138,0.6688317014891183,0.543394112951276,0.9167895769088901,0.049538970445780706,-1.4418886843269618,-0.4999392726495877,-0.174718955460186,-0.3662898785080131,0.6235922398342026,0.8303762137379422,-0.5981166030898848,-1.1560906655480814,0.9182198471201488,0.11059210977137468,-0.3196728263725248,0.4881517003762248,0.49772137175197884,-0.22164913957362486,0.15654626745822497,0.15229845489622562,-0.42232449231149616,-0.04434562604062009,0.6300189804362688,0.13869113813417755,-1.193128489893823,0.756959956892139,-0.8850908960364592,-1.3211816024759777,0.2930327825781873,0.3442392777762855,0.7938832824872364,0.6455477304610469,0.4024885070145814,-0.3940379080426304,0.1327030727049774,-0.503585121441489,-0.9851484482021462,0.4417962581185151,1.2105503735697383,0.0,0.0,0.0,0.0,0.0,0.0,0.0,0.0,0
25.926076388796215,0.4659584301737589,1.9306058247700548,53.27378321293227,0.7535287267517231,2.6760422897881924,12,-0.09115760413144258,0.4916308127204374,-0.801121405814655,-1.1255522662877624,1.1425687731653156,1.2495705126790924,-0.2196235644982032,-0.6965289180512357,-0.14789697997640516,-0.6540647421604646,0.3389766899014468,0.7993734910360715,0.041225254541835454,-0.2154298872245235,-0.34896338878585453,2.0920986859766444,1.1243190404219199,-1.5101400629928037,-0.4412390021821828,0.9154585751746467,0.08283788963042582,-0.35874428887159837,0.0,0.0,0.0,0.0,0.0,0.0,0.0,0.0,0.0,0.0,0.0,0.0,0.0,0.0,0.0,0.0,0.0,0.0,0.0,0.0,0.0,0.0,0.0,0.0,0.0,0.0,0.0,0.0,0.0,0.0,0.0,0.0,0.0,0.0,0.0,0.0,0
26.072819874445734,0.5591825882044856,2.050998012412336,52.98706404554137,0.735479295812101,3.099251718195916,29,0.43464151526779204,0.15695426477148544,0.7668485042094773,0.32272325915904787,-0.48244192143745934,-1.8339669109362688,0.33897535542957513,0.4021524452895875,-1.2030477385428924,0.13734016733192078,1.2418950002223568,-0.24307019483555337,0.3214833540509545,1.3409558538691897,-1.436119923502769,-1.116470940680486,1.0736610980815264,-1.2333759710375247,0.48598537362583016,0.7884270739956847,0.1682759978655035,-0.7563089635064912,-1.091792860098714,1.0800489920028298,0.6417147077347494,0.720710769009024,0.3249297376969409,-1.0616210774972998,-0.5142042146125192,0.2011549661352845,0.441848099108217,0.10261413783710793,-0.6604696211675574,0.33240622893875127,0.21508789855455035,0.30027222784022456,-0.5079616851165021,0.23293811943987208,0.22850453439422225,1.1586092440009281,0.2991581637750613,-1.7056168415491655,-0.5651677474610644,0.4898376983837167,0.2365164759525058,-1.858679841326392,0.49223002704377805,0.9666990096901955,0.6458419261146489,0.08701287368276667,-2.050998012412336,-0.5975183964200284,2.0130075794860964,0.3850577260956598,-1.1182242158731945,0.3428064109695228,0.0,0.0,0
25.969906103902,0.43517069162936345,1.6004494225849513,53.14376837298975,0.8962047751848656,4.247920951611256,26,-0.35958257032695684,-0.19707260051559672,0.7577571963960885,0.6233851051676211,-1.128809782221392,-2.559343607940832,0.7376670565027688,0.23303831787986695,0.20303804115345514,1.0242202675042549,-0.0149103385758238,0.09145210947443871,0.3983183722323922,-0.3252596614285821,-0.12353209272232846,1.5440481467484517,-0.18714012756924348,-1.6332879288329565,-1.2223539162598271,0.6946474999841001,1.2837210338174359,-0.10476416172738823,0.3167283887675154,-0.7537900399725856,-0.9929831868014745,0.8565284683872818,0.9692748263757771,-0.3750524671835791,-0.12863308446174315,0.9939099503430242,-0.8042764593673546,-0.060275998734937275,0.08838771097067166,-2.9471863079476392,-0.21731364369963302,0.7861838075856937,1.010527471638646,1.1141585496243351,-0.871752058507326,0.8067396546872203,0.00938616286894245,-0.5919834208982806,0.21560403208851042,0.23315016878776618,-0.44595356830783217,1.8996721918245214,0.8076565802435312,-2.729654028837821,-0.3928626973697611,0.8520217568991839,0.0,0.0,0.0,0.0,0.0,0.0,0.0,0.0,0
25.672493203970078,0.6309135615371623,2.0606647875300865,52.841673746034594,0.652004235526279,1.802330583786791,6,0.778610873771509,-0.7354397222618942,-0.24825124358328665,1.7218441330684442,1.5303051573418642,0.0804864507183467,-0.9269306357876701,-0.3395794007846362,-0.40685351182951734,-0.8155853372913171,0.0,0.0,0.0,0.0,0.0,0.0,0.0,0.0,0.0,0.0,0.0,0.0,0.0,0.0,0.0,0.0,0.0,0.0,0.0,0.0,0.0,0.0,0.0,0.0,0.0,0.0,0.0,0.0,0.0,0.0,0.0,0.0,0.0,0.0,0.0,0.0,0.0,0.0,0.0,0.0,0.0,0.0,0.0,0.0,0.0,0.0,0.0,0.0,0
26.195924351869827,0.5081966621081501,1.789402407965376,53.19975200350043,0.615460960856266,2.5789653095057687,20,0.9495542044128449,0.3098623845048394,-0.4593653882361046,0.4845750765760144,0.4772602868585025,-0.4302229888393896,-0.3500794451510565,-0.6955017363570946,0.21649346491559385,1.4169300632611694,0.7780044276508598,-0.7083029319124634,-0.9769459015086568,-0.7998180523039906,0.6820329922733954,-1.0708443252893147,-0.5319943827066105,1.1909170066573154,-0.6320765571500999,-0.4119829885580444,1.5635245041073453,0.4432861854937684,0.07299420249936261,-0.53298508076616,-1.1377487717956818,0.8206499095901449,0.1524716607619645,-0.6665889727046519,0.5438702884999884,1.5009190023709422,-0.7121839841124853,-0.6505292607302238,0.5756530520751717,-0.86347549833485,-0.8901418156254373,0.3796100562457809,1.3234217004260707,0.39976527409501017,0.0,0.0,0.0,0.0,0.0,0.0,0.0,0.0,0.0,0.0,0.0,0.0,0.0,0.0,0.0,0.0,0.0,0.0,0.0,0.0,0
25.880255394901077,0.4243300926137787,1.9414131873388207,53.21646354470654,0.6738053496495926,2.9157884464133375,26,-1.3386534370931464,1.7967319635218288,0.20623096156760212,-1.0997523350578646,0.21508594911322376,0.4683367057263439,-0.4394990971931776,-0.6029976390006766,0.9765454151255746,0.3752577763617637,-0.5243271370774387,-0.16210817000919775,0.09602578437083409,-0.13033777396530155,0.24910805169905714,0.6821598115822809,-0.34594232157478544,-0.7605203642563225,-0.3729138059002288,1.7029144946987458,0.37725944493870145,-1.0596935995242163,-0.39658056060746105,-1.6800578164417033,0.48208112431493433,0.7703927910053707,0.44447841584265646,0.45890184677892165,-1.0859580065370622,-0.2820646110229106,-0.17869635458488276,0.5139012666081086,0.7908104686808848,0.08811462868936104,-0.40852477633179163,-1.7252829525062694,0.3997724455779377,2.1125316244123695,0.14432912309886703,-1.422316008162035,-1.2320448747691195,-0.07926963230296735,1.4167678282935405,-0.0025743094726280447,-0.9297589653068954,1.1261590389568994,0.5736602761952803,-0.860515283310697,-0.3185171924368717,-0.3171871569519311,0.0,0.0,0.0,0.0,0.0,0.0,0.0,0.0,0
26.00531822649299,0.5219434130811961,1.6020488344497643,52.596361154921965,0.8478662718343131,3.084962509918725,8,0.13104178207126793,0.5474322687905229,-0.5025768517946076,-0.7937464187261511,0.5853227526102138,2.097121265530312,-0.43170369212846893,-3.084962509918725,-1.1703451423212954,1.6574691264005068,0.4531040947085323,-0.534842862638115,0.28278273420842126,-0.4428904535292233,0.0,0.0,0.0,0.0,0.0,0.0,0.0,0.0,0.0,0.0,0.0,0.0,0.0,0.0,0.0,0.0,0.0,0.0,0.0,0.0,0.0,0.0,0.0,0.0,0.0,0.0,0.0,0.0,0.0,0.0,0.0,0.0,0.0,0.0,0.0,0.0,0.0,0.0,0.0,0.0,0.0,0.0,0.0,0.0,0
26.176303549173046,0.39181461716983,1.6229783420641901,52.91355007148866,0.7924202928745084,3.427873501976272,28,-0.2775245508868096,1.8511159007598508,0.7023280092968562,-0.020382837801356857,-0.3569239994580222,-1.0454893686163444,-0.26022066715120573,0.9264852590492936,-0.03593895711894746,-0.8747315969541845,-0.14389796428108426,1.4241745977711062,0.6053756643135024,-0.5325344803044629,0.018772425656003122,1.0452140753409154,0.19234167904074795,-2.4189002291454713,-0.417542372308926,0.5302341105307917,-0.48726096964261956,0.3064580360593254,0.4375216581516739,0.7804033924529534,-0.4465323237826233,-0.17563784435616014,0.3621945785721472,0.12336433227726928,0.6238630613896667,-0.8594440444388383,-0.11427561380058293,-1.003048302744432,-0.13796446800151685,0.9144224212986032,-0.4639872194840997,1.734500329650814,0.45929351237429117,-1.6228677871961636,-0.768341186566289,0.6380670921557865,-0.4105148701116015,-0.09300370945312153,0.8668315729297404,0.09817919450554058,-0.32363494157266715,-1.2151691104296347,1.0797817107071168,1.722656350319582,-0.07591021063967673,-0.7339035490543324,-1.1606644284204144,1.9277112702989427,0.6918220769586512,-2.1465827523649708,0.0,0.0,0.0,0.0,0
35.19781113896683,7.755337670158749,23.032021013476413,47.55826181698816,4.038813998461197,10.466913524541269,16,0.6968506373958085,-0.8425553995913475,-0.17072214900726834,0.15162576709371933,0.19101379593613288,-0.4108574252062809,0.8461700450928689,-0.6627391440217636,2.7501412134566614,-1.0319907787037366,1.9965828476309504,-2.026717346588107,1.7559284988800918,-0.8295750614590958,2.185683182112946,-1.5587623391480463,1.5686961706881206,-0.6560278072714922,2.120819687564257,-1.5847299132844057,2.0177308001736236,-1.0145840763607126,1.7576447892338933,0.0,1.2618256894229276,0.0,1.8078073503408447,0.0,2.2458484545545545,0.0,0.0,0.0,0.0,0.0,0.0,0.0,0.0,0.0,0.0,0.0,0.0,0.0,0.0,0.0,0.0,0.0,0.0,0.0,0.0,0.0,0.0,0.0,0.0,0.0,0.0,0.0,0.0,0.0,1
25.82525571165377,0.4137897966583154,1.2176657659682704,53.06292471129786,0.7341265361325384,2.2834642401148173,6,-0.0238061766210258,-0.2087974147478988,0.1481107316956951,0.526525453736788,0.1214199494801349,-2.2834642401148173,0.9481350847924404,1.7960966813619876,-0.8838922273995529,-0.09072444573864402,0.0,0.0,0.0,0.0,0.0,0.0,0.0,0.0,0.0,0.0,0.0,0.0,0.0,0.0,0.0,0.0,0.0,0.0,0.0,0.0,0.0,0.0,0.0,0.0,0.0,0.0,0.0,0.0,0.0,0.0,0.0,0.0,0.0,0.0,0.0,0.0,0.0,0.0,0.0,0.0,0.0,0.0,0.0,0.0,0.0,0.0,0.0,0.0,0
25.973147543180122,0.5378690001335017,1.9126428447607786,52.81988349575437,0.8391788878710897,2.782419247416861,12,-1.7593550835989298,-0.7266270966971007,1.238829156786096,-0.6513648162855006,-0.20647258922939216,1.6684437971489174,0.8802862772040747,-0.8846395780950971,-0.9444287499160531,-1.2405790312549456,0.52241563227496,0.06879693335802983,0.20246599988229974,1.5760110632343185,-1.207056481732554,-1.3707516982707943,0.6766128429282539,2.508362949095307,-0.14613306290601713,-2.237374222370356,0.6889648404577677,0.7493676472016446,0.0,0.0,0.0,0.0,0.0,0.0,0.0,0.0,0.0,0.0,0.0,0.0,0.0,0.0,0.0,0.0,0.0,0.0,0.0,0.0,0.0,0.0,0.0,0.0,0.0,0.0,0.0,0.0,0.0,0.0,0.0,0.0,0.0,0.0,0.0,0.0,0
25.96577251882132,0.44931584175186784,2.0966689724425187,52.777341650889724,0.8130683419352265,3.386149708390903,27,1.040612351492058,0.3104424601403082,-1.0602566543028757,1.173378028174696,-1.036412318139643,-2.7205597352942377,0.7726802765268808,0.9041401493513419,0.7214109059621414,0.5383533395232547,-1.09916100410355,-0.5103263741056807,0.4958681179701756,1.2394597731054944,0.5861732547772363,-1.5772318696669245,-0.5659186823360507,2.1894116048282655,-0.11966997642310417,0.6023430853551517,0.9045259224363669,-1.3659935452756145,-0.7405791438826839,-0.6941602017954054,-0.40767413885180304,1.2365864484307778,0.9379353809980593,-0.9677703678296083,0.15158756831716858,-0.4573445189767895,-0.47810669040869413,0.725798365865991,-0.38008318918993567,-1.3036077379772522,-0.15386611693722685,0.6694828321041939,0.16685701864973268,-0.020624542558586256,-0.3534751737089259,0.5369299190190588,0.38400037484217364,-1.1960152575630119,0.5209212555587932,0.5303926182081113,0.09369121172858286,0.33051521433939257,-0.35478165481047697,0.7900308554523505,0.1776672579623053,-0.37719656470744667,-0.3087876554219733,1.305832884797276,0.0,0.0,0.0,0.0,0.0,0.0,0
25.955009602316487,0.6433789076134361,1.6413184416593758,52.647488128708666,0.4052113385941953,1.0947626897351412,5,-0.15521283866869595,1.0947626897351412,-0.7228970850230567,-0.37493972263519026,-0.46971732665698696,-0.6313923069687064,-0.29349119131063617,0.43578071776830996,0.0,0.0,0.0,0.0,0.0,0.0,0.0,0.0,0.0,0.0,0.0,0.0,0.0,0.0,0.0,0.0,0.0,0.0,0.0,0.0,0.0,0.0,0.0,0.0,0.0,0.0,0.0,0.0,0.0,0.0,0.0,0.0,0.0,0.0,0.0,0.0,0.0,0.0,0.0,0.0,0.0,0.0,0.0,0.0,0.0,0.0,0.0,0.0,0.0,0.0,0
36.03873894487211,6.918881048380548,21.681531104503435,48.096475789490796,3.218953642554637,10.191542158697594,16,-0.4909866069480877,1.1598813865470774,1.8949942888212767,-0.8746312002865579,1.2535868572487594,-0.6792667916809165,1.6967691586853633,-1.4847558877253064,1.0673016916026121,-0.05925545171878355,2.1418714768982348,-1.076267130295676,1.5176606577083689,-0.36635121057597786,1.2424406971065807,-0.7719399205143063,1.698380799058846,-0.6149353378053064,1.6761112869493786,-1.3253964501983617,1.0231516302385515,0.0057014989006844985,2.0050064410343182,-1.0012664838122234,1.4937416598930042,-0.59999011483972,1.3220336991886583,-1.2050007117955843,1.6484807600694822,-0.13818696634955785,0.0,0.0,0.0,0.0,0.0,0.0,0.0,0.0,0.0,0.0,0.0,0.0,0.0,0.0,0.0,0.0,0.0,0.0,0.0,0.0,0.0,0.0,0.0,0.0,0.0,0.0,0.0,0.0,1
26.065987295622886,0.3874827693086256,1.536160639065006,53.01873179453196,0.734564642422468,3.0864545201728077,21,-0.9661655446812816,-0.4216401305118893,0.27734701984631016,0.4477405322593597,-0.0900733635969182,-1.4673640698882267,-0.23022083092099166,-0.8651202435587422,0.3258936166484112,1.4202180263897617,0.6672339015102651,0.7023631608941372,-1.0913359342778577,-0.8736925909007311,0.5102308716777308,0.1392766754420265,0.0170476250612559,1.6982892483476135,-0.2061690362355897,-2.162352599523942,0.22010224293298464,1.3223367559115928,-0.02182493278623099,-1.525016750810586,-0.65053997768198,1.704812235835469,0.42710980910946006,-0.9759790539137683,0.0224386940524397,0.44651623432866927,-0.5168892208987863,-0.9047024157309664,0.55398687113534,0.5893792636234849,-0.04326790485873744,0.059662235441940936,1.0254416727884035,-1.265900489095209,-1.4239748625106827,0.73624689156361,0.0,0.0,0.0,0.0,0.0,0.0,0.0,0.0,0.0,0.0,0.0,0.0,0.0,0.0,0.0,0.0,0.0,0.0,0
26.255419822093963,0.6083329951569868,1.969558310465942,53.08938704397793,0.5637732787636361,1.9921689366256814,17,1.242614188875912,-0.2559605711450601,-0.6137471483715657,-0.6795361525649,0.8487344866366513,0.35117367882274664,0.024767674120500516,0.24073968182818106,-0.3160808456919568,0.40321251471209507,-1.2557453722612202,0.05888963248021639,1.3464312642150418,0.6325582058424217,-0.7687434070157089,-0.08782242346308777,-0.07559416043969946,-0.3301478941870144,-0.0714097094373436,-0.22583977101584196,0.03495065213250825,0.9494053116059646,0.3749896570536606,-0.24287521300175996,0.9501871955635508,-0.3156574150344085,-1.969558310465942,-0.6805745589889796,1.79137118559332,1.209119570821997,-0.21715621760181492,-0.2166216683156037,0.0,0.0,0.0,0.0,0.0,0.0,0.0,0.0,0.0,0.0,0.0,0.0,0.0,0.0,0.0,0.0,0.0,0.0,0.0,0.0,0.0,0.0,0.0,0.0,0.0,0.0,0
25.74569745150051,0.41951874378056836,1.9551658825539384,53.4889821277006,0.8156446646705405,3.6306905786853747,20,-0.5185407834398177,1.5544588786336675,0.9908353436394535,-1.3265095827441655,-0.8283503821404423,1.6052439555179063,-0.2790187896840628,-0.3149175648378275,-0.7295583110475441,2.112414892115794,1.2756671688583694,-2.834217109670199,-0.3045983255790006,0.4736394582515402,0.23833891135241814,-0.5415274594507835,-0.12751643123375445,0.05796169251544825,0.06171549732534842,0.918342187300226,-0.22908750041379378,-0.3683438107293142,0.037781684318037634,-0.6917164991926938,-0.10060325025495942,1.130362440695265,0.3762131283182839,-0.2556642380275278,-0.4742470990578447,0.4442243290229868,1.2015020989208338,-0.2689957094280331,-0.6334350701907994,-1.2590031962087949,-0.7631823542955622,-0.08565350303450714,0.8775991563143037,0.028020753638088536,0.0,0.0,0.0,0.0,0.0,0.0,0.0,0.0,0.0,0.0,0.0,0.0,0.0,0.0,0.0,0.0,0.0,0.0,0.0,0.0,0
25.926553457544042,0.7120823459241001,1.9260462978974715,52.84044558773128,0.8333106894768817,2.570572301179787,5,-0.30815803474497017,-1.1387952701777309,0.4170117296842193,1.6770651684240931,0.08838413921059285,-0.43172234599679626,-1.9260462978974715,1.3252294787524903,0.0,0.0,0.0,0.0,0.0,0.0,0.0,0.0,0.0,0.0,0.0,0.0,0.0,0.0,0.0,0.0,0.0,0.0,0.0,0.0,0.0,0.0,0.0,0.0,0.0,0.0,0.0,0.0,0.0,0.0,0.0,0.0,0.0,0.0,0.0,0.0,0.0,0.0,0.0,0.0,0.0,0.0,0.0,0.0,0.0,0.0,0.0,0.0,0.0,0.0,0
26.148697509838872,0.497920631025597,1.9208251236402347,52.89910941229743,0.8917856197854406,3.251883806831586,17,0.5065952907738911,2.2701867082542293,-1.037431659461916,-2.1972974469594604,0.3134950526041642,1.9282381522537264,-0.785417898893126,-1.8721101623802454,0.4585140966166499,0.45816717284329656,-0.12866668316475938,-1.568881522588903,1.2189530718623054,2.111868623162273,-0.6024000093318556,-1.9922166428978585,-0.3198434946913089,1.7361986572424044,-0.9985816196170703,-0.5135473537334576,1.1060646337114655,0.008964381754601902,0.0050314671560904856,0.6539144164366562,-0.27264640762965797,0.34047809379889316,0.1367581759991161,0.3913522791920272,0.8774015056271018,-1.9827801761259138,-0.4263693106108306,0.6868219877391724,0.0,0.0,0.0,0.0,0.0,0.0,0.0,0.0,0.0,0.0,0.0,0.0,0.0,0.0,0.0,0.0,0.0,0.0,0.0,0.0,0.0,0.0,0.0,0.0,0.0,0.0,0
25.94372397019551,0.48572054627720673,1.7985737467267349,52.987771352781856,0.9795594475591916,3.7215870097828088,17,-0.5539144310163735,-0.6881802935728345,1.1216270942888436,2.333602398662073,0.6769466524378913,-2.072307969976798,-0.7896143729842358,0.8384034717389568,-0.4214659331410999,0.19914908191206848,1.208611630605894,-2.6386064868563324,-0.28513840002186797,2.6562293885874695,-0.8419230097902002,-0.6563384959825171,0.583435506479347,-0.21763562205104137,0.37834050243460027,0.11208200633892318,-0.9914561919257032,0.5647020851235354,0.5127940757189329,-2.292355806493802,-0.25508989134203475,1.8516078247270755,-0.40201022794909846,0.31927108680176985,0.6793690157496712,1.384024542731396,0.13306808671193338,-2.809024813172762,0.0,0.0,0.0,0.0,0.0,0.0,0.0,0.0,0.0,0.0,0.0,0.0,0.0,0.0,0.0,0.0,0.0,0.0,0.0,0.0,0.0,0.0,0.0,0.0,0.0,0.0,0
26.154101220631432,0.4387209565440919,1.351453051453749,53.15155770994173,0.6796355438962893,2.5298245128970933,12,1.25954496351493,0.28320036669753534,-0.46252848551444004,0.2110809219079357,-0.458173128621695,0.1354939901112573,0.9722646539128448,0.264038256427078,-1.351453051453749,-0.5326947074347359,0.9336002888081261,0.530508146075924,-0.42656508314258446,1.231346356436056,0.6515059281598781,-2.354246991129301,-0.39127004373433394,1.3829081074971157,0.3810803671931069,-1.348356641065692,-0.524444132437587,-0.21012898819921588,0.0,0.0,0.0,0.0,0.0,0.0,0.0,0.0,0.0,0.0,0.0,0.0,0.0,0.0,0.0,0.0,0.0,0.0,0.0,0.0,0.0,0.0,0.0,0.0,0.0,0.0,0.0,0.0,0.0,0.0,0.0,0.0,0.0,0.0,0.0,0.0,0
25.632066655193675,0.22755332093160252,0.5735344758049017,53.62899319552229,0.6521680408492376,2.339722138571922,7,-0.46306216417573154,-1.1755165944702668,0.06613956527283094,0.20223155967239848,0.3023799531524318,-0.1706162628956065,-0.36036484121507684,-1.1958208408784472,-0.04157640650981875,0.8066766734363,0.5735344758049017,0.6294896254609412,0.0,0.0,0.0,0.0,0.0,0.0,0.0,0.0,0.0,0.0,0.0,0.0,0.0,0.0,0.0,0.0,0.0,0.0,0.0,0.0,0.0,0.0,0.0,0.0,0.0,0.0,0.0,0.0,0.0,0.0,0.0,0.0,0.0,0.0,0.0,0.0,0.0,0.0,0.0,0.0,0.0,0.0,0.0,0.0,0.0,0.0,0
25.738134913874664,0.4448487057963847,1.760177476112407,53.222030493861524,0.7889164999221451,2.780925587215819,15,0.2825425116333946,1.0048627856973837,0.09596294342156853,-1.2620173422002239,0.13677586616530846,1.1954786368010417,-1.2164341906853586,-0.08623459309631443,1.3246258906794175,-2.6281522887203224,-0.9663421921766897,1.0240054604524076,0.9973891035141484,0.2483772046802173,0.05334681015727227,1.4980570105998297,0.35115786393825843,-1.075000954274202,-1.1559790990468208,1.0484772052221984,0.782321627010127,-1.141648483858141,-0.1385123982766885,1.1640884543091943,-0.2600235248961873,-0.6930988925853825,-0.2535543326748524,-0.43845395880307336,0.0,0.0,0.0,0.0,0.0,0.0,0.0,0.0,0.0,0.0,0.0,0.0,0.0,0.0,0.0,0.0,0.0,0.0,0.0,0.0,0.0,0.0,0.0,0.0,0.0,0.0,0.0,0.0,0.0,0.0,0
25.922076620596652,0.4070835721175221,1.1952389167081208,53.33477351424407,0.8081221049983452,2.945025195307153,8,-0.3394584215890326,-1.1923553517300434,0.07223471077048771,-0.21942763096884477,-0.3521206359303797,-1.5332422126082648,0.9582673905595804,2.5304651106302316,-1.0854656767301947,-1.0638244703753088,0.8844574865762844,0.13311943432456275,0.31078143013183634,0.06885807451196513,0.0,0.0,0.0,0.0,0.0,0.0,0.0,0.0,0.0,0.0,0.0,0.0,0.0,0.0,0.0,0.0,0.0,0.0,0.0,0.0,0.0,0.0,0.0,0.0,0.0,0.0,0.0,0.0,0.0,0.0,0.0,0.0,0.0,0.0,0.0,0.0,0.0,0.0,0.0,0.0,0.0,0.0,0.0,0.0,0
31.22217435594061,2.381124441442697,6.675899959850671,49.0595081807567,2.0456122702279664,5.625793494241414,5,2.2221635059778073,-0.7987649153255276,1.3003135177130254,-1.764476630049792,2.0833403149708154,-1.3644819848839944,1.070082621189023,-1.6980699639820998,0.0,0.0,0.0,0.0,0.0,0.0,0.0,0.0,0.0,0.0,0.0,0.0,0.0,0.0,0.0,0.0,0.0,0.0,0.0,0.0,0.0,0.0,0.0,0.0,0.0,0.0,0.0,0.0,0.0,0.0,0.0,0.0,0.0,0.0,0.0,0.0,0.0,0.0,0.0,0.0,0.0,0.0,0.0,0.0,0.0,0.0,0.0,0.0,0.0,0.0,1
28.769732759995236,4.3865158722398,13.24378977630213,51.77453145035534,1.876878840852306,6.765130476572033,15,1.0716531106269436,-0.11156958877261047,-1.7650546229825075,1.3862827111303915,0.17134417396397694,-1.9859621335650743,0.3312429676142479,-0.11058250924374846,-0.24501719510360687,1.4359919466974347,-0.0905322001746427,-0.10765712077730427,-0.4321147153611733,-1.4088705528774668,0.755219152754723,0.8984789384314169,2.718471999377556,-1.3051506742516708,2.0221848928794444,-0.6429222003005606,1.5369534486561172,-0.9140436071334292,3.188751517536744,-0.3285331042590727,0.9786639110703135,-1.226726479337536,2.043544854027232,-1.069152979955021,0.0,0.0,0.0,0.0,0.0,0.0,0.0,0.0,0.0,0.0,0.0,0.0,0.0,0.0,0.0,0.0,0.0,0.0,0.0,0.0,0.0,0.0,0.0,0.0,0.0,0.0,0.0,0.0,0.0,0.0,1
26.203425125904936,0.46223832238745227,1.7665931864257125,53.17686561326212,0.8737001623921118,3.9388529783279367,20,0.14991914035895704,0.3837439183612332,-0.9936744267662192,-0.0638479099147986,0.2541725587725949,-2.85114410695315,0.625959188194912,2.25167123070856,-0.40100219136995463,-0.26640235808078927,0.1558399265062249,-0.8915162034306405,-0.43321404518365725,2.8451003091308067,1.0245328247023266,-2.23017469269751,0.0932213173133114,-0.5353506487323543,-0.4972398276897607,0.3028830156445892,-0.6615816233792877,0.6055423164891494,-0.3583531835993945,-0.13813871237631048,1.5311413106703249,-0.7786880131761933,-0.7092446175972036,1.0933688959969388,-0.10404950295940196,-0.6454521268062265,0.2966400732583594,-0.22780493289935322,-0.34234193714372907,0.034507795101553995,-0.14619075894949418,-0.7659760424822153,1.240638619146857,0.15930074415781093,0.0,0.0,0.0,0.0,0.0,0.0,0.0,0.0,0.0,0.0,0.0,0.0,0.0,0.0,0.0,0.0,0.0,0.0,0.0,0.0,0
25.861057259044134,0.5038991980061417,1.8950959535697187,53.34817305184671,0.5951415000519825,2.111019299486813,10,0.12550531624355798,1.3725311497331631,-0.6620120692364857,-1.1748537298705273,0.9225764824508111,0.36322955126752987,0.03577570754364601,-0.060607214862606895,0.444799275681536,-0.20473084372325445,0.4919444878937256,-0.7881291600504596,-1.5110739153317105,2.111019299486813,0.6986339396485199,-1.5245590184337203,-0.1821817316947687,0.4521079792455396,0.0,0.0,0.0,0.0,0.0,0.0,0.0,0.0,0.0,0.0,0.0,0.0,0.0,0.0,0.0,0.0,0.0,0.0,0.0,0.0,0.0,0.0,0.0,0.0,0.0,0.0,0.0,0.0,0.0,0.0,0.0,0.0,0.0,0.0,0.0,0.0,0.0,0.0,0.0,0.0,0
25.985608879634356,0.5026222696285663,2.2970747636884212,53.04530891741748,0.6106197624868289,2.549378903758914,28,-0.9939059864916331,1.9590047342203647,0.2797845189685759,-1.0276798327573786,0.1627368665851172,-0.40007090105815024,-0.003989753266200324,-0.13705448977351153,-0.539379231608546,0.6132683674227053,0.20057134211621275,-0.20208042244711066,0.3378963189764086,0.20057246178918575,-0.1938671004426915,-0.10048819079536031,0.8693035158162843,0.5727926340293621,-1.1120728780858258,-0.8050696794513925,-0.24511183442646,0.5966962454882605,0.6421195635281585,-0.33747918310605485,-0.7114427080251531,-0.12350448382205315,0.23996263386719718,-0.481674251336905,0.26956818099649027,0.2673168521861058,-0.05682313747327328,0.014045698310006571,-0.013723518116947275,0.901347152481911,-0.25153891828517416,-0.6744888719168003,0.46661539004136543,-0.9114778909224768,0.9014226835778487,-0.5143501180792569,-0.6715733392842012,0.32703622238611274,-1.3365918504825487,0.35914901519781495,0.7182142747331355,0.9198533709129322,0.4696451524497718,-0.8639938480309723,-1.013902764813146,1.476468263747556,-0.46286623629143264,-1.9624759329050363,0.8483621720004528,1.5116206055586545,0.0,0.0,0.0,0.0,0
26.281388496881394,0.49700366120021017,1.6120319918403112,53.04679447881817,0.7808501890380131,3.377785293711014,25,-0.46256142636963204,2.380227661185849,1.0924627718708848,-1.7945703694102377,-0.4507893787955908,0.6555370604275481,-0.006285647202727063,-0.1898361477285775,-0.642923983100129,-0.17994887893677713,1.5053207141303773,0.9679493077045578,-1.4223453443568879,-0.5559786891714396,-0.13739963150789336,-0.530007637456066,0.710276437122733,0.6573554322613475,-0.255757232007511,-0.6800658054754436,-0.506806221090752,0.12664898213206754,1.507115735664879,-0.767590072029904,-0.6101238319478739,0.8375632764432339,-0.4857970984624487,0.755610815903438,1.1985524149076632,-0.36566368674920113,-0.7951649933975062,1.4223510008120854,-0.41134055704057104,0.6382030437985335,1.1466693074849097,-2.461628696033621,-0.8112264558513615,-0.29527948910685353,-0.021869735576917293,1.570507443250584,-0.5007964447404376,-0.6356866434611206,0.21788055643007453,0.6405328279859432,-0.23005324078193112,-0.5896348366483721,0.9252143709528333,-0.47455086230422694,0.0,0.0,0.0,0.0,0.0,0.0,0.0,0.0,0.0,0.0,0
25.840330187914454,0.5771783381804778,1.7472431554223782,53.18170764899926,0.5219696500465418,1.912257536414316,10,-1.3089014973741335,0.1981404566549898,1.4687616905801484,0.3306628698081937,-1.7472431554223782,0.8229274021452113,1.182290408706283,-1.912257536414316,-0.7302741422970236,0.9784334968647883,-0.20802820707413616,-0.8413017128004938,0.7457343649020309,0.3187826133852596,0.38796081965151075,0.6855096148303019,-0.4357629566144432,-0.40091759600748844,0.0,0.0,0.0,0.0,0.0,0.0,0.0,0.0,0.0,0.0,0.0,0.0,0.0,0.0,0.0,0.0,0.0,0.0,0.0,0.0,0.0,0.0,0.0,0.0,0.0,0.0,0.0,0.0,0.0,0.0,0.0,0.0,0.0,0.0,0.0,0.0,0.0,0.0,0.0,0.0,0
25.958340829570155,0.4980153410783144,1.5998056287685252,52.973541317286276,0.7775815709474991,2.2063254640833136,10,-0.8218441368361589,0.8556221719408015,0.4698665947798695,-0.9239892742839686,-0.8610126765870412,-0.19892471679462886,0.38566159334492056,1.408494612781098,-0.12661148838209257,0.5365183916997012,0.7901414045795647,-0.7903504618301795,-0.9650494480128309,-1.2878863359966886,1.5156635672389633,0.3301739073288843,-0.7845441236060857,1.8761515567544294,0.0,0.0,0.0,0.0,0.0,0.0,0.0,0.0,0.0,0.0,0.0,0.0,0.0,0.0,0.0,0.0,0.0,0.0,0.0,0.0,0.0,0.0,0.0,0.0,0.0,0.0,0.0,0.0,0.0,0.0,0.0,0.0,0.0,0.0,0.0,0.0,0.0,0.0,0.0,0.0,0
25.975993143111992,0.5428105369104358,1.9859836292348128,53.094885718887234,0.8706155717124322,3.264975043174225,19,0.3007883340927293,1.0135539587507267,0.5784277932616213,-1.4886262885053156,-1.57135166745325,0.11649562870557162,0.4639643970198506,1.3027437941234368,-0.7970305773892115,-0.2785844132593027,0.8736987671095342,-2.0650687356471025,0.8464768476445137,2.2850329928691124,-0.5839839887210374,-2.4426426733581437,0.14911758161997568,1.66036115697392,-0.2951297158114201,0.2253988921004364,-0.44974871939595573,-0.4520741047020067,-0.4084272625408012,-0.4502433858518202,1.4929583477595685,-0.05767283534466827,-0.949245528456089,-1.6200950712783424,0.13298461004621487,2.099307344155555,-0.8902667206667054,-0.09511419073733407,0.6577460676159816,1.1782278174493328,0.3891911164944837,-1.4218834244576897,0.0,0.0,0.0,0.0,0.0,0.0,0.0,0.0,0.0,0.0,0.0,0.0,0.0,0.0,0.0,0.0,0.0,0.0,0.0,0.0,0.0,0.0,0
26.059839528545194,0.5312046783598863,1.5404294334840607,52.792847534101234,1.0638097004724851,2.9481164621227762,5,-0.8346283741331781,2.9481164621227762,-0.1464786502188744,-1.5954256418311275,0.6354651104269955,1.3607396032308259,-1.1947875195590036,-0.6547680428867793,0.0,0.0,0.0,0.0,0.0,0.0,0.0,0.0,0.0,0.0,0.0,0.0,0.0,0.0,0.0,0.0,0.0,0.0,0.0,0.0,0.0,0.0,0.0,0.0,0.0,0.0,0.0,0.0,0.0,0.0,0.0,0.0,0.0,0.0,0.0,0.0,0.0,0.0,0.0,0.0,0.0,0.0,0.0,0.0,0.0,0.0,0.0,0.0,0.0,0.0,0
26.087085933638892,0.4920864527209707,2.0729386720232377,53.13868418343065,0.8602573504485291,4.127706602940215,21,1.1814136997513423,1.109921153820224,-1.8039347456431258,-1.4575726072067567,1.22309859950699,2.2448059631832464,0.2011203076276793,-3.5339484788663142,-0.9924897364040817,1.054233235505194,0.4640432850497582,0.5998337289584867,0.18699956830401376,-1.0910766480662915,-0.12284650701336375,1.5580090881298148,0.3188173904770615,-0.5086550555467042,-0.16477364534316052,-0.610025170653067,0.31433361315434283,0.5162570368480033,-0.22830273844741455,-0.18457615014732198,-0.11025754585966752,0.36053224874184053,-0.19280316493555105,-0.7061427083606446,0.2618349602442791,-1.5821477294832107,0.7504843106231931,2.4596446653007717,-0.9173149345843612,-0.7432389260589716,-0.5935500498229374,-0.5765089399619399,1.1846393803227961,0.3288138409164887,0.4899055791236613,0.14253485814910505,0.0,0.0,0.0,0.0,0.0,0.0,0.0,0.0,0.0,0.0,0.0,0.0,0.0,0.0,0.0,0.0,0.0,0.0,0
26.01551900809897,0.425644922569686,1.6155209814904445,53.02113219502581,0.8245028573610607,3.5675303246111696,29,0.29947513048481866,0.8669003820100585,0.38664766544767915,-1.1204424221787477,-0.027647289771884687,0.9194829065920089,-0.3816662352694742,-0.8054593815769593,-0.1773484721182932,-0.6136617870202628,0.2176217817774031,2.8284446768811478,0.5748737804983399,-1.6954413167658444,-0.47156894940945904,-1.8720890078453252,0.7592269188539689,2.195554463987051,0.1450390761113205,-0.591188988829316,0.29086757488602544,0.5619901001315668,-0.5596578895168811,-0.2600753014325221,-0.10106440757330759,-1.0444315416917505,0.4774839508448103,1.3469640503493565,-1.2978000177800624,-1.2662875831933462,0.9222762079089044,-0.11565654717914953,0.1614528680040408,0.3779071954116944,-0.47979414446191626,-0.5624752635362,0.41648586728054937,1.2313181144345577,-0.5782629515644615,1.2676134847977494,0.18668622929428835,-2.551662843943724,0.16352307266835808,1.9830454987325012,-0.01484206152425216,-1.5788696696467568,-0.8632270438915661,0.004060225990826893,0.4379676747385268,-0.4382755845573314,0.2780140272179423,1.1875712738526047,0.17489901950964537,-1.3333321202695743,0.14055708371034825,0.6797537733598134,0.0,0.0,0
27.82871583964381,3.719677693059566,13.909826896592111,51.70045737900785,2.646116599679142,10.524948889937768,28,0.4590965270272669,-1.3405294936864323,-0.14694287700476494,1.4868581401063707,-0.22144893374773744,0.9044583489982756,0.1692422393899946,-1.9790178225869326,-0.11815671598112232,2.459065739241737,-0.36221199596459286,-2.004236992620818,-0.08436672987680183,0.9892517925288189,1.9261965602319542,-1.529784650085503,-1.0293284253232642,2.7858868370157026,0.22632621442973289,-2.5754901294686334,-0.23877766983626003,1.0138455892153715,0.3946188276565792,-0.5944831018198471,-0.4098486261743801,0.3888817553516972,-1.3390945596331214,0.12959706285300143,0.6333103552279731,-0.3506297607297313,0.537269644800709,-0.2828819129718596,-0.01363882621438961,0.5060654360921433,-0.03878508515353829,-0.01740881988941112,-0.6235823122997282,0.3142485332563467,0.2772089668779856,0.12850315598927153,1.558330457240075,-1.9638070509591827,2.505971794095384,-0.2702359346385208,1.4323756567947328,-2.5344591694189162,2.6841373753334814,-0.4809366205525478,1.4809826435914744,-1.6574392077516649,1.4286037971001662,-1.3862588538560061,2.0476424291977864,-0.8920598606392787,0.0,0.0,0.0,0.0,1
26.145342217482188,0.43299691036281096,1.773723083024091,52.787759286036994,0.8620809610674454,2.9495917838829016,19,-0.22684589474264882,-0.8026542842037259,-0.17791890175639935,0.7788338462796176,-0.6521514063913685,0.5905814092550159,0.03560354122415532,0.7970352749843954,-0.5369013605212629,-2.1987504705013023,1.0550542828315876,0.38139458547824745,-0.1362707014510285,-0.7894263886372883,0.5798073118677429,2.9495917838829016,-0.40806524815148393,-1.3132313650580798,-0.3902767158435161,-0.4755825584618947,-0.08043122245140921,-1.090639491914402,0.4151074279028002,1.4357554464226183,-0.046527653078346276,-0.3216237251056313,0.7853256013977443,-1.111405399589522,-0.9658628288545685,1.2043575182652262,0.29762201174581193,1.2103928641885986,0.5740980950969963,-1.1884178779508119,-0.8905816203489287,1.1494823290002216,0.0,0.0,0.0,0.0,0.0,0.0,0.0,0.0,0.0,0.0,0.0,0.0,0.0,0.0,0.0,0.0,0.0,0.0,0.0,0.0,0.0,0.0,0
26.014133121666024,0.44795791287734377,1.416874644319627,53.09611995054956,0.8941172299470463,3.2854665966354233,22,-0.9125795919702355,1.4482259797389219,0.08951428334756173,1.1691638739728134,0.2954178426672378,-1.835104526505944,0.26059237446172645,-0.1498230282452795,0.1998938586060639,1.54880796395382,0.048054787067950855,-1.722675428745859,-1.1260489336080717,1.7410058113985798,1.0941085134132393,-1.7659817776429207,-0.4700455932481198,0.6771674011537101,-0.518222268330959,0.09148250381990408,-0.3111586956230532,0.75642899331487,0.17287378750826576,0.9343287386164079,0.5814056840837587,-1.7749840408065864,-0.4278750752314586,0.26229092225359096,0.42692584726670546,-1.3529352865758568,-0.744760149820241,1.3351171090126144,0.18662839386580998,0.9564875377717996,0.33194525650944584,0.9664638501508378,-0.04109483483518517,-2.177774404683241,-0.5524501304500689,0.8609297706515378,0.32397129980541095,0.35255671740589634,0.0,0.0,0.0,0.0,0.0,0.0,0.0,0.0,0.0,0.0,0.0,0.0,0.0,0.0,0.0,0.0,0
25.994319803264606,0.511532095036489,2.028641408453904,52.94066669989494,0.7151018963400445,3.37601032905922,28,-0.4274673536539524,0.35301563617882437,-0.25006575983826096,-0.3511985999920384,-0.3121023695848528,0.643042404717427,0.20116859393336028,-0.15368476526877828,0.9855447318984716,-0.695576354761954,-0.8681878923639239,-0.1345447428935671,1.2409695846634854,-0.05696797982874102,-0.5920895964538246,-0.11498498904312271,-0.7230312575272464,2.321610474903288,0.10193282244670243,-2.1821930411654265,-0.7480632683853727,1.3781856795113754,0.8344952389217859,-0.7426958557420917,1.194146169532118,-0.41528590528884735,-0.1576568132334657,0.4396200292078376,-0.012404946832926811,0.04837794151735153,-0.4995716575284881,-1.6099587230852705,-0.393587583353888,1.3440950780681575,0.1378612051513528,0.06727705610099832,0.2234545248792692,-0.2683745842842171,-0.2804996294708211,-1.435058003899087,-0.3849002570579074,1.4326594803609467,0.35706615365380756,1.5564714548101861,-0.6404018192876961,-0.8503803119628941,0.9737526567850772,-1.2825305321503961,-0.7518016048669196,1.5566485474437428,0.7392640395489884,-1.6002711786749586,-0.8249237134453686,1.1008401521553495,0.0,0.0,0.0,0.0,0
25.992345786691697,0.12008892683724491,0.3101969711271835,52.74224604470734,0.8000728678220563,2.4811707017305125,6,0.042022480188446565,0.7028574939640677,-0.3101969711271835,1.1954073985607465,0.07638253040681775,-0.7857657385188759,0.0038985371602819896,-0.04503672305487072,-0.06364744583470738,1.4137082707794448,0.0,0.0,0.0,0.0,0.0,0.0,0.0,0.0,0.0,0.0,0.0,0.0,0.0,0.0,0.0,0.0,0.0,0.0,0.0,0.0,0.0,0.0,0.0,0.0,0.0,0.0,0.0,0.0,0.0,0.0,0.0,0.0,0.0,0.0,0.0,0.0,0.0,0.0,0.0,0.0,0.0,0.0,0.0,0.0,0.0,0.0,0.0,0.0,0
25.986297969799544,0.4235782780518871,1.4343800717303203,53.13449508281828,0.7711850549820154,3.067403291656724,14,1.3924363876580799,-0.7039389925787773,0.04194368407224047,1.5304821372442987,-0.6617956255517292,-0.8481284425469369,-0.43225443820971776,-0.2812086788075874,0.11016184234355464,0.10651191520539527,0.16404776937173082,0.42191883514420425,0.24109542695786956,-0.41288016830795016,-0.29157686885369927,-0.006688206807012875,-0.2769511261957156,0.9172069930914049,0.9406987090588039,-1.987495516650121,-0.38286199807116716,0.13348095031384588,-0.6548289552550237,1.6228131996695154,0.6718412393608695,1.311109141673363,0.0,0.0,0.0,0.0,0.0,0.0,0.0,0.0,0.0,0.0,0.0,0.0,0.0,0.0,0.0,0.0,0.0,0.0,0.0,0.0,0.0,0.0,0.0,0.0,0.0,0.0,0.0,0.0,0.0,0.0,0.0,0.0,0
25.968735521330217,0.4307746007863329,1.477396901756503,53.3432486065809,0.9303538276852263,4.175180629777181,18,-0.307399950277361,0.4241486849625957,-0.46545389045420293,-0.5884293574741974,1.291600085317448,0.19029699188543958,-1.1424533661273664,0.9066395146070079,-0.25219718689261583,0.6121086560346782,0.9763336498821289,-2.237288627224345,-0.15730466952861377,-0.6265292676486638,0.45683227929145076,-1.311362734904172,-0.3944565609061179,3.6032058712718325,-0.1778137368235626,-1.9944478629787454,0.4914071422758681,0.8247607620252992,-1.2777444529276742,0.15791316760259377,0.7330717138451277,0.11632184841709403,-0.38241921729909834,-0.8450527337839162,0.5997956066765582,0.836377044606067,0.28132159511811494,-0.20198284515677756,-0.26840938041070217,-0.9761125114179308,0.0,0.0,0.0,0.0,0.0,0.0,0.0,0.0,0.0,0.0,0.0,0.0,0.0,0.0,0.0,0.0,0.0,0.0,0.0,0.0,0.0,0.0,0.0,0.0,0
47.821767183822246,15.069936710781416,47.74350612322069,45.29440725434229,3.7083029239763525,10.591948229255948,26,-0.44590543695830576,0.6297522582644319,0.823903879201513,0.17849626763180027,1.7844038780074598,-1.7161079524113632,2.5293422892915736,-2.0682592912246065,1.9112500601762648,-1.3002686770276242,1.5622464660224438,-1.8585455151139882,2.2748902405570064,-0.8647057183710061,1.9781133586668318,-1.542133796090333,2.3060014617365923,-1.2419272790170268,2.5702128213159128,0.0,1.035942489226791,0.0,2.9262031969679825,0.0,1.4937002707123526,0.0,2.1099278728903954,0.0,2.473533245771904,0.0,1.464636250461453,0.0,2.200822942141457,0.0,1.844756663383066,0.0,2.11759020324336,0.0,1.8810148708763208,0.0,2.4805201656297413,0.0,2.1176941723824285,0.0,2.1321914518934335,0.0,2.082098351885449,0.0,1.6425095207789582,0.0,0.0,0.0,0.0,0.0,0.0,0.0,0.0,0.0,1
25.969528540217272,0.48755707020469663,1.8177321399323958,52.886913965429116,0.752606597959349,2.6435109817775526,15,-0.5333440333167481,-1.1398568463454026,0.21782592185350325,1.2419325971639381,-0.6429593972238727,-1.335909146758837,0.3307647488194867,-0.6530317021245722,0.27761895745148735,2.2772509822652083,0.9684445597747775,-0.6381283603508976,-0.8078054291860077,-0.3936650514666269,0.575095708607904,-1.1745450668098059,-0.592113562217893,1.0800806089012127,-0.4631157258078886,0.40604335159995486,0.7857969029526615,-1.0862412278678946,-0.6951517880698503,0.9662674446635151,0.2238788586022551,1.2064483008428866,1.2143189090054634,-1.0589618515774575,0.0,0.0,0.0,0.0,0.0,0.0,0.0,0.0,0.0,0.0,0.0,0.0,0.0,0.0,0.0,0.0,0.0,0.0,0.0,0.0,0.0,0.0,0.0,0.0,0.0,0.0,0.0,0.0,0.0,0.0,0
25.89967495380592,0.39523774905820197,1.3194121192214645,53.297169098602104,0.6793922743218538,2.0760350205950644,10,0.2447769919023095,-0.48742256553460805,0.8082354699640568,0.6739554662191338,-0.5761022601775885,-0.7979743320549915,-0.05248514794461556,0.6465405660489552,-0.15167896669967362,-0.1409318729888227,-0.38292659373376026,1.5264313835013397,1.3194121192214645,0.043994944033592276,-0.7877206787864672,-0.8983917503507399,-0.16173339723695435,-0.7006155138139363,0.0,0.0,0.0,0.0,0.0,0.0,0.0,0.0,0.0,0.0,0.0,0.0,0.0,0.0,0.0,0.0,0.0,0.0,0.0,0.0,0.0,0.0,0.0,0.0,0.0,0.0,0.0,0.0,0.0,0.0,0.0,0.0,0.0,0.0,0.0,0.0,0.0,0.0,0.0,0.0,0
26.013864691053836,0.39898969925116246,1.6154833237463606,52.8943143587754,0.7955117948878905,3.2960357717211224,24,-1.1365223446913753,-0.8944272995458888,0.5425713087630868,-0.43184727975457804,-0.19365261951228518,0.21852432231209207,0.2010453026211394,0.6232947481856854,-0.1331070879375318,-0.33592522131959157,0.06733298045345038,0.6620343608877022,-0.1991433605800026,-0.5322924098621726,0.5107438799994348,0.524505812784426,0.3662940709113691,-0.4711333522751957,-0.530251491499957,0.21008687741961296,0.9832234189921074,-0.7459750880093452,-0.9648834871805398,1.9329252823313823,0.36375469725304654,-2.452653850796473,-0.7829006414809854,3.2960357717211224,0.3223235530872195,-1.6125046330364015,-0.09764993784971665,-1.629212356567045,-0.4561275075753848,1.3293242930893285,0.2271095109523209,0.09872758189348474,0.5628954740801397,1.016199248373944,0.4632773392689842,-2.273194637625579,-0.3612001918837855,0.0009539583324595924,-0.11264374073622818,1.3539974669037917,-0.5970213646017513,-0.12121794875447733,0.0,0.0,0.0,0.0,0.0,0.0,0.0,0.0,0.0,0.0,0.0,0.0,0
25.969007617965953,0.45214807346148567,1.96050160584333,52.79577155430258,0.7399421213020237,3.045168316049441,19,1.4751813552064483,0.4440560089631802,-0.9578705123097215,-1.6402817878005962,-0.3499449874992102,3.045168316049441,0.7255979700900284,-1.759977216245396,-1.3782840761244266,0.06515925287483526,1.2145576414466035,-0.6354641916013506,-0.5051152689833565,1.7403349356942357,0.06491555467595589,0.13373138603297718,0.8987410938575628,-1.2782275896792896,-0.4330941883786785,-0.45449618836301653,-0.7784659449690174,0.9266331632665938,0.5896089225443113,-0.2798494548723056,0.03276716777354238,0.8589304124791752,-0.18956532066170695,-0.7004817281273432,-0.34907049321008543,-0.056986456768044036,0.5935330722945196,0.6983724798270075,0.23700360533472065,-1.7971487511784545,-0.12353765090762892,1.0117784504883645,0.0,0.0,0.0,0.0,0.0,0.0,0.0,0.0,0.0,0.0,0.0,0.0,0.0,0.0,0.0,0.0,0.0,0.0,0.0,0.0,0.0,0.0,0
25.921145118250337,0.41426550825058944,1.4948613849934134,52.98158043752984,0.5828097646799106,2.331476958548315,20,0.48026441667881414,-1.1525592461041327,-1.3818087831093848,1.0092742315610934,0.3120062148380427,-0.31587440023760394,-0.06821966280342551,-0.1366820603994796,0.2597568051083172,-0.9469362642051067,0.4936441373618763,1.1157410614606604,-0.9005019051355241,0.02536249647444322,0.8089513244989277,-0.0665825402951441,-0.5449300576076723,0.2386578501879768,0.11999843260865006,0.23563592143377576,0.2737398583103996,-1.4340951744217207,0.7404162378138217,0.7050617780234987,-1.196797595657813,0.5859709503940778,0.31612682938034453,-0.6273299379514015,-0.49906591605181205,0.9822547023494792,0.17813875462616835,-0.6953960482954216,-0.18269685928987656,-1.6360809102528933,0.6660632614455224,2.2354812482569955,0.0902618407611051,-0.7652257168424228,0.0,0.0,0.0,0.0,0.0,0.0,0.0,0.0,0.0,0.0,0.0,0.0,0.0,0.0,0.0,0.0,0.0,0.0,0.0,0.0,0
26.033247281619662,0.6342809774749385,1.9193426514559846,52.8264995771638,1.0486083338126069,3.1637375147391396,9,1.3452318988231475,0.23206636306368722,-1.9193426514559846,-2.4028624971634045,0.11314179652791623,0.8278663698991195,0.08233890411016276,-0.110045407838264,-0.14026762505408996,-1.3803670029628918,0.0253441610249574,2.4466235733550192,1.2831493801694052,-0.0978108593316307,-0.8281312388472557,0.814924800715751,0.0,0.0,0.0,0.0,0.0,0.0,0.0,0.0,0.0,0.0,0.0,0.0,0.0,0.0,0.0,0.0,0.0,0.0,0.0,0.0,0.0,0.0,0.0,0.0,0.0,0.0,0.0,0.0,0.0,0.0,0.0,0.0,0.0,0.0,0.0,0.0,0.0,0.0,0.0,0.0,0.0,0.0,0
26.0619957891064,0.5410001482890513,2.2245458238009697,52.771866163811566,0.9187119418398152,2.869887061736037,10,0.4438047371519467,-1.3062235907836524,-0.45865780669620904,0.6190933839124497,-0.7025120859157177,-0.24444537202247574,1.1128895116095912,0.12063141909188602,-0.3395141838066138,-1.4687877668727722,0.5315846644321987,2.097599342439409,-0.3195115885285773,-2.6877544775008815,0.3025269434158915,1.8305201568552079,0.9365704766784795,-1.3916173666763214,0.0,0.0,0.0,0.0,0.0,0.0,0.0,0.0,0.0,0.0,0.0,0.0,0.0,0.0,0.0,0.0,0.0,0.0,0.0,0.0,0.0,0.0,0.0,0.0,0.0,0.0,0.0,0.0,0.0,0.0,0.0,0.0,0.0,0.0,0.0,0.0,0.0,0.0,0.0,0.0,0
31.916914103443442,5.268876826297176,15.2733758347611,49.32271918385441,3.013496974490519,8.62263496272547,11,0.5602117645853539,-0.20401996739072814,0.29346652988454025,0.4555957722079498,1.5625913769760658,-1.3186109401877886,2.310474630999586,-0.6662131091329329,1.5300131452385592,-1.351842342459193,1.5706306465255508,-0.5959526742131658,2.72358631445244,-1.2540117257185557,1.4122957582096376,-1.273769765657768,1.7277877105678812,-1.8213497121975593,1.5823179573214858,-0.34088469315850745,0.0,0.0,0.0,0.0,0.0,0.0,0.0,0.0,0.0,0.0,0.0,0.0,0.0,0.0,0.0,0.0,0.0,0.0,0.0,0.0,0.0,0.0,0.0,0.0,0.0,0.0,0.0,0.0,0.0,0.0,0.0,0.0,0.0,0.0,0.0,0.0,0.0,0.0,1
26.085555091937533,0.5088363106004017,2.0190871571638915,53.0751614769824,0.8344851757969982,3.9032998184533554,30,-0.8768650599815011,1.3330416180225981,0.6417147415992908,1.6149488072140272,0.0889639773284081,-0.16543371015643515,-0.013989894203565001,-0.6155940278082497,0.023730231618639408,0.8238578478558765,-0.6909788247976465,-1.6325938517341143,0.3813960004487633,0.15696379470631427,-0.03191184870100372,-0.1714133794829351,0.19454476908770246,0.7473813130702354,-0.9683715632192076,1.8121414067660382,0.2000560294376399,-2.0424460303678273,1.7797761160564534,-1.2061689195690803,-0.7174738665231821,0.03037038951659099,-0.46915788092093536,0.1855675624264066,0.14440769041596724,0.0475410122055564,0.9710150579967838,-0.07120153414697228,-1.9460275599614079,0.895745542166253,0.9940297821896351,-1.3164596921351333,-0.22777549068324632,1.5332246248166115,0.7920704579300271,0.3984028391748353,-0.33439523606013566,-1.2871974215723796,0.7951576437876113,0.7726183426145496,-0.6749306050879902,0.25667645232847747,-0.6283166633460624,0.17021211347312004,0.1034898252710974,-0.6145137692191796,0.46011255979750487,-0.8463628678125303,0.38399011589848087,0.8444175800771845,-1.0806341278986444,-0.21145050880920735,0.48221731477965335,0.23711105962906487,0
26.129734779893003,0.41447427161834016,1.4346281680801205,52.80709835148081,0.9264502657446417,3.5233218758937497,11,-0.7922586814569748,2.030193361982974,0.3256753362232203,-2.004460228213837,1.1089528318569002,-0.6959073618891907,-0.9244813064814181,0.13978063807869034,0.11755445868289272,1.1488855232026793,-0.5023107531655988,-1.7673897032279058,0.1479117213013943,1.5032512864888048,0.9122190471558724,-0.9395204072909422,-0.6990157792454319,-0.9079616230420484,-0.0921113230827082,0.7029578716307299,0.0,0.0,0.0,0.0,0.0,0.0,0.0,0.0,0.0,0.0,0.0,0.0,0.0,0.0,0.0,0.0,0.0,0.0,0.0,0.0,0.0,0.0,0.0,0.0,0.0,0.0,0.0,0.0,0.0,0.0,0.0,0.0,0.0,0.0,0.0,0.0,0.0,0.0,0
26.03936617107529,0.5888014522428469,2.4671030728215158,52.890311500737155,0.8882913147041133,4.064971921514562,27,-0.3470057501717818,0.02967824614850656,-0.9331569040018586,-1.6740558635134235,1.0024974023117004,0.8491226505384972,-0.1676284727209314,0.2456078089494369,-0.9274689749169376,-0.011437526204524318,0.4666012286831993,0.5045528619973467,-1.560941602004906,-0.9797441663386337,0.7670190970787907,1.6392458394016103,1.100171133828706,-1.623813013052299,0.4069896037025593,-0.59204639617856,-0.4050594080076557,0.7258467029059119,-0.38473571954344266,0.38466651411182795,-0.5442107778500258,-1.1462725272094616,0.8387139255453633,0.6971545280674292,-1.2803260721251277,-0.7463245050555187,1.215627626797442,1.5546575316610927,-0.7082990233060187,-0.7045024932130772,0.8284742720119347,-1.7667802924123563,0.02422338925758183,2.7391915318548783,-0.684604042650669,-1.7668938942217949,0.7496362721728751,3.0700046034422073,-1.3439959909946673,-2.680289033913404,0.8053043343438233,0.08407424027131327,0.46730897789135994,0.5910030786630784,-0.0846755095994105,-2.0597602065355503,-0.5887001979194224,2.283765603076027,0.0,0.0,0.0,0.0,0.0,0.0,0
25.971846719704644,0.5163486649577579,1.87304803688669,53.063602330826455,0.839923574048299,3.5549987480807346,17,0.4720478317780028,0.6626260481895656,0.5443351364422178,-0.026664203020132504,-0.10909773502395836,-0.11864831342188609,0.7581228326015932,0.6313490479041874,-0.976075005608859,-1.4000141922132272,0.2085748810428143,2.8043877771810912,-0.23650923228376897,-0.7498081634320926,0.713221020753025,-1.94941000532679,-0.8197354069355676,0.735634397188818,0.3128276802320755,-0.5651085834668237,-0.6443149406847759,0.9880001677127694,0.4974135062489786,-0.58031396239749,1.095700053746679,-1.4339925983591257,0.05653741457823358,0.7686080082149047,-0.5509619006875432,1.7979460483101448,-0.1163668972523233,-1.2362819776480407,0.0,0.0,0.0,0.0,0.0,0.0,0.0,0.0,0.0,0.0,0.0,0.0,0.0,0.0,0.0,0.0,0.0,0.0,0.0,0.0,0.0,0.0,0.0,0.0,0.0,0.0,0
26.06380612214897,0.4544734386310153,1.6635399849692938,53.06899613796746,0.7406079496694947,2.5252748088208534,21,-0.35805289712737576,0.47202933634528677,1.0956386312541397,-1.4483632653285028,-0.9295710524430731,0.5667151308834164,0.40852744891332193,-0.8819026537613226,-0.7044376992806498,0.4628622250483616,-0.039404358318581245,-0.45403126952437844,1.4582761130965594,1.134442371186644,-0.69932303837831,0.4011418204470658,-0.12278197228606302,-2.3061391677721375,-0.15843913277570465,0.8810718520488905,-0.17768679349090633,-0.3489081499910611,0.6805251579976037,0.1777497722746304,0.41868957737854373,0.06161267591186714,-0.30143663173465285,-0.5008529318227914,-0.10342157509781558,0.9178131868351898,-0.4622781647726377,-1.155682298145834,0.47443739571181354,1.6385077479428105,0.6569790493208636,-0.47121864389664125,-1.1074488484673104,-1.0839635465526953,0.3125281675732694,-0.04230997895940902,0.0,0.0,0.0,0.0,0.0,0.0,0.0,0.0,0.0,0.0,0.0,0.0,0.0,0.0,0.0,0.0,0.0,0.0,0
25.93543430247838,0.6657781595644461,2.421247777929171,52.75367531071419,0.7254099424845943,2.657052984003329,11,1.0122301607028454,0.3073941497240753,-0.5186493116914228,0.5617444432868979,0.8673772388115282,-1.1363943157347052,0.003350809968566182,2.657052984003329,-0.5756471325012917,-1.2857257007348508,0.21931421534322837,-0.778480716487266,1.1488129798167677,0.9901886466436451,-0.4939565828535599,-0.24138488248549095,-0.613690648489932,-0.3605655459389965,1.3721060488224417,-0.7230912661565014,0.0,0.0,0.0,0.0,0.0,0.0,0.0,0.0,0.0,0.0,0.0,0.0,0.0,0.0,0.0,0.0,0.0,0.0,0.0,0.0,0.0,0.0,0.0,0.0,0.0,0.0,0.0,0.0,0.0,0.0,0.0,0.0,0.0,0.0,0.0,0.0,0.0,0.0,0
25.755269562558862,0.6029871167899453,2.016118877090957,53.033326183166224,0.6023788921189633,2.6709745190718763,25,1.5253502022306868,-0.8168861852607421,-1.2713623334836655,0.5515660133240985,0.8173958575781377,-0.4211084616249181,-0.16229973872977155,0.37451078148721706,0.09999280510781716,0.6690314390884353,0.03329778597188948,-0.8599733671520013,-1.1717899472888504,0.4408715710657205,0.46760981493166653,0.013203218978517839,-0.34585098337176845,-0.4501129159568009,0.7786745100326549,-0.3278242738978463,-0.7563226964859133,0.16859410645247408,-0.3288514224744965,0.9794948865116311,0.8717849202648225,0.06658516275229687,-0.9858008579719346,-1.5361688289951374,1.2339086236042007,0.70144399750437,-0.7581838590493497,-0.39354602777145686,0.20852488764875687,1.2422994390547757,-0.7199181125387355,-1.0169243755968296,1.965259093483123,2.137701485881017,-1.5565085503933105,-1.5864211421394572,0.5494568262150921,0.771279251460939,-0.7138686789566755,-1.757285824821274,0.47803539204023693,0.821066380711386,1.2937447947024907,0.48356075942749044,0.0,0.0,0.0,0.0,0.0,0.0,0.0,0.0,0.0,0.0,0
25.913544001080776,0.48662637403265707,1.6486030036221244,52.96053358902634,0.6974655796093312,3.1185272176171566,17,-0.7309809275914354,-2.4501716450603936,0.4719294253176898,2.5773176403397358,-0.518395657561193,-0.4018862821916258,0.7953313946324378,0.9430958594690466,0.6818165179491942,-1.7742155307446907,-0.9866009907463535,1.3495377752901163,0.48033833673922643,-0.6272441450884685,-0.17507637345968874,-0.1272049001668094,0.8527941185073082,-0.49674534726796793,-0.16647232743799378,0.3146314055801014,-1.4285761419803045,-0.7077679683016811,0.6987709373695523,0.46524564322979245,-0.3471877450170453,-0.1544153331372442,0.14242772236805834,0.2436766933741339,0.6931413134656985,0.08355151269500993,-0.2961341709690899,0.020058894174539432,0.0,0.0,0.0,0.0,0.0,0.0,0.0,0.0,0.0,0.0,0.0,0.0,0.0,0.0,0.0,0.0,0.0,0.0,0.0,0.0,0.0,0.0,0.0,0.0,0.0,0.0,0
26.010482941917697,0.24066058000409,0.9728166274621515,52.71500042937973,0.671915026563666,2.166867877405096,13,-0.027021484506562388,-1.7855826720192738,-0.05033105377602354,1.5118063583059325,0.15352956909548965,-0.9022825616346637,-0.5835549185191304,1.3794107291995346,0.26161830035847444,-1.3571868694255826,0.11095618824581877,0.277912611944636,0.35666723639920406,-1.003442595099152,0.2435749024586542,1.5456759217189813,-0.5375271730128972,-0.6279335618373381,0.433190448081227,-0.09567014395771878,-0.3223089304538824,0.451677249209709,-0.08016066261208366,-1.3579004899586309,0.0,0.0,0.0,0.0,0.0,0.0,0.0,0.0,0.0,0.0,0.0,0.0,0.0,0.0,0.0,0.0,0.0,0.0,0.0,0.0,0.0,0.0,0.0,0.0,0.0,0.0,0.0,0.0,0.0,0.0,0.0,0.0,0.0,0.0,0
26.04790295457867,0.5555620130654648,2.3646612285051845,53.090268402414175,0.7039871050452648,3.1158830763782888,24,-0.08741149690300176,-0.0982667410162108,0.3282632949986244,0.30815621517562874,-0.8240086097728891,-0.06833144183246276,1.621323863724907,1.1093706083988621,-1.0335279760308609,-1.5518030941930618,0.47458246514484514,0.410084714185146,-0.2441791604343848,0.29634392060530956,-0.18113841612997206,-1.2243966982989605,0.16525504567203697,-0.4946163658778673,-0.05577805488350762,1.3060405980916059,-0.25766074092608804,-0.6143507695926189,1.284715745215017,0.9437913611963324,-0.639499117418584,-0.036683006202423485,-1.3544915404243305,0.20379723804685312,1.3225769784372226,-1.4199711218092048,-0.4900488980994453,0.1691314229112777,0.7829120096175863,0.5451413638857474,-0.9814924244256176,-0.2281073945467682,-1.004618236192016,0.5077812332716434,0.9921794984141563,0.7228612361587565,-0.6254279186048635,-1.1679098096328033,0.46067642100605255,-1.004664745606597,0.054983140609383696,-0.47835315897065556,0.0,0.0,0.0,0.0,0.0,0.0,0.0,0.0,0.0,0.0,0.0,0.0,0
25.86748513538151,0.4216955294554709,1.6606813229567692,52.96021732835386,0.603323771604895,1.865677396079903,13,0.1628484031202717,-1.7310803554545515,0.058199770031638565,0.4601208169747153,-0.6162767641438833,0.20233249112973795,0.037486496627241905,0.0798646987703151,0.6740258318404955,0.8103761845141619,-0.44922750031510006,-0.7649076836925985,1.0036834053914738,-0.10654251854608532,-0.766490507196977,0.9166480374434798,0.45534919926980777,-0.3342428677265872,-0.13794978689985982,-1.0689782542939525,-0.5220063632398997,-0.32926794519853786,-0.6895838648898405,0.2587644818231283,0.0,0.0,0.0,0.0,0.0,0.0,0.0,0.0,0.0,0.0,0.0,0.0,0.0,0.0,0.0,0.0,0.0,0.0,0.0,0.0,0.0,0.0,0.0,0.0,0.0,0.0,0.0,0.0,0.0,0.0,0.0,0.0,0.0,0.0,0
35.514017798212436,4.8247509604537795,14.64323223665378,48.00699856975342,2.6079388153013374,8.041189315804992,8,2.0617499887139736,-0.9209190152686872,2.2297994219405304,-1.117568448834895,1.9552596068881272,-1.3603169792901966,2.398416203566221,-1.2870646407695645,1.6204098417630277,-0.16632862023272565,2.589110233247432,-1.871277593196389,1.7884869405344688,-1.3177140182125342,0.0,0.0,0.0,0.0,0.0,0.0,0.0,0.0,0.0,0.0,0.0,0.0,0.0,0.0,0.0,0.0,0.0,0.0,0.0,0.0,0.0,0.0,0.0,0.0,0.0,0.0,0.0,0.0,0.0,0.0,0.0,0.0,0.0,0.0,0.0,0.0,0.0,0.0,0.0,0.0,0.0,0.0,0.0,0.0,1
26.145775274644286,0.48766324696930136,1.1332022727676083,52.900636304241026,0.5597409245020548,1.5291290958397,5,1.010052382971434,1.5291290958397,-0.30579958132324236,-1.000419458405915,0.34051058666118195,-0.41740562553820837,-1.1332022727676083,0.05567127033257435,0.0,0.0,0.0,0.0,0.0,0.0,0.0,0.0,0.0,0.0,0.0,0.0,0.0,0.0,0.0,0.0,0.0,0.0,0.0,0.0,0.0,0.0,0.0,0.0,0.0,0.0,0.0,0.0,0.0,0.0,0.0,0.0,0.0,0.0,0.0,0.0,0.0,0.0,0.0,0.0,0.0,0.0,0.0,0.0,0.0,0.0,0.0,0.0,0.0,0.0,0
26.32728267495983,0.5302436581168362,1.5534823293630105,53.08837673284416,0.9524065068472164,3.4129906647165598,11,1.1226150061101663,-1.8048934608981995,-0.0214432648472922,1.3718568934862958,-1.4204944071997083,1.9018359943842569,1.1196368060870583,-2.1655199680543404,-0.727566058825289,2.3048177449003475,0.13924459665887667,-1.7325823467288899,0.27888256903140984,-0.1023776486933059,0.1498667030902645,-0.8359567558319014,-0.8618505096963602,1.3327926015991238,1.4552682230170504,-0.755363088093425,0.0,0.0,0.0,0.0,0.0,0.0,0.0,0.0,0.0,0.0,0.0,0.0,0.0,0.0,0.0,0.0,0.0,0.0,0.0,0.0,0.0,0.0,0.0,0.0,0.0,0.0,0.0,0.0,0.0,0.0,0.0,0.0,0.0,0.0,0.0,0.0,0.0,0.0,0
25.924062414004233,0.54473417633437,1.9957276008827236,52.4510142087189,0.5819632799263733,1.794198082212482,13,-0.5234798862363093,-1.455926384999735,-1.1521500945733862,0.5271799567830371,0.8309905038625836,0.8836512882799141,-0.23595383028719397,-1.2161063002016022,1.400690927307334,1.495843071957566,-0.4424141075941854,-1.6426275633722085,-0.27482112643452083,0.18303793737091922,-0.12173120622976796,-0.17753399927276803,-0.6097632725039368,0.6642769106712336,0.5946474496520544,-0.8213513676096582,0.5892568394691295,0.8277959790368996,-0.06706345252664292,-0.33996702682876645,0.0,0.0,0.0,0.0,0.0,0.0,0.0,0.0,0.0,0.0,0.0,0.0,0.0,0.0,0.0,0.0,0.0,0.0,0.0,0.0,0.0,0.0,0.0,0.0,0.0,0.0,0.0,0.0,0.0,0.0,0.0,0.0,0.0,0.0,0
26.01618213705885,0.46024078401327295,1.80164729135603,52.868500832734036,0.6697934057727581,2.3814125641884445,18,0.793104015269428,-0.7906672766981657,0.21591229817995128,1.531237643663708,-1.0947029211328676,-1.800895288237598,0.12940054331083317,1.6084294518449127,0.0380389788015556,-0.5475313330032563,0.6677635125688894,-0.10034745004849555,-0.15744819373451335,-0.41235174562483223,-0.23050426005473312,0.5726756367202412,-0.34031507369509484,-1.2322427278173862,1.1939047293675777,2.0882096683751,-0.315155892157545,-1.3101142360634555,-1.486491399198485,-0.22942032754545494,1.4260502839047824,0.3943847708269672,-0.5726952683546997,-0.14146376718111497,-0.15641648370274908,1.2936211838846319,0.6838640902965807,-2.3814125641884445,-0.20761368016801285,1.3273264976440373,0.0,0.0,0.0,0.0,0.0,0.0,0.0,0.0,0.0,0.0,0.0,0.0,0.0,0.0,0.0,0.0,0.0,0.0,0.0,0.0,0.0,0.0,0.0,0.0,0
25.85592141403336,0.2922967991878249,0.8399460745207925,52.37953831585816,0.8218483526491118,2.6749120458077016,7,0.010442590320899114,0.09765448464894888,0.40866822200852226,0.4168767188110749,0.09947554586793572,1.073522480767771,-0.16628759500644819,-1.5310062457085536,-0.6137139135366532,1.2049166160442866,0.8399460745207925,-2.3488224161434346,0.0,0.0,0.0,0.0,0.0,0.0,0.0,0.0,0.0,0.0,0.0,0.0,0.0,0.0,0.0,0.0,0.0,0.0,0.0,0.0,0.0,0.0,0.0,0.0,0.0,0.0,0.0,0.0,0.0,0.0,0.0,0.0,0.0,0.0,0.0,0.0,0.0,0.0,0.0,0.0,0.0,0.0,0.0,0.0,0.0,0.0,0
26.35054229191436,0.40764226012978316,1.3562025033657115,52.94347468349365,0.4973668722215154,1.2890089290596976,9,-0.7188481434623455,-0.3799605059929405,0.18929869687921652,1.1267491856421614,0.15058582833085765,-1.2716225282561453,-0.20246518246525014,0.7888867337734169,0.6973417699413567,0.38860381152339585,-0.9484130170518057,-0.32737843816572365,-0.0864841153286271,-0.8369910097321167,-0.32130537098527867,1.2758878316607252,0.0,0.0,0.0,0.0,0.0,0.0,0.0,0.0,0.0,0.0,0.0,0.0,0.0,0.0,0.0,0.0,0.0,0.0,0.0,0.0,0.0,0.0,0.0,0.0,0.0,0.0,0.0,0.0,0.0,0.0,0.0,0.0,0.0,0.0,0.0,0.0,0.0,0.0,0.0,0.0,0.0,0.0,0
30.496788105799347,3.243193415850349,10.338158167829167,46.72577949122633,3.980399771483424,11.332309241394213,14,-0.6644411106251304,-1.089183325554174,1.2199080536131426,-2.078772445738913,1.4577900563977444,-1.1811917006667159,0.5694835713513946,-1.2217863906374475,1.5669095297349394,-1.230080229239789,-0.6090537560863396,-1.1802600308951696,1.2613471074157445,-1.8132281892270825,0.733241778902535,-1.2813570254871465,1.0753577889293027,-0.2564499039477752,0.6116528712754672,0.0,0.26847407891676056,0.0,2.0226672435062696,0.0,0.1603798438722066,0.0,0.0,0.0,0.0,0.0,0.0,0.0,0.0,0.0,0.0,0.0,0.0,0.0,0.0,0.0,0.0,0.0,0.0,0.0,0.0,0.0,0.0,0.0,0.0,0.0,0.0,0.0,0.0,0.0,0.0,0.0,0.0,0.0,1
25.959555087128315,0.4400156409891372,1.7116095367815696,53.044192244445924,0.6930044286307042,2.5640511632783287,16,1.2399904975560503,-1.3774041576796066,-0.4806598158920856,0.21180935748362373,-0.37365700569984384,0.8335034155146843,0.0363219584204586,-0.6915265784378661,0.07684989117251817,2.063382937883553,-0.360073667046624,-0.9038504044923457,0.12724528128505241,-0.2537744501524486,0.7754850741690298,-0.32058380272457754,-1.2739759080972135,-0.36656647157581546,1.7116095367815696,0.07261175711991541,-0.9273186948685321,-0.4631805995313272,-0.3976426591413329,0.8375998079552929,0.2227761103567687,-1.1663069998770226,0.38345793213644086,2.16338022960813,-0.45104630623186637,-1.1178600633296227,0.0,0.0,0.0,0.0,0.0,0.0,0.0,0.0,0.0,0.0,0.0,0.0,0.0,0.0,0.0,0.0,0.0,0.0,0.0,0.0,0.0,0.0,0.0,0.0,0.0,0.0,0.0,0.0,0
25.911261621846986,0.5160648727908678,1.6738452643792598,53.378667511431594,0.8626382866687471,2.9846157052078226,12,-0.5404071883914625,0.6900609625288681,-0.5284407273961484,-1.5432276854859523,1.3704341523969603,1.8976361737916605,-1.1248616232333966,-1.4112618343528283,-0.02747217215260278,0.6374812336042197,-0.5215114689932605,0.38170435812997283,1.19794460491676,1.0975811076227373,-0.27627828797317733,-2.9846157052078226,-0.8903378898743064,0.2733897184520373,0.9919093860990635,0.7434332498521599,0.2909551559351904,-0.448576382869156,0.0,0.0,0.0,0.0,0.0,0.0,0.0,0.0,0.0,0.0,0.0,0.0,0.0,0.0,0.0,0.0,0.0,0.0,0.0,0.0,0.0,0.0,0.0,0.0,0.0,0.0,0.0,0.0,0.0,0.0,0.0,0.0,0.0,0.0,0.0,0.0,0
26.111029109701008,0.47036421655497634,1.9119298029682987,52.950916149312604,0.6536565430381688,3.019478162730884,20,0.5171593700819841,-0.46200733590580967,-0.39382976728893127,1.6005330456230098,0.7145189003204457,-0.5157210431764767,-0.11589413926289538,-0.7134631932449338,1.1899754391176955,-0.011759395001568862,-1.6905405655721815,0.22531380103355758,0.07084445508314019,-0.07817152568907915,0.07432497727393539,-0.7611167523496292,0.021895069832847724,-0.7550703592606496,0.5690322361162785,0.8824587695551642,-0.651712291511803,0.5353465406207931,1.124363680602812,-0.4874525656419664,-0.6950533032088977,1.245736982490449,-0.5340055788568634,-0.8387929330370554,-0.12775481849632087,1.6821813687434997,0.8910589391945614,-1.9480542666062206,-0.5061760207608224,0.5617688455445702,-0.009730049065026947,-0.3436628438970786,-0.30377014009043535,0.5829118511236899,0.0,0.0,0.0,0.0,0.0,0.0,0.0,0.0,0.0,0.0,0.0,0.0,0.0,0.0,0.0,0.0,0.0,0.0,0.0,0.0,0
25.896045347143772,0.455167387875854,2.0218153470297793,53.371102362631994,0.8584991473598961,3.3410859700243662,22,-0.5772436152534652,1.4684563426452826,0.5324141336796906,-2.06631721577142,0.8115047469141068,1.8805708400468788,-1.3607786567618128,-0.07341486484247639,0.13295807327057574,0.22646549221185808,-0.30162880303591777,-0.09520586984525892,0.870333688321864,0.21015001668722988,-0.3533434612756352,-2.526260528352246,-1.0093561875488533,2.483341756200538,1.2478648461737052,-0.6510746920948023,0.30603052637760797,-0.853710976067461,-0.7411203704475611,-0.48678279842916794,0.24364343255387766,0.9686515981578978,-0.07823234389129752,1.8806610822573617,0.44466092634976917,-1.4876517993601084,-1.1718167215073798,-0.8057809677898007,0.4997132415857273,2.283522788143401,0.17532518518033768,-1.3786030448775506,0.5383995506890393,0.025693949271598626,-0.38422577819045856,-0.31005430049202687,-0.6556981750296309,0.17953681333134597,0.0,0.0,0.0,0.0,0.0,0.0,0.0,0.0,0.0,0.0,0.0,0.0,0.0,0.0,0.0,0.0,0
26.078801206071947,0.4569366631991015,1.788518560415156,53.18894978217099,0.5890424920869266,1.7676989299579304,14,-0.03046888123483882,0.10754988401790655,-0.6619508318061875,-0.8479706253964423,1.133924912637596,1.5084389985006652,0.0065712960001782506,-0.08346627296710096,-0.39946119885692255,-0.8776200776842131,0.16799824830008347,0.6070927685254262,-0.001055176387293244,0.296767556952922,0.45224048366604563,-0.6530689626800523,-0.41430884736856655,-1.0062746061503987,-0.7790899196928578,1.37329476571513,1.6216987621168926,-0.5035342140404566,-0.30950414316897934,-0.9208898876291869,-0.6196252478727686,1.7036933289251834,0.0,0.0,0.0,0.0,0.0,0.0,0.0,0.0,0.0,0.0,0.0,0.0,0.0,0.0,0.0,0.0,0.0,0.0,0.0,0.0,0.0,0.0,0.0,0.0,0.0,0.0,0.0,0.0,0.0,0.0,0.0,0.0,0
26.110442531119595,0.40632248213122957,1.5971492225488575,52.87983175673899,0.6475080543108545,2.4971325495979855,27,-1.3085926289879666,-0.5137469113048567,-0.1988741058993888,1.9531635161821939,0.5496763964869729,-2.0433451112777803,-0.15579169348641742,0.13042692454055782,-0.20177380017619484,1.1671414067527408,0.983714580862344,-0.294710685087054,-1.2655079713482067,0.2807593423696346,0.7160015092171115,-0.12606950279757,-0.11121681487797375,-1.0049406561461467,-0.049175496903092863,1.1383995852716566,0.5831992129672265,-1.0503741613784001,0.44935345956347916,1.3574238974220876,-1.0268900697543586,-1.6414453921312955,0.4439407784541096,0.16403543048089375,-0.4237136435341071,0.022528579893979384,0.019047560390667684,0.8600545170592895,0.18625613109319517,-0.28982007897215567,-0.1414202568573728,0.1334162214813972,-0.5399355447902252,-0.1861389574623331,1.1212805586620362,0.051823563323154076,-0.44087189328418575,-0.34309015020345157,-0.24808840362768336,-0.8232073227371899,-0.2898792556471399,0.09274718515597158,0.4592291955478309,0.4749219304934442,-0.2675722934110425,0.38349297502049495,0.2126622144167527,1.4293267079224705,0.0,0.0,0.0,0.0,0.0,0.0,0
25.989265922557802,0.4815531839969793,1.7293605295945298,52.86634258014818,0.5506338564079376,2.1400936360807634,26,-0.07503619907175363,-0.010111923550674362,-0.6760887314458657,-0.286430272900553,0.31607865760764753,0.1821025375738614,0.24078134359277925,-0.7068279386180052,0.5799682439336955,0.5406606700971821,-1.0955828452502558,-1.36500732282515,-0.5346148743320249,2.1400936360807634,0.9553082298922781,-1.2407103971142845,-0.8328431169542228,0.034293702568966467,1.2014352542818578,-0.33329885090225986,0.35346107263622173,0.8597491584888743,-0.2427816926816142,-0.5390761735320027,-0.7671812999922807,0.9307157917420312,1.0619620824122897,-1.3435634142470363,-1.1941474815339568,0.950421235744642,-0.1073775897916569,0.22997214433357982,1.2061120993071661,0.2969938469481548,-0.8925475319370086,-0.10411159659348357,0.2572918778962894,-1.2589679084481489,0.42777821587759846,0.7799562378457594,-1.057050340185377,-0.13769089586651972,0.28255933836806335,-0.7548463996909973,-0.02666374414708983,0.8168597401866151,0.17730507598433576,-1.0939374222829201,-0.2386894856084112,1.3034343669706487,0.0,0.0,0.0,0.0,0.0,0.0,0.0,0.0,0
25.95516415725988,0.5112628038122267,2.0380984489143614,53.143596139375845,0.9054844219375086,3.0495419080218653,15,-0.34572909727029,-1.0300094622863796,0.598181805928224,-0.06408184740013922,-0.37296900410284906,1.4998686378849655,0.029159393520938437,0.1954756940791995,-0.3076573955606463,-1.395043787362475,0.8332098458528243,1.6131394020153351,-0.31332827887700176,-0.5482021251034865,0.456032540324383,0.7287558081017877,-0.0389863905855421,-0.08499100688261763,-0.11381708178756256,-0.9984458509937895,1.2149878139872605,1.4352293164040688,-0.91786737224432,-2.207772656178051,-1.0421357621077192,2.811528476056928,0.8596512292856815,-2.6152641483492687,0.0,0.0,0.0,0.0,0.0,0.0,0.0,0.0,0.0,0.0,0.0,0.0,0.0,0.0,0.0,0.0,0.0,0.0,0.0,0.0,0.0,0.0,0.0,0.0,0.0,0.0,0.0,0.0,0.0,0.0,0
26.220942708532128,0.5153150300603987,1.7338565904424748,53.25625991929061,0.9634416723449158,3.178979147871246,9,1.6501723251968485,2.783629902049654,-1.6931371749625193,-1.6614279047934346,0.6569145298519992,-0.7255295982009358,-0.543255641789667,-0.37701084986665734,0.5859766704370806,0.63116603238214,-0.7403549739793682,-1.0461768273923582,0.4001458060150789,2.3986346195707284,0.18628310340678667,-1.080833193159087,0.0,0.0,0.0,0.0,0.0,0.0,0.0,0.0,0.0,0.0,0.0,0.0,0.0,0.0,0.0,0.0,0.0,0.0,0.0,0.0,0.0,0.0,0.0,0.0,0.0,0.0,0.0,0.0,0.0,0.0,0.0,0.0,0.0,0.0,0.0,0.0,0.0,0.0,0.0,0.0,0.0,0.0,0
25.979127333270334,0.4754145384669905,1.5471917419021715,53.14091089381888,0.7631930640923419,2.546016291957038,10,-0.9308639660317972,0.05955671071936308,0.07562008045913515,1.5810524216908917,0.5108306683063617,-1.359578536494034,0.8383496703217439,1.2540208157704456,-0.5956198330417273,-1.9295059008471114,-0.7105057961882437,1.036768484658431,0.5476338899240183,-1.5477211550447691,0.18897610350459004,1.6019622647172582,-0.9776761061008088,-0.8020199568574853,0.0,0.0,0.0,0.0,0.0,0.0,0.0,0.0,0.0,0.0,0.0,0.0,0.0,0.0,0.0,0.0,0.0,0.0,0.0,0.0,0.0,0.0,0.0,0.0,0.0,0.0,0.0,0.0,0.0,0.0,0.0,0.0,0.0,0.0,0.0,0.0,0.0,0.0,0.0,0.0,0
26.004949627073113,0.30236625827220914,0.9636064311696231,52.65831766757185,0.67837531134141,1.718914580966235,6,0.9636064311696231,1.0969730633768933,-0.6864603859699656,-1.4238212190624182,0.32315043565786183,1.718914580966235,-0.09448177949702341,-1.425867206859614,-0.22155037997115556,-0.2487554779935195,0.0,0.0,0.0,0.0,0.0,0.0,0.0,0.0,0.0,0.0,0.0,0.0,0.0,0.0,0.0,0.0,0.0,0.0,0.0,0.0,0.0,0.0,0.0,0.0,0.0,0.0,0.0,0.0,0.0,0.0,0.0,0.0,0.0,0.0,0.0,0.0,0.0,0.0,0.0,0.0,0.0,0.0,0.0,0.0,0.0,0.0,0.0,0.0,0
25.945898124116262,0.5047581654887888,2.0800264701524043,52.89226858721485,0.8536336084054439,3.1449900789783456,26,0.5971083239620114,0.5887048263490868,-0.23643811839817985,0.4988491648936133,-0.1857299436144686,-0.12499024311134832,0.6956907817702032,0.7603637331327278,-0.8310914936279978,-2.3502581289664874,0.4311042436799042,2.1403942890575394,-0.44991966004797845,-0.3145391186283675,-0.5782411248742143,-0.16141801299438185,0.37242800710047774,-1.3273673702531923,-0.013312040246987067,0.4388848227584603,-0.32116617386888535,1.1490844683143564,0.634682635031151,-2.475212883332148,-0.2949751309083197,0.44766409429407616,1.119794112751478,1.8848571087588155,-0.8658780171180993,0.08224301398075795,-0.3014035055077535,-1.0459733681491414,-0.1254371863527446,-0.002290674147808147,-0.016868108846157526,1.3595212803206635,0.9996545952132472,-0.051643828924646584,0.04371305906173362,-0.9812653096646358,-1.4810458919079075,-0.7107895315756068,2.0800264701524043,2.162667294085871,-1.0430305414995686,-2.209656096993889,0.47263345040060045,1.5703395338568882,-0.9123373586405954,0.41951760218189094,0.0,0.0,0.0,0.0,0.0,0.0,0.0,0.0,0
26.53599829331046,0.4862517828465675,1.2592072524397473,52.57861144917886,0.3354344014940118,0.9537370046978566,6,-0.7723096062118984,0.0803770002224482,-0.17676796142254858,-0.6040976669117271,0.8167411302016525,0.9177717260410816,0.40768358190374343,-0.9537370046978566,0.03478254033435135,0.4379883918000189,0.0,0.0,0.0,0.0,0.0,0.0,0.0,0.0,0.0,0.0,0.0,0.0,0.0,0.0,0.0,0.0,0.0,0.0,0.0,0.0,0.0,0.0,0.0,0.0,0.0,0.0,0.0,0.0,0.0,0.0,0.0,0.0,0.0,0.0,0.0,0.0,0.0,0.0,0.0,0.0,0.0,0.0,0.0,0.0,0.0,0.0,0.0,0.0,0
26.041480986864745,0.5299437234728973,1.7542463532250885,52.90442912828641,0.6893872935386917,2.4461566187523403,13,0.3540856102881982,-1.6285514066350402,-0.5619971507605364,0.1795515951115192,0.6675196716977325,0.8816211497107744,-0.8058462466841085,1.1432185690983232,1.3693370167848258,-0.7604688795956847,-1.7542463532250885,-0.4603620172341891,0.30892553994146965,0.29828774755818444,1.0321119193050485,-1.523613469480651,-0.8047975563726126,0.9280657822470317,0.6039770086232998,0.8166091630151442,-1.1358563730122135,-0.16305750993880253,0.1847867126318512,0.2996584692437807,0.0,0.0,0.0,0.0,0.0,0.0,0.0,0.0,0.0,0.0,0.0,0.0,0.0,0.0,0.0,0.0,0.0,0.0,0.0,0.0,0.0,0.0,0.0,0.0,0.0,0.0,0.0,0.0,0.0,0.0,0.0,0.0,0.0,0.0,0
26.09754558129363,0.5342418521018687,1.4617986587656482,53.202059395037736,0.9339897878957795,3.590304520273314,12,-0.8399185563216669,-3.021519354865923,0.6764655847803134,0.7303434684424559,-0.0757860987269261,0.5192425326572874,-0.9841744915455912,-1.2667981401383557,1.403895066097526,0.06484596605989168,-0.10306239771657744,-0.3103112065786817,-1.2952888775086286,-0.30610778584998855,0.7420018402497597,0.9258598191390703,-0.2156830891873689,-0.32570066237413897,0.8246936034194405,-0.29928601452043324,-1.4144597380222734,0.046728200233431494,0.0,0.0,0.0,0.0,0.0,0.0,0.0,0.0,0.0,0.0,0.0,0.0,0.0,0.0,0.0,0.0,0.0,0.0,0.0,0.0,0.0,0.0,0.0,0.0,0.0,0.0,0.0,0.0,0.0,0.0,0.0,0.0,0.0,0.0,0.0,0.0,0
27.755778233166946,2.9717811146707698,9.80225427864643,52.41276651081667,1.0842460793996143,3.5184308313208135,15,-0.36898415545848096,0.3390716355492529,0.0653179684724492,-1.2030349574393782,-0.6127598431683197,0.8249427310657325,0.17253150504834025,-0.09775918232258363,0.525035590288546,-0.2892997035008449,-0.6451824918379536,-0.41403551237267777,0.45562629400107824,1.107988077874829,-0.9629215577193371,-2.2859095394378954,1.9013102842324443,1.7233136392087332,0.9343742421573609,-0.889517504170982,1.3396497015338404,-0.4964161382604857,2.244626567283344,-0.31025980628746197,1.8658691286902425,-0.8609081531987215,1.5164243547491978,-0.3275347824790771,0.0,0.0,0.0,0.0,0.0,0.0,0.0,0.0,0.0,0.0,0.0,0.0,0.0,0.0,0.0,0.0,0.0,0.0,0.0,0.0,0.0,0.0,0.0,0.0,0.0,0.0,0.0,0.0,0.0,0.0,1
25.88796686281749,0.5276892477993803,2.5710340213974376,52.79743987909541,0.7673816351366346,2.8393852137768505,21,0.3002444464237648,0.14469832952951833,-0.7606668739696261,-0.6706075497916899,0.1405009203567431,0.28045715352926237,0.3200423497999978,0.6167410087204885,-0.18325820006854343,0.18383460805181784,-0.6283607744747925,-1.745725167167386,1.9462415988445727,1.5212037509786285,-1.4737391506735449,-0.09175583091854378,-0.049023674986834465,0.396292572331312,0.16144759455930924,-1.3677971494547592,0.13290440632697198,1.046695195501826,0.21120811005254225,-1.8489762672101122,-0.695272940960006,1.200407477790833,1.163193375696963,0.037989718640254466,-1.3401487603930455,0.3246913928394477,0.4885545840409158,0.5166626474806861,0.605136606167779,-1.4556931078505002,-0.030881738071002474,1.8366977264111313,-1.7444124331574855,-2.8393852137768505,1.3625638430652458,0.5280010652537683,0.0,0.0,0.0,0.0,0.0,0.0,0.0,0.0,0.0,0.0,0.0,0.0,0.0,0.0,0.0,0.0,0.0,0.0,0
26.03779085283412,0.49721478488824644,1.4284547376902097,53.12969082503364,0.7180342560951526,2.0978582485132478,7,0.2750161030234288,0.6274275094268091,-0.8235088243533255,-0.39758980132894095,-0.19253303617883688,0.6121293359561193,0.3177746007068869,-2.0865421670880835,0.6867407305746767,2.0978582485132478,-1.4169282084396109,-1.369198474466259,0.0,0.0,0.0,0.0,0.0,0.0,0.0,0.0,0.0,0.0,0.0,0.0,0.0,0.0,0.0,0.0,0.0,0.0,0.0,0.0,0.0,0.0,0.0,0.0,0.0,0.0,0.0,0.0,0.0,0.0,0.0,0.0,0.0,0.0,0.0,0.0,0.0,0.0,0.0,0.0,0.0,0.0,0.0,0.0,0.0,0.0,0
26.159351837439342,0.5783874346321504,1.8153897424889571,52.68227313441741,0.7798200000116341,3.3693149490538445,18,1.083105656491476,0.4778928825512878,-1.061294254277101,-0.8039328891262016,0.5082245567921397,0.019147134830191703,0.17724792925680788,0.9358238568805035,-1.4390000204125215,-0.8084702106780597,0.6265893758646222,1.9671694608805268,0.022677065113441586,-0.6548225198398185,1.0840899599573461,0.08359561093208612,-0.06559848299891513,-0.8691195257157105,-1.668325871784777,0.022075945127973284,0.22393876585086048,0.5672071636375549,1.1156015127866077,-2.5182516231959298,-0.8739177202171362,1.799061154607159,0.585451324976507,-1.0921242377950549,-0.43371307077438104,1.6382185294295581,-0.42611788022967545,-1.1071497035362867,1.1878251651827014,0.8285509454666098,0.0,0.0,0.0,0.0,0.0,0.0,0.0,0.0,0.0,0.0,0.0,0.0,0.0,0.0,0.0,0.0,0.0,0.0,0.0,0.0,0.0,0.0,0.0,0.0,0
25.960891070185074,0.5510853389957585,2.0941463893770162,53.00838336309694,0.70408891004007,2.4359913923147403,23,-0.6721059410569232,0.4209581338229711,0.028028951208391106,-1.255279892533217,-0.5077863730195169,-0.18897830511153302,-0.2927542591116783,1.2304906442384222,-0.6495287673972889,-1.211900213876234,1.0545421613232726,0.27880642486315566,-0.24149969491891454,-0.2672390492634946,0.26272418686950516,1.7965610365523759,-0.4675857062812945,-0.8905617579963803,-0.39029396319505594,-1.3755189168780433,0.16626951951556634,0.9065330942015137,1.3452652170014758,0.3252833251190026,0.20183751171620656,-1.2225869724261358,-1.7535091542273626,1.1818291541202655,0.45064037748536023,-0.4041644960254587,-0.5379883084781092,-0.859417517346678,0.9038146782657677,-0.097387305082826,0.012975174906735276,2.1725963052277066,-0.10151728786957293,-1.7660972510855188,-0.1939411165327556,1.477442200892419,0.3744433948127188,-0.28107826195962105,0.20303050390777955,-1.0240378854669316,0.0,0.0,0.0,0.0,0.0,0.0,0.0,0.0,0.0,0.0,0.0,0.0,0.0,0.0,0
26.155423228456716,0.5698204864372296,1.9765786747435037,53.198387660931566,1.0028790329443973,3.1182846173518968,14,0.0647644703742074,-2.552206589095853,-0.12827892854667056,2.293162533368964,-0.42166602155236177,0.7054646081745588,0.20734585282003337,-0.08259981622634172,0.8987133416672748,-2.3606704279697226,-1.508509080260371,1.9395568630635225,1.6534873287641005,0.623370856940916,-0.8930857171555466,-1.412883747306509,-0.13992311804702595,-1.1857335531485873,0.5667523643890924,1.8250830524117205,-1.5103222039300235,0.18016430074145262,1.7237928218190604,-0.954452906382123,0.23870312718431563,-0.8412122332303369,0.0,0.0,0.0,0.0,0.0,0.0,0.0,0.0,0.0,0.0,0.0,0.0,0.0,0.0,0.0,0.0,0.0,0.0,0.0,0.0,0.0,0.0,0.0,0.0,0.0,0.0,0.0,0.0,0.0,0.0,0.0,0.0,0
25.987496961977097,0.552565124418793,2.1999843149905267,52.8751546417768,0.6321282808452042,2.713203887330934,27,0.16127507945671837,0.6616400748911104,0.2682239266492701,0.2676727487223758,0.3703361224195625,-0.8956740864852293,0.4578763599378881,0.23433387304655184,0.22828219739138333,0.4002594969146287,-1.0143086610874334,0.15433569149757176,1.610086791678608,-1.1838612384084826,-0.4223610872988033,0.56498998940841,-0.9029599147010643,0.5535489740590762,1.4435335005443974,0.285299413837393,-0.8937968565941183,-0.28576510331442506,-0.3301845463565165,0.12190513266178016,-0.435108630833561,-0.028408886329089,-0.0889832137957427,-0.8626258646986145,1.026129607042833,1.759873669038214,-0.4204893388636286,-1.4100745990659576,0.16409359054904016,-0.29629652300710774,-0.7806003636304091,-0.5626100658683129,0.8404911735452139,0.7531689144189428,-0.23498557617024574,-0.14213208186183124,-0.5797072676226271,0.25427670020328463,-0.16863346458260153,0.555979690844751,0.7304837057607045,0.6969457215754886,0.3230636503950528,-0.30121650916875353,0.18822551693136091,-2.2612451354014382,-0.4141270085342832,2.417363822611648,0.0,0.0,0.0,0.0,0.0,0.0,0
25.993199471499537,0.4824831685230144,1.8630892107109958,53.14560753159867,0.5809395117335927,2.007663181934916,28,0.060469699930504106,-1.7169626899137,-0.437602659753086,0.4032264483817727,-0.6635879126439086,0.3851398389855305,0.7342272751614338,0.49647930188621814,0.16923968857602745,-1.4965426414615877,-0.3338083218804364,1.5367462405521195,0.45405909875447037,-1.1213903227459312,-0.35601175872969293,0.7723508380277693,0.0672736842295727,-0.454685843291891,0.5881853196065663,0.37437056901109855,-0.9861506808784064,-0.05028994849561741,-0.5381178392286259,0.8519343928204464,0.699525687924929,-1.210121675778133,-0.19736657756496,-0.053380463637218156,-0.42906387201737317,1.0966007608784167,1.0218758348344466,0.26552863459385634,-0.31051809039238876,-1.437252825373072,-0.9110047919891642,0.8708914479093011,1.683677744297281,-1.236978623317242,-1.137041166836866,1.2416397932011947,0.05600997704002353,0.17754768426350864,0.7787291032656398,-0.9562478755357304,-0.25668882146725736,1.1088353042337928,0.33183834237003396,-1.0988362773028797,-1.6359366450825696,0.22939272154427215,0.9469827472650074,0.29367491631673204,0.20995126115066398,-1.0809713756650154,0.0,0.0,0.0,0.0,0
26.268537934404595,0.48781134781958363,1.6046435262191778,53.22042449982278,0.7745320827830621,2.7226933813345937,12,0.9668110941891541,-0.2895656794836228,-1.50024886853139,0.26136437411591373,0.25871264302167774,0.7772826982733534,0.4204220196136248,0.7418864173641069,0.09560474432224453,-2.318138418817405,-0.8615196139729271,2.7226933813345937,0.4223963737940366,-0.8756427470976007,0.028062460054716354,0.09175615365771961,1.1541846923704249,-0.05349567867374816,-0.8341213154107834,-1.0722778800722423,0.209201698236388,0.22270376264734182,0.0,0.0,0.0,0.0,0.0,0.0,0.0,0.0,0.0,0.0,0.0,0.0,0.0,0.0,0.0,0.0,0.0,0.0,0.0,0.0,0.0,0.0,0.0,0.0,0.0,0.0,0.0,0.0,0.0,0.0,0.0,0.0,0.0,0.0,0.0,0.0,0
25.980745968565632,0.41658193495270973,1.3235127516857865,53.29205171461321,0.8751682078424922,2.3569098534061155,7,-0.12981433499284734,1.0575092107310056,-0.2767368947514832,0.5080126576996804,0.38651264613676517,-1.9306437501451512,0.3967151052311735,1.7564692659127914,0.1279527061661483,-2.1827353691737557,-1.3235127516857865,1.9987046762836513,0.0,0.0,0.0,0.0,0.0,0.0,0.0,0.0,0.0,0.0,0.0,0.0,0.0,0.0,0.0,0.0,0.0,0.0,0.0,0.0,0.0,0.0,0.0,0.0,0.0,0.0,0.0,0.0,0.0,0.0,0.0,0.0,0.0,0.0,0.0,0.0,0.0,0.0,0.0,0.0,0.0,0.0,0.0,0.0,0.0,0.0,0
26.107493291422877,0.4624981074067852,1.4485582979881428,53.15658388571963,0.7606363672689386,3.03878741785212,17,-0.4481143906187022,-0.7653809102859839,0.30176090158759195,-1.3296597481288686,-0.4243896538269034,2.853232244726165,0.7484716807172944,0.18555517312595526,-0.9996290203148028,-1.0684620100097533,1.0107760296869444,-0.07170658157563281,-0.38231057683369585,-0.2530561342763846,0.577612921468031,-0.5072726667242762,-1.0889077595001382,1.311847145637195,0.2149564955433405,-1.274867220342081,-0.013796290652312138,0.7530533878055508,-0.3024692394005868,-0.2717902536092893,1.4179932817134215,-0.18395657099529927,-1.3425455921817822,-0.6724413381504775,-0.10601270580636069,-0.2740810791944668,1.1883243422521872,1.3515399405021071,0.0,0.0,0.0,0.0,0.0,0.0,0.0,0.0,0.0,0.0,0.0,0.0,0.0,0.0,0.0,0.0,0.0,0.0,0.0,0.0,0.0,0.0,0.0,0.0,0.0,0.0,0
25.985724164797148,0.503618773790279,2.2184549856804594,53.296382873697056,0.6706469931856449,3.093489175140192,30,-0.33391873659430615,-0.2816336977326799,0.47192593687774576,1.232561490642432,0.6472003402938107,-0.14245199500670225,-1.2477417057180524,-2.519707927521466,0.12123971570198222,1.7698681591947434,0.4292621243990027,-0.013732278140992094,0.7152089479472465,0.3534731247964302,-0.9973063957687067,-0.5732020937237223,-0.1458068066706879,0.09928556040544834,0.44006632035241466,-1.3032974325435944,-0.0782098368109807,1.1636477283817683,-0.516237398986398,-0.5108296587027965,0.3098292207125617,0.7201675994186871,-0.7813138468487821,-0.6225179139502117,0.9687721546242294,0.43337320528319623,-0.6077627590984207,0.13514379931886822,1.8574455901546507,0.015086363924410762,-0.9570583615352746,-1.1030290804578513,-0.15053122405367958,2.530052091935808,0.13659031245038022,-1.7319103701007705,-0.5091565238589837,0.3022923278943992,0.17458970198605428,-0.45819464798729825,0.3237865333300256,-0.9337870878902095,-0.7406391389710514,1.5128840699304575,0.8294931205102714,-0.411613520023586,0.7120103803744442,0.49636770904090355,-1.7935099331167024,-1.2429653400585252,1.006337508548274,0.26607123744953753,-0.6756100876867563,0.4801250294693702,0
26.17424154530938,0.7879480675866216,2.0646766154274907,52.429452373883514,0.6925646129081319,2.504793415627425,7,-0.014148734982505573,1.3511169089670076,1.482870219417805,-2.504793415627425,0.5818063960096858,1.2506801644787942,-1.1636581099901449,-0.1921686033025054,1.0979714410740584,-0.2977515093519756,-1.1246383745332729,0.5610745425087416,0.0,0.0,0.0,0.0,0.0,0.0,0.0,0.0,0.0,0.0,0.0,0.0,0.0,0.0,0.0,0.0,0.0,0.0,0.0,0.0,0.0,0.0,0.0,0.0,0.0,0.0,0.0,0.0,0.0,0.0,0.0,0.0,0.0,0.0,0.0,0.0,0.0,0.0,0.0,0.0,0.0,0.0,0.0,0.0,0.0,0.0,0
25.960566125801893,0.5492400797017373,1.9041594564254218,53.17386185619911,0.9193245118681793,3.5103297209109954,16,0.9308346033923733,3.0078702890013673,-1.2331018307929966,-1.531588625653356,-0.11380167555097742,2.034048057562984,0.5975881008319455,-2.7446042463212876,0.9546656349848988,0.32838386237477835,-1.2524950892248086,-0.27724832244247466,0.48790159706533487,0.10769035741147093,0.6028273575145668,1.2114878473617665,-0.17121485352329202,-0.24582382235605849,0.6848867087767765,0.24726836732271096,-1.1064072932514968,0.3734897333873448,-0.22250076842026445,-0.18793323838756493,-0.3264257682241549,-1.6926758308875733,0.3632405704807873,0.38773694461836783,-0.367799509534251,0.5162410989925306,0.0,0.0,0.0,0.0,0.0,0.0,0.0,0.0,0.0,0.0,0.0,0.0,0.0,0.0,0.0,0.0,0.0,0.0,0.0,0.0,0.0,0.0,0.0,0.0,0.0,0.0,0.0,0.0,0
25.943805238160916,0.507711217384689,1.7888116818274824,52.93176467511427,0.7031812114755058,2.3689879438450205,7,0.08697391118329634,-1.2137535215103625,0.5059796862540189,0.5085228450576196,-0.729583871656633,-0.567850494700167,-1.0592278101708494,0.6751939083200753,0.7693008712109695,-0.9380749466931277,0.14640080618622164,-0.8330257343190581,0.0,0.0,0.0,0.0,0.0,0.0,0.0,0.0,0.0,0.0,0.0,0.0,0.0,0.0,0.0,0.0,0.0,0.0,0.0,0.0,0.0,0.0,0.0,0.0,0.0,0.0,0.0,0.0,0.0,0.0,0.0,0.0,0.0,0.0,0.0,0.0,0.0,0.0,0.0,0.0,0.0,0.0,0.0,0.0,0.0,0.0,0
26.26331377181739,0.40230944724787804,1.1072421196942699,53.07564409291885,0.45661138432019066,1.398035708914577,6,0.1702731942547615,-1.2517463378096991,0.31204388032496055,0.4905795899968197,0.17420459875200223,-0.6368689611016976,0.3408411909895257,0.6503407057308976,0.1098792553730199,-0.32906113024441197,0.0,0.0,0.0,0.0,0.0,0.0,0.0,0.0,0.0,0.0,0.0,0.0,0.0,0.0,0.0,0.0,0.0,0.0,0.0,0.0,0.0,0.0,0.0,0.0,0.0,0.0,0.0,0.0,0.0,0.0,0.0,0.0,0.0,0.0,0.0,0.0,0.0,0.0,0.0,0.0,0.0,0.0,0.0,0.0,0.0,0.0,0.0,0.0,0
25.962385545097874,0.6128569101427743,2.706457157937159,53.06077563525113,0.5445338586620346,2.3333086155438494,29,-1.1801176071435933,0.09406944584809906,-0.016553181018267082,-0.796862777564229,-0.7489630379054582,-0.04341289069562748,1.266795158502795,1.3857009860649043,-2.0276184903726353,-1.5130177493375143,1.3444397274473374,0.9889077875046866,0.4762088254563075,-1.196322346795121,-1.7078200410320008,0.87220815485788,0.24279201962227503,0.057951021381903445,0.2683960677670676,0.19351390608855468,1.4251844374161884,0.7530611409263201,-1.0046966477750168,-2.071635407444461,0.7665203213440535,0.91878863519959,-0.08066191360742891,0.41047145396481,-1.19790209513247,0.002165061578935479,0.6355818013150838,-0.7795935228911759,0.08069623420787053,0.5553199885721298,0.3695394774560796,-0.3228899189276859,-0.1416671165382688,0.6071270467560979,-0.14669465164372397,-0.6550175105658553,0.6152123991199225,0.011864900695897518,-0.0071930927564309854,0.2679788285501701,-1.2992901351583015,-0.6161329375667037,0.4998501424711499,-0.20805214317716292,0.2401267179899058,-0.45370309028843536,0.026430416017515057,0.953152046983675,0.23306181219663458,-0.48002215202006937,-0.08879836700922894,0.3508642374744042,0.0,0.0,0
26.08186733127004,0.4723256603292782,1.7322156941711206,52.73139501164947,0.7847044770603476,2.9388767548573043,29,-0.4796445080558769,0.6417423122227746,0.7187314697217921,-2.4748769176860463,-0.6138593273807977,2.2612446877894357,1.07170016849512,-1.0201855549004364,-0.9167727954149107,1.4721628658652364,0.06515364629832021,-2.3891135123239877,0.34413627391837665,1.2511383458173313,0.10913085355637975,0.4699201102410271,0.05387174336817324,-0.5766522758783665,0.42799717641131707,0.30904542621424724,-0.5568512548049682,1.023935000691722,-0.36443600612437166,-0.7431442921550158,-0.23132971327855145,-0.7248678323578517,0.19790881610106936,1.496784696777894,0.808922386814281,-0.5515353575493052,-1.4354913967256273,0.03320528841106807,0.28397909328163706,-0.9479988038504814,0.3000106864627661,-1.3240765179471552,-0.3066643630065897,1.3131803514445437,0.21177174235229757,-0.08138987574329093,1.1075032615943279,0.3156572966838098,-1.052163788988235,-0.18284696704926517,0.3548708023964515,0.7636433400314147,-1.0349227075793372,0.6145431695989885,0.2778797903386341,0.15622716504574186,1.017560439470234,-0.19115965519139877,0.36767241446144183,-1.3878694673402663,-0.7233089206281811,0.7652206153052319,0.0,0.0,0
25.97308925297595,0.39756971516763523,1.2125638689534348,53.01861431459815,1.326314772183587,3.6623076187978185,8,0.2507553661001829,0.2124064858821697,-0.6153166147460638,-2.3910651702913768,1.1684155085625179,2.8862191057599986,-0.959720354087974,-3.6623076187978185,-0.25284351486546086,0.8666270359834485,0.9474215102173389,-0.05477527646007019,-0.3762121073568956,2.1482829442591367,0.0,0.0,0.0,0.0,0.0,0.0,0.0,0.0,0.0,0.0,0.0,0.0,0.0,0.0,0.0,0.0,0.0,0.0,0.0,0.0,0.0,0.0,0.0,0.0,0.0,0.0,0.0,0.0,0.0,0.0,0.0,0.0,0.0,0.0,0.0,0.0,0.0,0.0,0.0,0.0,0.0,0.0,0.0,0.0,0
26.313760336048265,0.34212286333558406,1.4776379479774953,52.85522272622442,0.927299097374394,2.9890023166196187,12,0.22660933070218903,-1.6000782644501328,0.7390464294559891,-0.10331671943797005,-1.073382612914564,0.5321804086692197,-0.4042553350629312,1.4984516574533515,0.7013182001954412,-1.0059676010608172,0.14974294072714756,0.4590919021293658,0.04922785435289612,1.1416721792551172,0.10524436417268745,-0.38368783451545596,-0.07463110803858797,-2.6053144821041627,-0.23744172446102496,2.3225173147696836,0.057928733388227016,-0.5392322959826714,0.0,0.0,0.0,0.0,0.0,0.0,0.0,0.0,0.0,0.0,0.0,0.0,0.0,0.0,0.0,0.0,0.0,0.0,0.0,0.0,0.0,0.0,0.0,0.0,0.0,0.0,0.0,0.0,0.0,0.0,0.0,0.0,0.0,0.0,0.0,0.0,0
25.9962699806834,0.5024790003765004,1.845263120482148,52.745619095351536,0.6491489675128326,2.573658473852568,27,0.8333438441555217,-0.3396360425563927,-0.7608422568628583,0.7398349997810456,0.6904395533018217,-0.9769264899622669,-0.7742488265302079,0.736964402131072,-0.24399889076356018,-0.4567659754951521,-0.1951947987315279,0.5515784045279446,0.5830421969509025,-0.4680135714328486,0.06214663004963228,0.44468885056275553,-0.4996089155609482,1.0948398424290957,0.0229965461911128,-1.4159859703488493,1.0422017581122915,0.9013865060049895,-0.21673897704997813,-1.7543471035543021,0.544297602852609,1.1830827150911247,-1.7239068886272797,-0.39611287673575646,1.6626144086147505,0.706215692527536,-1.2477120108635233,-0.4882489396681464,-0.26401804532586937,1.1335427596016245,0.7827844830110244,-0.974803641038342,-1.0550250672912505,1.1832212405341522,1.471536125844647,-2.573658473852568,-0.4556204257908263,1.7058721863670172,-0.43779469826077033,0.0752846188293077,0.8528514001835426,-0.8553013399945613,-0.5688304009700573,0.748722744638421,0.08546579422758427,0.3848497203308199,0.2959588152229067,0.4837903286693006,0.0,0.0,0.0,0.0,0.0,0.0,0
25.863302505568342,0.4224375011426324,1.0131065780029935,52.40051057633588,1.0031528665920482,2.9276691065539353,6,-0.874767492244839,-2.1538201227155227,-0.08650212093299103,1.1166738070327398,0.4072664038950258,-0.9330642012066832,0.534682061360467,-0.9574585896644692,-0.9937854300806563,2.3810809351667857,0.0,0.0,0.0,0.0,0.0,0.0,0.0,0.0,0.0,0.0,0.0,0.0,0.0,0.0,0.0,0.0,0.0,0.0,0.0,0.0,0.0,0.0,0.0,0.0,0.0,0.0,0.0,0.0,0.0,0.0,0.0,0.0,0.0,0.0,0.0,0.0,0.0,0.0,0.0,0.0,0.0,0.0,0.0,0.0,0.0,0.0,0.0,0.0,0
26.000039061585362,0.21537338277931867,0.6915239285743482,52.67546169818315,0.6333063715863543,2.2452348446496018,7,-0.27707391706277207,1.4146376237342224,-0.05270625021976727,-1.3682243918033237,0.16200678906692545,-0.31689698322699655,0.19186181417743953,-0.5601134696192815,-0.6915239285743482,0.9896554515496732,0.42113231600614043,-0.3387345524225651,0.0,0.0,0.0,0.0,0.0,0.0,0.0,0.0,0.0,0.0,0.0,0.0,0.0,0.0,0.0,0.0,0.0,0.0,0.0,0.0,0.0,0.0,0.0,0.0,0.0,0.0,0.0,0.0,0.0,0.0,0.0,0.0,0.0,0.0,0.0,0.0,0.0,0.0,0.0,0.0,0.0,0.0,0.0,0.0,0.0,0.0,0
26.319800100060828,0.48670233088736753,1.6712608374562699,52.941784601286145,0.951280666851681,3.5995554656193747,17,-0.7460903384128592,-0.4409850550041128,0.19559704454044535,0.3304345641744675,-0.3679118684303333,-0.44326118919624946,0.5828835812925206,0.5879018710278032,-1.2737503482348416,0.03301735843052711,0.2928384810740283,-0.6723472456205002,-0.1295509101716732,2.8391760177867127,0.3225947143332526,-1.9114393210109313,0.8775464919813594,0.7970831355231667,0.30783206023930276,-0.07346578725140773,-0.6223703389457356,0.5938993855315786,-0.5262974660992477,-2.2800049306916534,0.6090037014777856,0.28939524346416334,0.18154704959720647,-1.0150231911842909,-0.15331366090866183,0.15715248056940112,-0.6550736607342316,0.4862925109042351,0.0,0.0,0.0,0.0,0.0,0.0,0.0,0.0,0.0,0.0,0.0,0.0,0.0,0.0,0.0,0.0,0.0,0.0,0.0,0.0,0.0,0.0,0.0,0.0,0.0,0.0,0
25.95977755025953,0.40737711486622286,1.482606879669138,53.46971816331975,0.43818369605568097,1.4964452843435367,12,-0.0189041869373483,0.037316893258569905,-0.7439044727615496,0.0649882827649293,1.1029777117483803,0.8353059447547011,-0.6827552254205997,0.3520312315791898,-0.05264157233473554,-1.4964452843435367,0.5515330726333048,0.7729535719648197,-0.33677934985712454,-0.039482127632680886,-0.6086691095382868,0.049911487954254596,1.482606879669138,0.46563765635106336,-0.6506453455550165,-0.33567661092126855,-0.12433761779163532,-0.34772578787578823,0.0,0.0,0.0,0.0,0.0,0.0,0.0,0.0,0.0,0.0,0.0,0.0,0.0,0.0,0.0,0.0,0.0,0.0,0.0,0.0,0.0,0.0,0.0,0.0,0.0,0.0,0.0,0.0,0.0,0.0,0.0,0.0,0.0,0.0,0.0,0.0,0
26.173161977506915,0.6208638362627278,1.8775092112895209,53.02820734267972,0.8162677202055709,2.6526493115014986,7,-1.1031460652580343,1.3906001528995589,-0.18761169322392846,-0.3859543549609654,0.9669179910586578,-0.0773709180957809,-0.5546540959654749,-0.6047528632414156,1.465245316196338,0.4341558265815664,-0.7401428709955944,-2.018727001784903,0.0,0.0,0.0,0.0,0.0,0.0,0.0,0.0,0.0,0.0,0.0,0.0,0.0,0.0,0.0,0.0,0.0,0.0,0.0,0.0,0.0,0.0,0.0,0.0,0.0,0.0,0.0,0.0,0.0,0.0,0.0,0.0,0.0,0.0,0.0,0.0,0.0,0.0,0.0,0.0,0.0,0.0,0.0,0.0,0.0,0.0,0
25.869103096779423,0.655625337987878,3.0384831828760923,53.057999032287604,0.7118978414696914,2.7776410333732144,25,0.18686148801903002,0.2866942977953286,-0.6482741157475722,-0.48769505664846236,-0.2352384318472751,-0.22332855720193834,0.5742769068230942,0.38866283502284915,-1.040063880474868,-0.3239946058500678,-0.6108792763508291,1.1850582038165598,1.960514789213434,-0.3135199822172936,-0.6803135645835781,-0.1959640546842749,0.22900572484441284,0.4608554203520896,0.2714949988559958,-0.5397254154843196,-0.14085891935197026,-0.46936951032208185,-0.36321872446385584,-1.0960924101595353,1.3633628132122944,2.7776410333732144,-1.0191273244503307,-0.5923316759151334,1.4176233895996901,-1.8658090079447547,-1.8482529301321833,1.553306815279612,0.28151251073559536,-0.21710526912330863,0.20067712300014762,-1.1233817855540806,0.024946000817926972,1.8628670740592597,0.4577772721355231,-0.9759746990066276,-1.6596580859375898,-1.0506424874403066,1.9281878666446879,-0.0557761935393728,-1.7009506182174796,1.3069264880131826,0.5487429892265823,-1.0966660983991545,0.0,0.0,0.0,0.0,0.0,0.0,0.0,0.0,0.0,0.0,0
26.186672041275557,0.47460312418444417,1.5266377912014057,52.77268820027066,0.8202147625007328,2.8666292094047208,18,-0.3358303520925112,0.2698640684529252,0.08650662642482843,-0.6351328400022567,-0.14043928483397394,0.35845436645408313,0.6086588015024965,0.9992696880468017,-1.0017112087403355,0.1688942599927188,0.44350208827448157,0.08937015772490042,0.5793410890377402,-0.8184153641303453,-1.4343938913538778,-0.15349444840032334,0.4040757970069606,-0.8888237862282935,0.3949657188500346,0.7614877339652679,-0.7167422380681785,0.42346126240704507,-0.021002804976451017,0.7317346529549837,1.46534131838904,-2.417017269646948,-1.421007138133131,1.2770647451593646,0.22281004823242156,-1.5431882312010003,0.2911722923639175,0.5296896793840276,0.10639300202529611,2.336939530020693,0.0,0.0,0.0,0.0,0.0,0.0,0.0,0.0,0.0,0.0,0.0,0.0,0.0,0.0,0.0,0.0,0.0,0.0,0.0,0.0,0.0,0.0,0.0,0.0,0
25.930187237110957,0.47656812933837644,1.7008071835374388,52.873972365745885,0.7500014575349495,2.6398056429315133,25,0.7049045200815058,2.3034944806845488,0.4590520253514434,-1.8363497142408463,-0.7471159124663629,0.9609424754772675,-0.37802713960962464,-0.2514669060271899,0.6716312996165996,-0.5990147462176125,0.7203394895061521,1.5537858269467648,-0.2835378402378481,-1.5435837124969467,-0.6205662824002331,1.7703737762867533,-0.1543160657211189,-0.6006242669337638,0.856705369880725,-1.1340382097925996,-1.3089198315370965,-0.3591346978513812,1.1992059940135533,1.8109095846866126,-0.7337453151550015,-1.7650287000887204,-0.4783234609469851,0.8063703491538092,-0.13967228429133982,0.6639466706194241,1.7008071835374388,-0.18658657124063893,-0.9181210160095077,-0.5331304653042395,-0.34655063751177195,-0.4214479906498738,0.42526577644297703,1.1613989753489875,-0.26428227699366147,-2.0824403208791296,0.016962936515913185,1.7124026504800511,0.021041735482874913,-1.2449832665765541,0.2522801393670804,0.33555672885924537,0.3745585769450912,0.99644813763679,0.0,0.0,0.0,0.0,0.0,0.0,0.0,0.0,0.0,0.0,0
26.160875858905218,0.40410617983240704,1.4746306186695293,53.1106878497658,0.6252067087828302,2.539526900528351,21,0.9691833035656003,0.4547955785174338,-0.9138254174888516,-0.4229361765673687,0.44918850132726007,0.03142943973627865,-0.2953847994771479,-0.38195386762271966,-0.16970120922557896,-0.15708215659297053,0.2648493912853347,1.2045479259906386,0.3287051647011552,-2.4436937463530057,-0.05901430701220178,1.5004076928890342,-0.9413090795710239,-0.8591768655435104,0.77191426872335,0.7596536301856176,0.647757052871011,0.23734858981575968,-0.662817889497525,0.19354267855381835,0.41298209514275186,-0.29126532564107066,0.3047950914299413,0.9990165002687021,-0.7882448035932121,-1.0279750583600986,-0.11296824727390486,-0.933628153839237,0.2458846267823347,1.6769694116724807,0.42873513379997874,-0.5585453839894754,-0.7232002724990956,-1.0370307736738766,-0.49378211120578896,1.352462223733454,0.0,0.0,0.0,0.0,0.0,0.0,0.0,0.0,0.0,0.0,0.0,0.0,0.0,0.0,0.0,0.0,0.0,0.0,0
25.937938075737573,0.4746863921452284,1.5604054344251423,52.99856337214628,0.7392204953450497,2.599651295995919,21,1.2505914933758895,-0.2551993370661876,-0.11591058343870841,1.2187523849339854,0.3574176980174961,-1.027762448679006,-0.5193061078853667,0.2399375247152591,-0.7889373264229071,0.333193240972264,0.755766290676597,1.295056966715542,0.4891056745519755,-0.7873428309104398,-0.20527287797165172,-1.1439898660354686,-0.3113896908456333,0.7397608654672041,-0.7584073275091718,1.19957128261035,0.31877113650462974,-0.828905945653517,0.751627908377646,-1.770745350342402,-1.071198006962824,0.5464103446890363,0.6734561186587236,-0.06135685909227817,0.17833354686662872,1.9461322622904689,0.5557574884318193,-0.14755887159704884,-0.26772330235476005,-1.5050545709194196,0.1741603408467114,-0.017234593617374117,-0.3304789543956801,0.5530176019756965,-0.5736321531220483,0.023981810744935217,0.0,0.0,0.0,0.0,0.0,0.0,0.0,0.0,0.0,0.0,0.0,0.0,0.0,0.0,0.0,0.0,0.0,0.0,0
26.019734592848785,0.5250901629589216,1.9513245899500404,52.76242357099986,0.76035865488251,3.031644128749342,22,0.35659762721222776,0.39611938045476336,-0.602236297477333,2.2953863900982796,1.3629619873821248,-2.6120022051474407,-1.5163256088713588,0.43883092679595137,-0.005554454530535935,0.4494192286596288,1.1032394382023405,0.026647505765225787,-0.8359578461729917,0.35530809158682786,0.36795563984975743,-0.6822772222760207,0.28206890961857667,0.731597660088319,0.30606398438211,0.5576072593203136,-0.44819147390785474,0.09939752226782161,1.0001269576143343,-1.2273153156946748,-0.8898053929698513,0.7030841836318444,0.5956168484593256,-1.4059816408353214,-0.45611946394612346,0.3395340614950868,0.9263269888204171,-0.3616138827345736,-0.5364231270415694,0.9023909679447115,-0.5074468642257877,-0.6507796700802331,0.292680470717432,-0.5291794259558813,-0.4448232862192043,0.9077506689789203,-0.005041991412095825,-1.0740628425598473,0.0,0.0,0.0,0.0,0.0,0.0,0.0,0.0,0.0,0.0,0.0,0.0,0.0,0.0,0.0,0.0,0
26.177726893247353,0.46841186217354785,1.5409235559314496,53.319543069934625,1.0524065037391939,3.6837851414217297,10,-0.7386917818365504,2.5454702426347993,-0.35143516795781693,-2.8926631857028013,1.1852308986532627,-0.7911219557189284,-0.5434101941240925,0.21352655711064017,0.8991028514022794,0.582252440977193,-1.1767161060727567,1.4348115958807028,0.010796313333393925,-1.3640950941106667,0.7248605708927691,1.4019167684102527,0.0034809041399697094,-0.9053015863904079,0.0,0.0,0.0,0.0,0.0,0.0,0.0,0.0,0.0,0.0,0.0,0.0,0.0,0.0,0.0,0.0,0.0,0.0,0.0,0.0,0.0,0.0,0.0,0.0,0.0,0.0,0.0,0.0,0.0,0.0,0.0,0.0,0.0,0.0,0.0,0.0,0.0,0.0,0.0,0.0,0
25.97679735477399,0.5576728095994994,2.288931048377737,52.709640665601896,0.8937022631665811,3.5459360240789906,13,-0.09956812899670808,0.4761673815932852,-0.5133242838109204,-0.28980943539988147,-0.04123110082123915,0.5960281702128682,0.28838025400990475,-3.5431549591836315,0.5893670127109658,2.298394745467128,-0.7545051836031007,0.34424812372242286,-1.331684317942834,0.23489228068436319,1.7363726395913552,-1.0085655815358976,-0.7713931384398904,1.208263963096492,0.7772009950166918,0.46870249264448205,-0.019203808895412067,-1.2599625419666225,0.5659543611049926,-0.22355370691348497,0.0,0.0,0.0,0.0,0.0,0.0,0.0,0.0,0.0,0.0,0.0,0.0,0.0,0.0,0.0,0.0,0.0,0.0,0.0,0.0,0.0,0.0,0.0,0.0,0.0,0.0,0.0,0.0,0.0,0.0,0.0,0.0,0.0,0.0,0
25.958496843374032,0.643406591582695,2.7449871770734298,53.03796092505523,0.8823661678489341,3.8199000686782867,27,-0.1180964805085587,2.870100758745785,0.03712303652607929,-3.1736642101182966,-0.8428713052536239,1.4717420089112565,2.094167890360797,-0.7846063354143027,-2.6021394199874592,0.8621235641100284,1.6669148999251782,-0.6231207816664721,-0.7915827987404249,0.8742486569030561,1.8696550758886765,-1.0002655249479844,-1.2912575567874036,0.3895302813520374,0.3137838488471836,-1.8358877278076093,-0.28445833972097034,0.6662438519566578,-1.4711077978700438,-0.1435867468939449,1.2783302455153738,2.456502351025321,0.12410939577136659,-0.46748580360893754,0.0564381047296294,-0.5897444443590274,0.3548024502019338,0.6804904872330511,-0.4779420353589643,-1.647433844504853,0.28876418191890707,2.0010859498249687,-0.7827455196696746,-1.1124786279013819,-0.5019883495090518,-0.26821098969443824,0.42052778890433373,1.0025082900773086,0.09056110014762098,-0.04764957277354398,-0.08994344656541742,-1.8997303409601685,-0.1505819757854745,1.8249614296890542,0.13304116206575856,-0.8277413039892778,0.25850386090196764,0.3601932450981664,0.0,0.0,0.0,0.0,0.0,0.0,0
25.979352866060175,0.4807659383603063,2.53418392999604,53.17694262698042,0.9394460136587016,3.910194583911938,23,-0.5259473731309718,-0.8687785662833747,1.1874452601313337,1.4471045818333579,-0.5381782616321225,-2.3379475760493307,0.0016585093672247808,3.244191176473727,-0.4622088254578429,-0.21389685963848137,0.8699621218287845,-0.1280477467912462,-1.0142766114788593,-1.7773371235900797,-0.5366564966029443,0.5897597460411532,0.7496585937647495,-0.6899950303074078,0.5278870313797377,0.8420011355737529,-0.004312216534980706,-0.32985029837467295,-0.09895245961228838,-0.3828954259828663,-0.15629130043694772,-0.008524802937166953,0.1653545883328711,0.44271684590767535,1.3508396931028983,2.282966725110029,-1.305257496442426,-1.3045283892679151,-0.3360931581110087,-0.9758935346242339,0.15885251960743574,-0.213483094938681,-0.05134858648822771,0.6433461633323247,0.13835753583202148,-0.9887555376006816,-0.4904032225235788,0.3079112356089837,0.8552121696449717,-1.378791426421735,0.0,0.0,0.0,0.0,0.0,0.0,0.0,0.0,0.0,0.0,0.0,0.0,0.0,0.0,0
26.01059044318443,0.40729141691215964,1.5983472336119071,53.056996000268725,1.2593992620080678,5.57885137013529,14,0.49759334679348655,-1.1217801810694183,-0.16346070801121115,-2.2564100228820436,-0.3281312413593547,3.1532703620103035,0.6774207810972257,-0.7612879071861727,-0.5013661898725488,-0.6577382159327456,-0.43390375044509,0.20014573831614513,-0.3568966738132531,-0.04081990016423731,1.5983472336119071,-0.7470275392500696,-0.654746654753648,1.6950001021240055,-0.02119967401523226,-1.0584675328985824,-0.06365689136734787,-0.3378172545447953,0.6309153578175177,4.1335935176614385,-0.5377137395410294,-4.3615198383733755,0.0,0.0,0.0,0.0,0.0,0.0,0.0,0.0,0.0,0.0,0.0,0.0,0.0,0.0,0.0,0.0,0.0,0.0,0.0,0.0,0.0,0.0,0.0,0.0,0.0,0.0,0.0,0.0,0.0,0.0,0.0,0.0,0
25.860729656862794,0.5559949903891009,1.696654187507665,52.84849806663185,0.8160209421945535,2.226842968476163,10,0.33098016831079136,0.39690120169902343,-0.8135239126932383,-1.0477456243759349,-0.528424462736087,-0.9187935611065825,0.6437299491149773,0.3008527357568056,-0.6287658296694296,1.7929174095087035,0.6069648393703382,-0.8373699852047451,0.9255136624522926,-1.242615244693475,-0.6246407278471793,1.6192448464824452,0.7738522940866659,-1.7661025850603878,0.0,0.0,0.0,0.0,0.0,0.0,0.0,0.0,0.0,0.0,0.0,0.0,0.0,0.0,0.0,0.0,0.0,0.0,0.0,0.0,0.0,0.0,0.0,0.0,0.0,0.0,0.0,0.0,0.0,0.0,0.0,0.0,0.0,0.0,0.0,0.0,0.0,0.0,0.0,0.0,0
26.042089028840934,0.4533884615853717,1.5963769609435694,52.92463133083341,0.8587367522869278,3.1230964118829903,25,0.03291461763849668,-2.0779058651919797,-0.798763533319871,-0.5458835974682898,0.03980508740420774,2.125038983898648,1.0818945681164998,-1.725982153296151,-0.45361460616593874,1.0843935531230713,-0.18033168237101194,-0.08883400162452659,0.16919135972596422,-0.5871597253049003,0.6437894339490668,-0.7315477711821146,-0.39240865147986526,0.7398510700354493,-0.5991667122188638,-0.8973425434830631,-0.46442133186744883,0.9169146750362529,0.9957708114739212,0.6371993831972489,-0.7560108862310067,0.7559988797858708,-0.12920446349226822,-2.2445033457090346,1.2490630622464138,0.669912409558691,-0.22167172005795877,-0.21948198418348142,-0.2433599100388264,0.6388403693862159,-0.8120414938088736,-1.4364382030546494,1.513831560852168,0.474516559348686,-0.3801988730256163,-0.6106831047549335,-0.6663269578891224,0.20296961392282498,-0.10574722854923735,0.6222933974024087,0.29688489973490206,1.865056325390384,-0.2784542039237934,-1.058625708714608,0.0,0.0,0.0,0.0,0.0,0.0,0.0,0.0,0.0,0.0,0
26.19259678731706,0.5540957604935287,1.73317334660738,52.949508082671464,0.9673606404531084,2.5384192539918615,6,0.5398542969251885,-0.6318626191578716,-1.173293631701224,1.1416072775461643,0.21177054778576831,-2.5051280035740646,-0.7716502626919244,-0.0332912504177969,0.45440333990539017,0.6027392109839624,0.0,0.0,0.0,0.0,0.0,0.0,0.0,0.0,0.0,0.0,0.0,0.0,0.0,0.0,0.0,0.0,0.0,0.0,0.0,0.0,0.0,0.0,0.0,0.0,0.0,0.0,0.0,0.0,0.0,0.0,0.0,0.0,0.0,0.0,0.0,0.0,0.0,0.0,0.0,0.0,0.0,0.0,0.0,0.0,0.0,0.0,0.0,0.0,0
25.83928919388106,0.5315823397140602,1.81037616390838,52.63181949477177,0.8381188964061521,2.6857803559070206,9,-0.5886144591093725,-1.5077471567151477,1.0774077568988112,-0.13838865542118128,-0.9464795987985397,1.2729882313396104,0.44948978805676276,0.1916681903833748,-0.07273609980759232,-0.10599382866248419,-0.3188924611413846,1.3271177628465196,-0.9217577922176261,-2.4908032740880444,1.8022899622206623,1.505487724261151,0.0,0.0,0.0,0.0,0.0,0.0,0.0,0.0,0.0,0.0,0.0,0.0,0.0,0.0,0.0,0.0,0.0,0.0,0.0,0.0,0.0,0.0,0.0,0.0,0.0,0.0,0.0,0.0,0.0,0.0,0.0,0.0,0.0,0.0,0.0,0.0,0.0,0.0,0.0,0.0,0.0,0.0,0
26.13218009463564,0.510947018742583,1.8530083943471212,52.861306806782764,0.7742245056926633,2.845447764518539,16,-0.6001855035891097,-0.9769285451938714,-0.18710502889121017,1.9472925671120578,1.0076737203262134,-0.8658185089928878,-1.3916180261291622,0.16369756475517505,0.3731882500592931,0.5779110151330755,-0.2467695926847746,-0.8769084753584195,1.3880383581945779,-0.38849713759435645,-1.1849503724713308,-0.12319088045631332,0.2371228281888662,0.11035254408908912,0.717853345306775,0.05083015331958052,-0.2682590367452562,-1.4002407670858261,-1.3547751586261754,1.032619458916642,0.6551433574316192,-0.3778176328733025,0.12238415054027385,-0.7483850983709956,0.11533012307193857,1.7485368932128154,0.0,0.0,0.0,0.0,0.0,0.0,0.0,0.0,0.0,0.0,0.0,0.0,0.0,0.0,0.0,0.0,0.0,0.0,0.0,0.0,0.0,0.0,0.0,0.0,0.0,0.0,0.0,0.0,0
25.84340899875533,0.46252536762264995,1.5843758213953976,52.80594080650866,0.5414083718826985,2.389244320395889,20,-0.32833226032770924,0.7899502097467064,0.16777720334757618,-0.20305071744569148,0.4017606292325979,-0.45420954388824697,-0.6624253974361594,0.28991267448040503,-0.40706750185951535,-0.1926316268687458,-0.09705155322026471,-0.40400883380508645,1.482351663032638,1.27634394887275,-0.25364616790564654,-1.1225252309598943,-0.1376735166939156,0.2689788855924178,-0.5459262365298727,-1.062619962724824,-0.44851360255791306,1.3513357628018596,0.5253891987458452,-0.7077009607922236,0.09447362110504898,0.10698635039005211,-0.5190986477306154,-0.29016976138123596,-0.16905232315066954,0.5724515303968758,-0.1303281466776589,-1.5059809337189165,1.1938528969738904,2.1510637023602044,-0.9313757513734302,-0.5768174300739872,0.7573843179594775,-0.3428966612183828,0.0,0.0,0.0,0.0,0.0,0.0,0.0,0.0,0.0,0.0,0.0,0.0,0.0,0.0,0.0,0.0,0.0,0.0,0.0,0.0,0
26.066763391436712,0.4842936825863622,1.9809177681294194,53.064478090826704,0.7621924101790551,3.388107740529435,28,-1.7459400655315207,1.8366573611149448,1.0736878430985328,-0.6401742435241431,-1.28287972185624,-0.41849714089426726,1.3141312970731853,-0.8671560592626051,-0.33821538247114447,1.8844996845188575,-0.30480931307600656,1.1152160826951132,0.21824033649055607,-1.5071853585271526,-0.35063498427334494,-0.9042085832269677,-0.047283999394384324,0.6984969275557731,0.5115226145760303,0.2601345146812548,-1.028736392765083,-0.051707687687930104,0.9747025205097444,-1.048930332733498,-0.22748378565019323,0.24636655902243376,-0.10069417112277179,-0.19351426498960222,-0.08263723742449969,0.8934080670118618,0.3641969884600833,-0.3469704817404633,0.3977842583805362,0.9721927921072933,0.5982242993520899,-0.7233972191578246,-0.5540452486020122,0.3721369557852867,-0.14435555582783266,-0.784695696781931,-0.8096600790951882,-1.229932237843144,0.09558781371469749,2.522035508862544,0.29607863603748896,-0.9769130773995442,0.22423822232472546,0.23019470821142107,-0.44831157808308575,0.32297644860835817,0.8191412486731977,-0.4473236267307854,-0.9287370813959264,-1.6912716555568181,0.0,0.0,0.0,0.0,0
26.21836889530378,0.3238659602923072,0.9960937398996244,52.89719567219807,0.5523709889996049,1.6614032391564777,6,-0.5414758817711629,-1.183685160977376,0.9960937398996244,0.1351319944990621,-0.6293141640422242,-0.6128500726781638,0.419198083721092,0.8219728665094479,-0.030970803326191287,-0.7511696142853523,0.0,0.0,0.0,0.0,0.0,0.0,0.0,0.0,0.0,0.0,0.0,0.0,0.0,0.0,0.0,0.0,0.0,0.0,0.0,0.0,0.0,0.0,0.0,0.0,0.0,0.0,0.0,0.0,0.0,0.0,0.0,0.0,0.0,0.0,0.0,0.0,0.0,0.0,0.0,0.0,0.0,0.0,0.0,0.0,0.0,0.0,0.0,0.0,0
26.146997286446357,0.4597112583978821,1.8690453068359503,52.77573534856776,0.7695654582586664,3.1678238690648683,25,-0.566766346303627,-1.6318309975970209,-0.0817146188034954,0.1328761907832572,-0.7789599274433883,1.0775780241294228,1.012288825993938,-0.8765840683400015,-0.1876043847268356,1.2907416114878956,-0.33459250319740974,-1.2624898479658526,-0.9316963523551323,0.7988784808957519,0.8481915601972112,0.06695313583006879,0.874925358321601,-0.6481329940385621,-0.7547739472116675,0.19395843859430073,-0.2984246734119509,-0.35229188030828595,0.07400459199659437,0.5291254195101729,0.034602518137425875,-0.7544660275485526,-0.32018095348156095,0.5905435908726986,0.37918469220706186,0.777599007433821,0.741989679454182,-1.5081936694847116,-0.05663982531728351,0.5197453336662221,-1.041895394617523,0.8042654575702741,1.015116647437381,-2.0767257533324894,-0.257378035948971,3.1465830544639957,-0.06390138752054497,-0.6482608978947226,-0.10071332798576549,-2.0668747954145985,-0.6811441302097947,-0.4526881757555472,0.2623990969111709,1.7070507098126484,0.0,0.0,0.0,0.0,0.0,0.0,0.0,0.0,0.0,0.0,0
26.228849945632355,0.4358760225312259,2.13107979260543,53.20990212899439,0.7416724326550951,3.0414925289007044,28,-1.081553515607304,0.32496433857834006,-0.8199638751312968,-0.9349676778401488,1.6795810954684143,0.6184234851727055,-0.7574811483212933,0.567236870059169,-1.1516623490139501,-0.3358120279616088,0.6855816785480577,-0.3851401061743118,0.4123707675138455,-0.6819922982215516,-0.11992885943802634,0.8798306139604222,0.11838258492115372,-0.4915794636909325,0.108583790987403,0.5685189538313224,-0.8092891370414215,0.2465539618757333,0.5534108408155625,0.9306964178044694,-0.1460139819946349,-0.4115835250802533,-0.233444706131273,-0.5529788264133302,0.544327141497071,1.4827023636670305,-0.3191498415885654,-1.3490930410150952,0.4601099572665355,-0.8968824360278163,-0.403723981285669,0.3997743781199645,-0.31641005842305603,2.2355331318691896,0.24151314649886757,-2.6371859795050554,0.26069526661866504,0.33360424031220504,-0.32136534420367724,1.0404371716707814,-0.24070979145186655,-1.5057049117799224,0.30099489287298553,1.5292906079269812,0.6337566102108987,0.10806581914881264,-0.3792262008372411,-0.7006514068387091,-0.15178478937227524,1.0991775178579388,0.0,0.0,0.0,0.0,0
25.70601399870482,0.39116435380464376,1.5291489612403986,52.990711453411315,0.791259118614151,3.261761366028651,29,-0.6230788355695154,0.03818764932793073,0.8005669786365814,1.2723446829947562,-0.22250764831187908,0.85423882855833,-0.4942592389834459,-0.7794195254178007,0.36719289455671955,-0.3788031195615673,0.3084048941799118,-0.9159401412227268,0.15464916313825583,1.4142821324600874,-0.6470449174742896,-0.882486057093061,-0.6777132333497242,-0.5191651216180091,1.0622144599892422,1.3872136271981503,-0.33115860001257147,0.4858199359056101,0.2408169043609547,-0.47292382470182304,-0.8052458593990544,1.3118281791449888,0.863035749038481,-2.5096069762544886,0.3465610914778665,0.23172735800655175,-0.4078788669353095,-0.3294488562683,0.27336247922318435,-0.004856998197901419,-0.19874915813376148,1.827166421526293,-0.8384769951051041,-2.004113737525131,1.0260788920393011,0.44843105415215234,-0.43278618958724024,1.4465300902529634,-0.27010119669438026,-0.6996316555565301,1.00147625097879,-1.121662500407993,-0.20440944814856365,0.74809364134952,-0.44081343287410846,-1.2943892071057874,0.22855649715474513,1.1981640548770116,0.1577775820636198,0.22221117978151028,-0.9295588337169463,0.051377765774034856,0.0,0.0,0
25.863228382413737,0.47147857459757503,2.2193874908288116,53.13941556419931,0.7712387346287255,3.1192807632752135,27,0.6396745412411526,0.018032877796898106,-0.08704022148854662,-0.3909175349078282,0.9654843507023756,0.2449492533986941,-1.1534803705187002,0.832657046036914,0.2858477412342282,-0.8977277909726027,0.06837188704572483,-0.3555375435387944,-0.6684304146058473,0.3933787068975363,-0.22730706502218467,0.2859881678476981,0.648976718729525,0.5870470429227126,0.44662247055295623,-2.115449049561164,-0.9898843483089586,-0.43568028963726846,0.6065924741062148,1.477413029450581,-0.2847924492303804,-1.3220852435625403,-0.633342186837762,0.9568794514042267,1.0845926872953804,1.648118252330761,0.08803584038745882,-1.4460033516970512,0.13060971352939887,0.008769399313671045,0.056398964303721044,-0.3319743380941844,-0.4411998182267638,1.5244781219987544,0.24981208082577666,-0.8653931335281158,-0.10628392861137215,-0.7130467088200305,-1.3805274874772273,1.5583647311389015,0.5366827648947172,-1.0358187132036818,0.37968405227183055,-0.480130254023166,0.396408305763309,-1.3385265163603108,0.1076831568808494,1.7804449211477476,0.0,0.0,0.0,0.0,0.0,0.0,0
25.902333751640924,0.5245683938879162,2.08334364877782,52.94832306428503,0.7824897149136922,3.421765146881164,22,-0.482378291910198,-2.7894697056094344,0.6175618321364773,0.1481064530209082,0.8535680194663406,0.6950540014332987,-0.14852669497977544,1.5688989125471409,-0.6971982079963901,-1.89839242295605,-0.12271273594270937,-0.1718415634945103,-0.11870693457552761,0.5013416296644237,0.8375465972861491,-0.40788462515582324,-0.5881646607462692,-0.011685842128073887,0.2887908141812119,1.0455432661940662,0.20265117535375055,-1.1676156239044246,0.03624953108645812,0.11681881939431804,-1.763427060552008,1.081026652289978,1.6729557295045225,-1.9433925242372467,-0.23074093022002629,0.8656922720588369,-0.9511327792644977,-1.0539648459985713,1.5922616287578215,0.9324336637507287,-0.5918890389727167,0.11850912722607632,-0.8730746516520718,0.013484607972614526,0.48295945077104463,-0.04512216586374507,0.18599896544323968,0.5368721687533693,0.0,0.0,0.0,0.0,0.0,0.0,0.0,0.0,0.0,0.0,0.0,0.0,0.0,0.0,0.0,0.0,0
25.843549375961665,0.46116808132700127,1.723455797729926,53.25677570076602,0.9279513852165832,3.577032367364737,25,0.10178220346509903,0.048398557252596675,-0.03486112211017911,0.0097621927627074,-0.21930798627899506,-1.5458349068541537,0.2155429317034674,0.47459101144819016,0.37886783740665564,0.6803503836165987,-0.5721006886094422,1.0250127416953632,0.6022576692900046,0.6403783926049442,-0.2829621624977925,-2.0637597978408664,-0.11275763317993892,-0.5163292323101416,0.6530954375967148,1.7004865827169766,-0.5086672108435195,1.438886859900606,0.08505586962312606,-1.2059435023997551,0.884010338033935,-1.4844586858361666,-1.1090312218710956,2.8878176137689877,1.2429650906671696,-1.7394717381986382,-0.9568328383225122,-1.1822502672484845,-0.3941717519096528,2.1802523039435187,0.2910931459049735,-2.2434351821892378,0.31136162384219546,0.19912263418951426,0.5928644766091686,1.0781674728024555,-0.22783952563871424,-0.6012209121843028,-0.3674589793637857,0.049529959915219024,0.5980245658267052,0.0013474957104264718,-1.5704965146783039,0.8606307393818895,0.0,0.0,0.0,0.0,0.0,0.0,0.0,0.0,0.0,0.0,0
26.090695440053263,0.34089223873336405,1.3718510099366057,53.000252133156394,0.7003810261463038,2.9198711883404442,28,1.1957893913829025,-0.8794584975585735,-0.4622425301651951,-0.09038970742882668,0.24924685878260533,1.6467465912072612,-0.1822029415073665,-0.6517870465902362,-0.34036770158938623,-0.46311446370702924,-0.05610417411183377,-1.2529941433685465,0.9677321071448794,1.5027912533171985,-0.7500436005003088,0.47781120153317147,-0.06861690943312837,-0.6657983245170627,-0.3788576212310524,-0.13429152986823567,0.26495930795154976,0.135340911789136,0.6238454139663006,0.1950131168064857,-0.4536619733451488,-0.8129285800347787,0.6249468505578726,0.4484947119434395,-0.4806758655717296,0.11645910658404546,-0.11728451742114032,0.6589767656584229,-0.2764711515937215,-2.4738441678864547,0.252648651270988,2.4956908173193995,-0.45451350722092343,-2.011299894497469,0.7401857118940818,0.702325665820716,-0.34105408062720244,0.5196217432204691,-0.09460552531194821,0.580697930596024,-0.009753994690459677,0.3054721236287392,0.4731893641008469,-1.418464885457233,-0.6573582425132081,1.0178093745044947,0.82398437974717,-1.1639696570831362,-0.7266071088028987,-0.22639074737615772,0.0,0.0,0.0,0.0,0
26.02824207384322,0.5748020510302128,2.0921781265225974,53.158078879777754,0.5474901520180847,1.9433612569384735,28,0.22662448153907278,0.43860681089341824,0.29108336024235015,-0.3342996790354249,0.017140045589108865,0.2070689610258043,1.25832609594746,-0.5425162389865221,-0.9100431297420926,0.5763896743151378,-1.161926842444327,-0.024562663440107713,0.26259487676805193,0.5925710072501005,-0.17311027193033013,-0.32685789850697944,1.4877842668055514,-0.5213109060581473,-1.3415785788891625,0.2081052351904873,0.8282732996982283,-1.2528686063724308,-0.050123589598804585,1.9433612569384735,-0.9764154399259581,-1.2219377088666974,0.5234205208436009,0.0998734093023188,0.07722838417026878,-0.2829572344429252,-0.6582816222776238,-0.32662554838815794,1.6829900288938688,0.055314127940043534,-0.8073177808702567,-0.20803818053447287,0.7113852998996464,0.6705257238476463,0.3074629915125193,0.8582338122494804,-1.024225499323581,-0.6848277663409377,0.10699085096018024,0.548887325511437,-0.5806912392820038,-0.14578351514172994,1.0606892691603313,-0.7437376417643193,-0.6907041890145145,1.3493169052120635,-0.18777517544870648,-0.19114476514567258,-0.1721512698337726,-0.14241056738210034,0.0,0.0,0.0,0.0,0
26.0272384496931,0.3501866249762873,0.9969699652908943,52.31423268944665,0.6654230105293536,2.1216557765936273,7,-0.7444737512165318,0.027479705886214845,0.16640277247306656,0.28597056430002965,-0.0909966531392179,-0.04222766797646926,0.7145568655373182,-0.2068249347189095,-0.399157705807486,1.8628643096074384,-0.5978122594834083,-2.1216557765936273,0.0,0.0,0.0,0.0,0.0,0.0,0.0,0.0,0.0,0.0,0.0,0.0,0.0,0.0,0.0,0.0,0.0,0.0,0.0,0.0,0.0,0.0,0.0,0.0,0.0,0.0,0.0,0.0,0.0,0.0,0.0,0.0,0.0,0.0,0.0,0.0,0.0,0.0,0.0,0.0,0.0,0.0,0.0,0.0,0.0,0.0,0
25.823467205849944,0.5689564505293784,1.9408713123658892,52.94230659553354,0.7450720601058115,2.7157050955761832,10,0.15263533386842099,1.4708922387437227,-0.3204692365289574,-1.6043699665936302,-1.000633796265305,0.26949283522656486,0.914031621501568,0.14970262505494247,0.12098009348076388,-0.40887299732285953,-0.7433569521273888,1.0480891566100325,0.47583535041572134,-2.1697467485512334,-1.3872583928422912,2.5031749744008067,1.2834862265510516,-0.9187638579679955,0.0,0.0,0.0,0.0,0.0,0.0,0.0,0.0,0.0,0.0,0.0,0.0,0.0,0.0,0.0,0.0,0.0,0.0,0.0,0.0,0.0,0.0,0.0,0.0,0.0,0.0,0.0,0.0,0.0,0.0,0.0,0.0,0.0,0.0,0.0,0.0,0.0,0.0,0.0,0.0,0
26.046611598195867,0.29185204536617604,0.943205850015687,53.265683396531706,0.7485184074803001,2.358163254022074,17,-0.5505752935026287,0.3688247711081658,0.06366431274573614,-0.8390857169486523,0.42431848650246806,2.1376460252791247,-0.442053138461052,-0.05408017712079527,0.021875815508646923,-1.4415454170994906,0.7146247376755497,-0.16441422595746502,-0.7728723789431626,-0.6125496145596685,-0.11842882834438129,0.7691111677397018,0.0062728117388601845,-0.8546849870243562,0.216428323526479,0.6717662520570968,0.7205047147503478,0.7164847205079425,-0.41912515453597265,0.23435013460364473,-0.2792304105851535,0.33664997047920053,0.008138489335401289,-0.7962955595567536,0.44022424809923777,-1.0729633708561224,-0.44252389945120285,1.881262350446221,0.0,0.0,0.0,0.0,0.0,0.0,0.0,0.0,0.0,0.0,0.0,0.0,0.0,0.0,0.0,0.0,0.0,0.0,0.0,0.0,0.0,0.0,0.0,0.0,0.0,0.0,0
25.793658676209695,0.6121337026327074,1.922432496869984,52.709402192903326,0.7174915957324952,2.9264522978183223,13,1.1821053189370616,0.5900549163454301,-0.8350816255805746,0.09021542613732692,0.5299223404846458,0.33056402025474085,0.3778802667064589,-0.947879139596921,0.6676061963223923,1.2007318862903986,-0.02606100310569559,-1.5797603040450028,-0.014463678544021974,2.4109227112831633,-0.10935524409605435,-1.961717454020011,-0.9506217565721009,-0.9647348437983112,1.0715568586240707,1.508352273620936,-0.739916047234189,-0.27181887015014183,0.5628448868944851,-0.40492881783273305,0.0,0.0,0.0,0.0,0.0,0.0,0.0,0.0,0.0,0.0,0.0,0.0,0.0,0.0,0.0,0.0,0.0,0.0,0.0,0.0,0.0,0.0,0.0,0.0,0.0,0.0,0.0,0.0,0.0,0.0,0.0,0.0,0.0,0.0,0
26.035037241545574,0.667930503823557,2.451345423816779,53.10741212271441,0.4977965140755759,1.4236352329571176,9,-0.541475197993023,1.0769533257648973,-1.6029629424348926,-0.1785912657689579,1.3342292951444144,0.38641926569237484,0.6903219166883652,-0.8508533368844979,-0.6875054348098644,-0.5727818960726196,0.5039622543896556,1.0773447110605119,0.6103373924042081,0.02510116044840771,-0.6075477357299306,-0.8800462527612183,0.0,0.0,0.0,0.0,0.0,0.0,0.0,0.0,0.0,0.0,0.0,0.0,0.0,0.0,0.0,0.0,0.0,0.0,0.0,0.0,0.0,0.0,0.0,0.0,0.0,0.0,0.0,0.0,0.0,0.0,0.0,0.0,0.0,0.0,0.0,0.0,0.0,0.0,0.0,0.0,0.0,0.0,0
25.901702227045426,0.5379915393683504,2.0350691432978323,52.80539301559018,0.9149316786273255,4.1898389099496995,29,0.30904656056568314,-1.8625268819499965,0.09430085862974735,1.287150504007947,0.3974785552141462,0.0497171652415318,-0.6057204752104326,-2.938895306245783,-0.7116753730647964,1.3097541289017158,0.49790320203582894,0.9232204518618445,0.9816363532592121,-1.6986533697776807,-1.556215175264267,0.9968613141454554,1.1478642654366986,1.1687438691072671,-0.5648615369924137,-0.1690897697743452,-0.24644559840803737,0.312910466188427,0.6395376797558221,0.11725323846766855,0.5826709882553196,-1.7048404365667764,-0.6102544244197965,0.3175850428535796,-0.30149419341220707,1.6369715623397525,-0.5167525147825636,0.6103712411925031,0.5986000392518172,-1.9933906318919128,-0.6166503295933552,0.9810509143673372,0.5111127994346063,0.4385418393735492,0.12343328651431307,-0.4556218208996867,-1.1487419211594343,-0.38905753808821686,1.8744318476491806,-0.3135069512224078,-1.3134218388541612,2.100735359371626,0.5262811359748696,-1.5112481305908503,0.35989622349160655,0.23418639175223888,0.38735823618333143,-0.05169756037629014,-1.050351362276004,-0.9093907901981808,-0.8585161273000352,0.6905915442520936,0.0,0.0,0
26.024061443635315,0.47869260339363034,1.8759678423507964,52.99046616931411,0.8211577280659728,3.2538326202646104,25,-0.6163010571270533,-0.9428257421661215,-0.14457272378420072,1.171311590847509,0.853756740604581,1.1478624871867567,-0.5171678265170421,0.9346585422303448,0.0932974361759662,-0.6097888672018144,-0.791890416199962,-0.019804795422736277,1.4459396674266465,-1.7078764528424983,-0.21953328513047055,0.02253678410058768,0.09202628669806856,-0.40193621097375853,-0.1603715824570422,0.5266639209126183,-0.951641287044005,1.2636620156292793,0.8724779591847067,0.568311522819009,-0.41906623351204786,-1.023175932521653,-0.17686180144429642,-0.4805105850342244,0.7314526733396285,-0.6492830861308008,0.5792303376534811,0.7633677293281025,-0.0825847488981708,0.2525131869310755,-0.43559720022286186,-1.3329587203390005,-0.32618658898490693,1.9076360010239881,-0.09265708072985746,-1.0763095398523532,-0.34448063276215635,1.0282638699278834,0.31738520136827475,-0.6978686425217475,0.5891285716474108,0.24650932395063307,0.45730758621839485,-0.7993327223748921,0.0,0.0,0.0,0.0,0.0,0.0,0.0,0.0,0.0,0.0,0
26.096049941497718,0.5493410284599708,1.982693584215614,52.94641120194562,0.9189156626116217,2.7685933939298906,18,-0.8841252883463433,-1.053049206195908,0.8354620531083619,-0.1361705115160987,-0.4035025396481089,-1.3443518954256604,0.04418598807770735,2.1339223124889415,0.8965322505053273,-2.2512634272535763,-1.9244232709553053,2.535598096521703,0.6099137939420487,-2.42887951387803,1.2387533432369615,0.6838600139389541,-0.332083882801367,1.5975650842044757,-0.5880334754440888,0.22318274715949116,1.0541438052820595,-1.082235542835292,-0.43164805624094527,-0.36465551975658883,-0.7633260246702207,0.41160146217112725,-0.27510218816188825,-1.6937174935534287,1.2361825330131886,2.4446966406031763,-1.1063080911962295,-1.3698450848867836,0.5315705390381922,0.2929711545034266,0.0,0.0,0.0,0.0,0.0,0.0,0.0,0.0,0.0,0.0,0.0,0.0,0.0,0.0,0.0,0.0,0.0,0.0,0.0,0.0,0.0,0.0,0.0,0.0,0
26.119482115210417,0.3828450180905627,1.1899685222060334,53.298532354782516,0.9981317580384905,3.9575772476351077,10,0.725220175554476,0.2632725804356326,0.26735418031536184,-1.681191915698541,-0.36592655965391074,2.886307601004333,0.3033752489425403,-1.660145871353869,0.17164905676052555,-0.757732105367019,-0.728928111853488,-1.5396992709142197,0.19487447564554472,1.5883814703942036,0.2523691864685169,0.4109865754249853,-0.908284072466607,-0.09147862679112961,0.0,0.0,0.0,0.0,0.0,0.0,0.0,0.0,0.0,0.0,0.0,0.0,0.0,0.0,0.0,0.0,0.0,0.0,0.0,0.0,0.0,0.0,0.0,0.0,0.0,0.0,0.0,0.0,0.0,0.0,0.0,0.0,0.0,0.0,0.0,0.0,0.0,0.0,0.0,0.0,0
26.105675336795837,0.4058145153444479,1.5252419948217337,53.1433676309819,0.6648770698930695,2.5885220373219298,20,-0.043770296364844086,-0.9376201899333694,0.1747827116143803,0.3414474407223196,-0.41173230234956293,-0.6673136426189217,-0.07523045789368155,-0.08060398833917048,0.271617645196379,-0.9593135247455962,-0.20855142887947764,0.8517524890567216,-0.8122288336935028,0.6636953768611207,1.5252419948217337,-1.4141907405488254,-0.2993492809746243,0.1048258662895094,-0.24933920024554368,1.1057961283719635,-0.895609244229334,0.3259434229944915,1.1029246956670598,0.9506994942969484,-0.6381886945556019,-1.8314149599901768,0.6344105261611723,0.02168807800470063,-0.14186399822821372,0.8629298267152592,-0.4431355178188916,-0.20879956274597333,0.6959129550561372,-0.6630702517593576,-1.1219178342522795,0.1839345191440458,0.6240417976468073,-0.4799416545154713,0.0,0.0,0.0,0.0,0.0,0.0,0.0,0.0,0.0,0.0,0.0,0.0,0.0,0.0,0.0,0.0,0.0,0.0,0.0,0.0,0
25.82696720166058,0.13676258896553706,0.42687983371625293,53.20786523180976,0.5222436019708294,1.5161613483615852,5,-0.2532612404014962,-0.19129663182152967,-0.1736185933147567,1.5161613483615852,0.24258470246371644,-0.9374348425655938,-0.032279302751142325,0.0032940403547456754,0.0,0.0,0.0,0.0,0.0,0.0,0.0,0.0,0.0,0.0,0.0,0.0,0.0,0.0,0.0,0.0,0.0,0.0,0.0,0.0,0.0,0.0,0.0,0.0,0.0,0.0,0.0,0.0,0.0,0.0,0.0,0.0,0.0,0.0,0.0,0.0,0.0,0.0,0.0,0.0,0.0,0.0,0.0,0.0,0.0,0.0,0.0,0.0,0.0,0.0,0
26.012951915708914,0.5278193957506139,1.977416688548459,52.89107472439448,0.7769874225496278,3.0809043655814605,20,-0.16440254888049566,2.6366445811170536,-0.9913061217574111,-2.3983245998456013,0.5120810048092217,0.1942188030517329,-0.18156841356029219,1.0914263722269766,0.8522712824933159,-0.9091068681596894,-0.8664477673562523,1.0407287887327499,-0.0858814602622111,-1.128674828547993,0.8894335228907408,-0.061648622349409266,-0.3835055292699323,0.608313800417605,0.9260556673499352,-0.951497440703676,-1.4870119367190497,1.2906374973021002,0.17170279667022825,0.3847457241618173,0.8204018334469119,-0.2594415039018543,-1.2005340543444234,0.07222738510865412,1.2993963645934556,-2.054508873074873,-1.2635738700552288,1.1705659792850227,0.9088394726978031,0.1876660641722765,-1.2266372948381559,1.3452142699514482,0.9440904332267941,-1.6286080481084468,0.0,0.0,0.0,0.0,0.0,0.0,0.0,0.0,0.0,0.0,0.0,0.0,0.0,0.0,0.0,0.0,0.0,0.0,0.0,0.0,0
25.80313268110922,0.37479298661612476,1.6197449220124085,53.088108178384466,0.5286185322425506,1.6903333233262003,11,0.9188655490091087,0.09905289053469346,0.19953079253235018,-0.8534141980441774,-0.17843754151542157,-0.11853659137823058,-0.30037356599748577,1.4641047662120386,0.980159687983857,-0.6141276596092666,-1.020856959258733,0.8403562167234284,0.0591226242149574,-0.2897148448940712,0.11782614258266477,-0.7480159732725866,0.07678906642590988,0.5842141672803649,-0.14471136857784117,0.24715769308615165,0.0,0.0,0.0,0.0,0.0,0.0,0.0,0.0,0.0,0.0,0.0,0.0,0.0,0.0,0.0,0.0,0.0,0.0,0.0,0.0,0.0,0.0,0.0,0.0,0.0,0.0,0.0,0.0,0.0,0.0,0.0,0.0,0.0,0.0,0.0,0.0,0.0,0.0,0
26.126829937353715,0.39822260913930185,1.5022091845517167,52.97601727756048,0.7438143392052426,2.992268658435414,19,-0.688679368768323,0.7880862156651247,0.41042722119195574,0.42678224300747303,0.41783827693753395,-0.03650119300120025,0.29611458300506754,-0.8946970554377103,-1.5022091845517167,0.7147998225930436,0.6770549264089247,0.25310749624308215,-0.2633485907548305,-1.268348098316956,0.4543246134120551,0.24079607284168247,-0.2668879263137107,0.22536555281287463,-0.5263013730977981,2.121557660139672,0.6975730346481939,-2.462014344074781,-0.5456875272453736,0.8584929104647472,0.3305937660484801,-0.5425534753335413,0.023977191111580254,-0.4675760732191563,0.837227962348635,1.3083549703936797,-0.6831914657370106,-1.6869726466663622,-0.20493416110926432,2.2834662058632773,0.40673473335199617,-1.9862963495116333,0.0,0.0,0.0,0.0,0.0,0.0,0.0,0.0,0.0,0.0,0.0,0.0,0.0,0.0,0.0,0.0,0.0,0.0,0.0,0.0,0.0,0.0,0
26.016627549874592,0.4926628354664281,1.68785457276039,53.1226777715924,0.6617769784288607,2.1223133665790783,19,-0.07485423491423049,-0.6539336392035437,-0.4564711655407834,0.9361001646281153,0.2359124625779252,-0.38749582813581185,0.37893211153661355,-1.1316684443160554,0.6680253603215114,0.8115927119372017,-0.5448445054825797,-1.3385429363501444,0.3975179010987908,2.0626432980514124,-1.4403375536188747,-0.42309485391724166,1.5528235390009755,0.03134672673324701,-0.3529551957718766,0.17158043822610125,0.191118967435159,-0.5580256565524664,-1.4911777254219842,-1.3441200210687185,0.7744206247567682,1.939171682939147,-0.32717084306234057,-1.3607595934166525,0.8794663956669595,-0.06694773590181313,-0.10029184426553073,1.257516612495003,0.21238234144944812,-1.0204602483227632,-0.6567907258622725,0.5527188156149521,0.0,0.0,0.0,0.0,0.0,0.0,0.0,0.0,0.0,0.0,0.0,0.0,0.0,0.0,0.0,0.0,0.0,0.0,0.0,0.0,0.0,0.0,0
26.04047996066492,0.5826715841884123,1.9297852296976714,52.67642010319403,0.6243068399869616,2.463601736213704,23,0.69520105553595,0.002984590324643932,0.2802853144906763,-1.2402504927323363,0.7717369774395841,0.6582796907948989,-0.947563219675736,-0.49018312378790796,-0.7901156032639776,-0.23608938483806696,0.7092339416660991,0.3164635957471731,0.7291415333826095,0.2637121807609546,-0.9670802535100975,0.13358743083060176,0.9006995929510673,-0.06481300252187339,-0.47143943218294737,1.490068636382425,0.23557842074293234,-1.5420802227503714,0.6059872218415912,1.8666631177647943,-1.8480599527861585,-1.528128455819676,1.3668840451882573,0.7385396298719016,-0.495602650444777,0.025555537318361132,-0.4272397077361596,-1.0951892017533282,0.42427294821526473,0.4558022846280778,0.8958027900373224,-0.13988261754612807,-0.17801248169794448,0.7003076398009469,-1.6678302204734763,-0.4010281617829392,0.6154373775877353,-0.49564302762330925,0.8563669707925996,0.6939652500850357,0.0,0.0,0.0,0.0,0.0,0.0,0.0,0.0,0.0,0.0,0.0,0.0,0.0,0.0,0
25.952767464941868,0.44984002957017727,1.8015816691425641,52.961125415566244,0.9148044380356992,3.0935951516984517,24,0.08317421782049195,-1.3542063806897744,0.43526918657522273,0.7221889556895817,-0.41977229639311986,1.6274790196670068,1.0363692994642335,-0.7147652995239113,-0.6984854217477547,0.7943470258852727,-0.7113584584235539,0.5289129556425607,0.6740974988491253,-2.600177959594447,-0.05217358613897716,1.0411619570441673,0.7754620727715569,0.1766209766505824,-0.6553447101050835,1.2989805059985713,0.2759642386143746,-2.074767117458485,-0.37247597343768035,1.1268385484870507,0.586645111412583,0.7651343227396907,0.14846592838987505,-0.3155275750350981,-1.116318772094381,-0.30318114058002266,0.16191925544640284,-0.9826121432770378,0.18770603133730646,1.4437236006981422,0.566470681942306,-2.1551775028579314,-0.7825169582556306,1.6862162190402117,-0.7896386077030328,-1.7869261551981026,1.5159614744307852,2.8151259576806495,-0.7913206017770094,-2.3476805413590824,0.21994515307031293,0.5491343580420533,0.0,0.0,0.0,0.0,0.0,0.0,0.0,0.0,0.0,0.0,0.0,0.0,0
25.92368804026938,0.4454278487478637,1.8814938622425892,53.01271130599686,0.8097216345248059,2.739551058765464,21,-0.20662660774859987,0.454624295937478,-0.16620859292051193,1.1041369453641465,0.20891081025662572,-1.3218921466371611,0.24599546738641465,0.9758428006625195,0.6582836546744382,-1.0851759671332886,-0.6662077495121288,1.5424045753087654,0.7132193212812155,0.10461874995800713,-0.34528790084803873,0.462255175979827,0.7635868157816397,0.008219934382076133,-1.1601244727913205,-0.7768333151208395,0.45732589020769865,-1.6286684842567638,0.4175428668476968,1.4110191135623396,-0.30923465810489503,0.3646623662196262,-0.4003164337679763,-0.2695892222262941,-0.15865366214786292,1.2334588012097925,-0.7280333924859299,-0.2920681810339616,0.8520540603945825,-1.0171731463092328,-0.3414391349489705,0.5756612435084207,0.19034274430788045,-1.7697400700087869,0.29670753683716455,1.3244648164920179,0.0,0.0,0.0,0.0,0.0,0.0,0.0,0.0,0.0,0.0,0.0,0.0,0.0,0.0,0.0,0.0,0.0,0.0,0
25.991224580594544,0.3739359733593153,1.5694131518934178,52.93579676091835,0.8810087283029372,3.787388848221191,29,-0.19867259205925336,0.031707960538113866,0.6606427157929673,-0.08942445177827096,-0.29367378975437575,-1.1362036284842247,-0.05117797502056831,-0.68590275608463,-0.4935738693716374,1.0555638622804224,0.5548564011496424,0.3285124904066805,0.7216969960564761,-0.5178630770012234,0.007636754972189408,0.8982224001408667,-0.3936468650709486,0.9166246701300409,-0.334333277419141,-0.2912590426882602,0.42706840267218027,-0.2077598960114102,-0.6131682092006052,0.4151819545991131,0.18405066614665344,-1.5279470263941874,-0.2216350933568556,0.3742614197274463,0.8254444348805912,0.8573145061833145,-0.06418023308622622,-0.8715014977841733,-0.40734411001881554,0.04376281521669512,0.8829672841682772,1.8257964896483188,-0.6593688642598075,-1.4135816352367598,-0.028143517217316116,1.334547297869932,-0.053553649898113065,-2.869538293282808,-0.7557035321366641,0.9539442894395833,0.1840034931629333,0.8317463082041812,0.4198209388605818,-0.2520672007030811,0.004127237457453248,-1.719423074376131,0.3180730894908699,1.4607736660998896,-0.6288149046324065,2.162077421752741,0.36927690490546183,-1.7808838598308867,0.0,0.0,0
26.09030532957516,0.4206383139917796,2.008849471971917,52.89930453310798,0.8549074643917053,3.7308842711016084,25,1.2994701114368539,0.204334633462814,-0.20134630395427422,2.179908263161444,0.32902002634257954,-2.602716775995944,-0.32244133400128305,-1.1225596772790425,-0.4689486167842354,1.5752021341245594,0.5337667420897461,-0.37646522866553056,-0.07926768267594042,0.976938364354794,0.33161007452583036,-0.5516642363653403,-0.6320385453889408,0.9135526972240484,-0.171810650644467,-2.543171548499153,0.394261636759925,2.0858795610411462,-0.10658284677516505,0.6400100454704116,-0.24341505067573266,-1.4143508013342796,-0.007534388914084644,-0.011848067888486469,0.9052872416278142,-0.02832789902097943,-0.6575884561167236,-0.08121732671366289,0.6057418402203254,1.3154108641293476,0.5006656748996896,-1.6226163815146037,-1.1687780327117636,1.2294220146062145,-0.2411181650889418,-1.7087350319224441,-0.15323047391298772,0.21179309425826887,1.0509472565346663,1.0887999559702948,-0.6065945399679116,-0.9493078513417927,0.11960772291084609,-0.03402617880816905,0.0,0.0,0.0,0.0,0.0,0.0,0.0,0.0,0.0,0.0,0
26.20036465493706,0.7279800422959751,2.478800852393615,53.05194707737526,0.5265520596905339,1.7095661224684022,10,-0.33418395659596456,0.16047682620455106,1.1320545289175215,0.542100274145902,1.1939696184595476,0.39302260231200137,-2.478800852393615,0.6139664198059478,1.3202257968378213,-0.6746106352095822,-0.5957267100584893,-0.2129245768266017,0.2441886655879486,-0.5338014987477493,-0.1884420207664661,0.7633617519212734,1.127471958752455,-0.9808048395142492,0.0,0.0,0.0,0.0,0.0,0.0,0.0,0.0,0.0,0.0,0.0,0.0,0.0,0.0,0.0,0.0,0.0,0.0,0.0,0.0,0.0,0.0,0.0,0.0,0.0,0.0,0.0,0.0,0.0,0.0,0.0,0.0,0.0,0.0,0.0,0.0,0.0,0.0,0.0,0.0,0
25.99370328361788,0.5692950076347831,2.2830625187877054,52.93713220308515,0.9552164149806467,3.5089701471831702,28,0.03240728353432587,1.1815470547009213,-1.4445672281533781,-1.3333665449874772,0.7251934728348495,2.719249299933935,0.5738233178720833,0.3758255403704851,0.8031516069228992,-3.0727722928618917,-1.1861490192834303,1.4825288039414986,1.3670431404413037,-1.770578216332538,-1.7813944974518883,2.13824101258092,0.7885600770275154,0.18615907234635642,-0.20256077750324408,-0.7568971145248327,-0.16705869796453854,0.24139455061673942,0.6979515386397743,-0.7669196797155422,-0.48870546763581046,0.5626915302974709,-0.7148777712777843,0.5360446017408762,-0.2275982674842183,-0.7207401301543044,0.4497909922096568,1.1295633466829216,0.8469552031523833,-1.5304971676121824,-0.41714793818279006,0.2956563549016238,0.618392899662922,-1.396568133698409,-0.5914856848242529,3.5089701471831702,0.21300360357897574,-3.450115822788973,0.6159137942047366,2.4833458714696093,-0.8484408044833494,-0.5492572137061842,1.0729163691282189,-0.3459357508695291,-0.639780734323633,-0.7074950353164411,-0.81115941400585,0.34242398884269676,-0.13125968823759493,0.05636857391147032,0.0,0.0,0.0,0.0,0
25.97060490204755,0.41283587191865134,1.4075080326061382,53.0921742703389,0.7782337573137934,2.79814320522388,20,-0.27572616687880114,-1.277631945473921,1.1820341218883037,1.4738626034447435,-0.272962239442446,-0.6546375770533501,-0.8021087034433947,0.44949061134665413,0.6135185986245943,-1.0422045463723393,-0.5972258195786928,1.4779704719743592,0.45174436892483527,-0.6905568504974653,0.16422362320053807,0.8048862302987274,-0.4922422943629279,-2.178953138395478,0.775414666362817,0.10675919139288226,0.07750938439820843,0.9291130183837666,-0.3168930887108985,1.3661222932864732,0.075208313320271,0.39614870216075815,-0.9334054949545738,-2.280989757398821,1.4075080326061382,0.7531786645490186,-0.7267561074500009,0.0816839549353432,-0.421965688534474,0.45040451020592087,0.5405460887906735,0.13344404269954424,0.2998170899664778,-1.5994886874593277,0.0,0.0,0.0,0.0,0.0,0.0,0.0,0.0,0.0,0.0,0.0,0.0,0.0,0.0,0.0,0.0,0.0,0.0,0.0,0.0,0
26.038749167037057,0.49734190526302097,1.684102782669953,52.78967871200205,0.7526934809964128,3.1904627726086474,25,1.0598937041624623,-0.20065946574523963,-0.9156700068314265,-2.5544413798750654,0.7682497833516173,1.9771204236829973,0.4753062494525615,0.12624200963260535,-0.46920924781851525,-0.5667868723840854,0.23673028464292045,0.18112423882779183,-0.06271038190864431,-0.7111082328030776,-0.933813142234186,0.5798414646060337,-0.034756173253342126,-0.14028330620779883,-0.27559286843632336,-0.1491553260787697,1.03550160080772,0.12029405977819607,-0.20482830743610236,-1.5956064369197946,-0.44858479059748646,1.473500844410104,0.6657159361990814,-0.3127896373601047,0.6362983436967404,0.06152623726813289,-0.4582312210952999,-0.43861853922538785,0.3411148674678053,0.9190867849792355,-0.879260322075492,-0.5237395316708202,0.2806054507401363,-0.011053653125358665,0.0721544846381903,0.8177840496684041,0.2633575006996942,1.2047662176644423,-1.1892853321526147,-1.196271699086779,1.5179679060537694,0.7519012547295034,-0.6343217562868801,-0.934693656822212,0.0,0.0,0.0,0.0,0.0,0.0,0.0,0.0,0.0,0.0,0
26.017961911330975,0.6990055357125508,2.252171826479408,52.98952039954351,0.8720830136035591,3.2196154124381664,16,-1.7989917315284565,1.7915605102486793,-0.4356303143952758,-2.9870515228185823,1.444094094228003,2.6717666702589398,-0.0800845043982541,-1.1366925820040308,-1.2715627795926352,-0.35001915341180734,0.8297703493357922,0.5127183852681299,0.972077130963104,0.9991185211819555,-0.45144544273951226,-1.9002438608606553,-1.2176423496886848,1.2634392883702859,-0.2427562786634887,0.21335006677573176,1.8231410774855092,-0.6388746334636792,-1.233520917909754,-0.72393518865033,0.9086078505947768,0.225755815232354,-0.12867788785015932,2.0832320837412723,-0.3675949271503818,-0.6698814211572639,0.0,0.0,0.0,0.0,0.0,0.0,0.0,0.0,0.0,0.0,0.0,0.0,0.0,0.0,0.0,0.0,0.0,0.0,0.0,0.0,0.0,0.0,0.0,0.0,0.0,0.0,0.0,0.0,0
25.884329211282722,0.47754706088860543,1.4360484024479234,53.26953431891714,0.47738514262921355,1.3185821711961836,5,0.3860413518009871,-0.06800941696332075,0.03206182722613704,0.6607205534618004,0.5945798424380264,-1.0064365922144773,-1.4360484024479234,1.3185821711961836,0.0,0.0,0.0,0.0,0.0,0.0,0.0,0.0,0.0,0.0,0.0,0.0,0.0,0.0,0.0,0.0,0.0,0.0,0.0,0.0,0.0,0.0,0.0,0.0,0.0,0.0,0.0,0.0,0.0,0.0,0.0,0.0,0.0,0.0,0.0,0.0,0.0,0.0,0.0,0.0,0.0,0.0,0.0,0.0,0.0,0.0,0.0,0.0,0.0,0.0,0
26.12727755070813,0.37000437330575947,1.381907481672151,53.36314099391752,0.7862224395224967,2.6187031798687386,9,-0.7647269368720515,-0.20750254113146127,0.0007703844596811393,-2.4112006387372773,0.3175881889191139,1.4976651170897952,-0.9355391181788946,0.28073765204940315,0.3846949347158741,-0.4993107912076127,-0.10150396776446868,-0.480030111112967,0.3432408413082584,1.5157613952352236,-0.041728249990974575,-0.8388450305865902,0.0,0.0,0.0,0.0,0.0,0.0,0.0,0.0,0.0,0.0,0.0,0.0,0.0,0.0,0.0,0.0,0.0,0.0,0.0,0.0,0.0,0.0,0.0,0.0,0.0,0.0,0.0,0.0,0.0,0.0,0.0,0.0,0.0,0.0,0.0,0.0,0.0,0.0,0.0,0.0,0.0,0.0,0
25.69785839172126,0.5230099563602375,1.8846968643337974,52.876538335679285,0.7854656264108427,2.861404756608252,15,0.029117485500798068,-0.0283231942508948,-0.7616039885350787,1.8887388733887107,-0.20411857116236476,-1.044860349438899,-0.05954306230372097,-0.9335948291905893,0.532438395326146,-0.5263098346919008,-1.391869637658779,2.6149910819298086,0.8261297453533203,-1.3144879543433632,0.18824285246367367,-0.5389629590662608,0.03725480248329305,0.5054959592796209,0.608368009715516,-0.49072103131999967,-1.0151382962391402,0.7403632437061702,-0.1303125712689308,-1.7630920148644194,0.009780168265802303,1.03478628861712,1.1000625397921127,-0.5239130793403106,0.0,0.0,0.0,0.0,0.0,0.0,0.0,0.0,0.0,0.0,0.0,0.0,0.0,0.0,0.0,0.0,0.0,0.0,0.0,0.0,0.0,0.0,0.0,0.0,0.0,0.0,0.0,0.0,0.0,0.0,0
25.99180328100222,0.3619110450198345,1.1213257455208172,52.655865457267055,0.745832418021465,2.534891684727306,6,-0.6709690822779457,0.31675127053230057,0.2073851946355525,-0.1085524472003172,-0.657741857878424,0.2368170384415862,0.5371501219245438,0.9479301169215333,-0.38680011576411033,-2.534891684727306,0.0,0.0,0.0,0.0,0.0,0.0,0.0,0.0,0.0,0.0,0.0,0.0,0.0,0.0,0.0,0.0,0.0,0.0,0.0,0.0,0.0,0.0,0.0,0.0,0.0,0.0,0.0,0.0,0.0,0.0,0.0,0.0,0.0,0.0,0.0,0.0,0.0,0.0,0.0,0.0,0.0,0.0,0.0,0.0,0.0,0.0,0.0,0.0,0
26.150644279838225,0.5109073808581754,1.9118327153372583,53.17029270421368,0.9454193202059401,3.103940278663437,15,0.58251510632509,-0.17194909888723942,-0.21852113108223037,-0.6386307339316701,-0.4872364266809299,1.6813256007169315,1.4424778089609198,0.6259069749616231,0.29557214217242134,0.2307265592311296,-1.3559257396441957,-0.2512551156435734,-0.48796719532267474,-0.9638451935573542,0.3701615148009161,1.7810814529546803,-0.4381012951713039,-2.2463573927491325,0.7639832036505929,-0.03736271843114736,0.08745718525111101,1.4097620278847174,0.20488109594815995,0.5116281224253783,-0.29295055169964357,0.3091274432898814,-0.08533115094513377,-0.6364339495377962,0.0,0.0,0.0,0.0,0.0,0.0,0.0,0.0,0.0,0.0,0.0,0.0,0.0,0.0,0.0,0.0,0.0,0.0,0.0,0.0,0.0,0.0,0.0,0.0,0.0,0.0,0.0,0.0,0.0,0.0,0
25.82436266081672,0.4778629943594442,1.7966076196398717,53.06912475925222,0.6167511787207873,2.2273972588468496,12,0.22520704961962323,-1.42129459773831,-0.8452904774524725,1.5417970111002504,1.453709190504032,0.6856002477465992,-0.6188925538493564,-1.8332863473587295,0.1351863962775539,0.6363315534117504,0.2640539138699758,0.02490478341360358,-0.5738729507822136,0.2447550965532841,0.11902250672968151,-0.00609257511489858,-0.6369922103214662,0.41429245718681074,0.7215142201143898,-0.6067527477560688,0.9328791070972748,1.0880953741142392,0.0,0.0,0.0,0.0,0.0,0.0,0.0,0.0,0.0,0.0,0.0,0.0,0.0,0.0,0.0,0.0,0.0,0.0,0.0,0.0,0.0,0.0,0.0,0.0,0.0,0.0,0.0,0.0,0.0,0.0,0.0,0.0,0.0,0.0,0.0,0.0,0
26.186280696976542,0.5648977901586103,2.167035370211888,53.29559792056546,0.605647625237635,1.9421835818469617,11,1.9608221863999482,0.5311621882730293,-0.7151216596451349,0.34648188118459444,0.9213348434570747,1.064539512389338,-1.037697571158727,-1.4495496548664875,0.23713019293091975,1.194158271164106,0.3043545862695076,-0.9155941253901148,0.37377210737615485,1.0603172566770311,-0.5689105138482411,-0.45346885248758895,-0.2493072202730673,-0.05402170489727354,0.012775221588537278,0.2957050377153365,0.0,0.0,0.0,0.0,0.0,0.0,0.0,0.0,0.0,0.0,0.0,0.0,0.0,0.0,0.0,0.0,0.0,0.0,0.0,0.0,0.0,0.0,0.0,0.0,0.0,0.0,0.0,0.0,0.0,0.0,0.0,0.0,0.0,0.0,0.0,0.0,0.0,0.0,0
26.02989076494804,0.2838751428839134,0.8188534810584258,52.67298145285317,0.9128116248749956,2.6227477719997196,5,0.19761018674974906,-0.7259008024066063,-0.8188534810584258,1.0297334559203577,0.4635952978822182,-1.3830056057953257,0.22898270765456985,2.6227477719997196,0.0,0.0,0.0,0.0,0.0,0.0,0.0,0.0,0.0,0.0,0.0,0.0,0.0,0.0,0.0,0.0,0.0,0.0,0.0,0.0,0.0,0.0,0.0,0.0,0.0,0.0,0.0,0.0,0.0,0.0,0.0,0.0,0.0,0.0,0.0,0.0,0.0,0.0,0.0,0.0,0.0,0.0,0.0,0.0,0.0,0.0,0.0,0.0,0.0,0.0,0
26.004750665552507,0.42417676176481184,1.1861790612598249,53.17112087230248,0.7338703998963082,1.8984720291794446,6,0.18820559543797089,-1.5559437971835024,0.5453279464768599,1.8984720291794446,0.4526455193449941,-0.1921779522268494,-0.6535079124688536,-1.4559371817147735,-0.506365017225761,0.5068060096730775,0.0,0.0,0.0,0.0,0.0,0.0,0.0,0.0,0.0,0.0,0.0,0.0,0.0,0.0,0.0,0.0,0.0,0.0,0.0,0.0,0.0,0.0,0.0,0.0,0.0,0.0,0.0,0.0,0.0,0.0,0.0,0.0,0.0,0.0,0.0,0.0,0.0,0.0,0.0,0.0,0.0,0.0,0.0,0.0,0.0,0.0,0.0,0.0,0
25.985217627381367,0.5265655402297431,2.132032621232323,52.86807160932545,0.6268257984950644,2.6041737053678773,18,-1.351448474121721,0.5795371616003422,0.48599990264159487,-0.2856951499294169,1.472938121779368,0.20837693041920602,-0.9576309034830821,-1.0599630682586039,0.44381359613988636,0.38612384874871,-0.014493495492036601,0.2621492842825788,-0.5165176825683915,0.6389941678299067,0.23070103147916754,0.49359356521788555,-0.6450004625403061,-2.6041737053678773,0.6512886074119777,1.2310383055716585,-0.31018575202517695,-0.27150892874926313,1.2911196578893218,-0.09152209281715784,-1.3964777682311649,0.8319786842676251,0.607271057000407,-0.18725996978797355,-0.39344119500935903,-0.9236089858301071,0.5434835542040446,-0.03920428769885831,-1.0849944470741235,1.306249571681903,0.0,0.0,0.0,0.0,0.0,0.0,0.0,0.0,0.0,0.0,0.0,0.0,0.0,0.0,0.0,0.0,0.0,0.0,0.0,0.0,0.0,0.0,0.0,0.0,0
25.95304166757716,0.5597922889499799,2.281951725621685,53.05159589949346,0.6417865498322313,2.918565351746338,14,-1.2213181869264496,-0.15893954654018927,0.9412156706756001,-0.5851453588795295,0.495975771013061,1.108173993682179,-0.04123421992066412,-0.6857184315090379,0.12557117514406002,-0.3909710708204983,-0.9635133968080183,0.24837287706601074,-0.1122830516642388,-0.10036719821694362,0.9400164710923846,0.20297792005757032,-0.7753635215990364,1.8672427914391179,-0.10837134101355161,-1.2897747238620525,0.6927720348108117,-0.6605515296684814,-0.12053778990616948,0.10170195793080694,1.207703923797446,-1.069941056146611,0.0,0.0,0.0,0.0,0.0,0.0,0.0,0.0,0.0,0.0,0.0,0.0,0.0,0.0,0.0,0.0,0.0,0.0,0.0,0.0,0.0,0.0,0.0,0.0,0.0,0.0,0.0,0.0,0.0,0.0,0.0,0.0,0
25.996978278834312,0.6465896227401123,2.616337626833289,53.02340666283418,0.704230659297754,3.232892796832971,25,-0.13472996316531294,-1.6540246718199754,0.38074167885861954,0.8497365906267262,-1.7215621472008813,-0.25156443317428057,0.8664825350327909,-0.6781351333391115,-0.6892120028488797,0.9355710679842559,1.260789339673405,0.3710330234469694,-0.7029307548984995,-1.3381331688255926,1.8812085098744724,1.1127587172438638,-1.7687894702544114,-2.1513186996125313,0.3121444815266514,0.9438982770716606,-0.25431484953509553,0.47344769454582547,-0.0432823519781067,0.6517463678752549,-0.3788453228437092,0.4095820101343506,-0.01681376305483795,-0.6291934867761739,-0.4496717961660046,0.38701827466093164,1.3624776525382103,-0.5817421102075429,-0.48505453466570714,0.4522640369421822,1.1791374962853105,-0.042271261023671514,-1.5888842050549457,-0.6887437538103711,1.360227352111096,0.12291259926958276,0.04797240759828725,0.7644056391187917,-0.1476080844255172,0.9695685090321504,-0.5211229280174834,-0.4842153818656669,-0.2865015178424599,-1.868747709941374,0.0,0.0,0.0,0.0,0.0,0.0,0.0,0.0,0.0,0.0,0
28.7368945396289,4.489236610854003,14.677336351123408,51.43662945330824,2.8434668802298657,10.670007625058417,21,0.29497519522882243,-0.4105647182389447,0.3172763433229271,-0.6035185292210201,-0.02533254045163602,1.818379523744838,0.596012009977013,-1.6265842766273622,0.027416514459215335,-1.2831746787083986,-0.6447238607156329,1.7701129156345345,-0.11668108038819369,-0.20634876159679294,0.3722215043242372,1.6764487517593807,0.2732274438819573,-1.0944026548957737,-0.25538225503698087,-0.6359653608199878,-0.4919913066841275,0.08672612515052691,-0.09035402915830915,-0.009238733955740486,-0.24917492837920108,1.9404295059209105,2.7342270487728477,-3.7540129665113184,2.161717765385035,0.05141120877622285,1.332730490351981,-1.590249513728864,2.468452243918904,-1.2302890378246616,2.491245185431346,-1.1323655684064704,1.3706766842838363,-1.462415372640443,2.1107979225993674,-1.552086374722883,0.0,0.0,0.0,0.0,0.0,0.0,0.0,0.0,0.0,0.0,0.0,0.0,0.0,0.0,0.0,0.0,0.0,0.0,1
25.991264524291882,0.4138446657242753,1.4842054895062837,53.13598066830345,0.6948223337594863,2.3410164252617136,18,-1.2522770171542916,-0.23467886972599672,0.7450496347111937,-1.2208114106118444,-0.7746027646692042,1.297307036100932,1.1592412899693372,-0.8949322041042649,-0.23091663519706174,-0.7612363507491011,-0.6717847657669402,0.29383673600370486,1.2276656005009485,1.4795065738297026,-0.5995660450218878,0.5676731154283061,-0.05491049977037932,-1.4104228038527253,-0.20215198140629553,-0.7090831363489798,0.08553677400565007,0.3532957552072631,-0.18672228354406428,-0.5100213714119803,-0.17986299739673228,0.11654464241253493,0.9851695419108246,-0.07862753509885323,-0.8609365886355391,0.5085632402385301,-0.016832724033019275,0.16001982716526442,0.198556973791419,-0.21507374171176963,0.0,0.0,0.0,0.0,0.0,0.0,0.0,0.0,0.0,0.0,0.0,0.0,0.0,0.0,0.0,0.0,0.0,0.0,0.0,0.0,0.0,0.0,0.0,0.0,0
25.91058743384387,0.5438778518759972,1.9411912314727324,53.05221133844169,1.0040672954292078,4.515320498721557,23,1.4772318958515136,2.11272150492632,-0.3535137852485839,-1.3824989435104982,0.10556256385772045,-1.2007290422524335,0.16947854269834295,0.0695154548046304,0.5424320143137393,2.145594205534664,-1.2695178521732835,-1.6373097029259043,0.16849256326439743,0.09250997483238166,0.5741114195141961,0.9330059099324473,0.1039922937041986,-0.906184646006885,-0.33709161698670087,-0.1533212277368321,-1.045437488628071,0.6031184166855184,-0.09836354120766089,-0.7441912361518916,1.074068533163267,0.19192206882270568,0.5815994098482626,1.6494543537001718,0.1756790664521901,-1.9333586410298906,-1.5721016757279855,0.45931138775095803,1.086683955015932,1.9086262266724034,-0.010888687580479228,-4.515320498721557,-0.48743070755359597,4.325310823221763,0.33597738959207035,-1.098116338887678,-0.19186212786020462,-0.04813204902178825,-0.4514981004033771,-0.012331296858057783,0.0,0.0,0.0,0.0,0.0,0.0,0.0,0.0,0.0,0.0,0.0,0.0,0.0,0.0,0
25.868561195658657,0.506373874467275,2.1999127671580894,52.689689169110615,0.8891879679757663,3.4412066738964597,24,-0.4345494966157979,-0.9565663426842264,0.6763136370054603,-0.24876668843253924,-0.3840323651497499,0.019660037494482197,0.9688511159557933,1.229399987557997,-1.1082285219672272,-1.375068269007997,0.6165974023704557,1.4942161214523395,-0.25349764925304896,0.9850421129303726,-0.0636702518581238,-0.08495980624745414,0.15240505851130948,-2.614011416147278,0.30837935738680144,0.19941384930471173,-1.2977772850982596,1.4627457084767812,0.9674720712239449,-1.2395989959609537,-0.43670573834078397,1.3496411847898386,0.03798596651358821,-1.8632558475169816,0.4967033893310209,1.3109948088728558,0.4282102929665612,0.8125257860202524,0.22555691537856504,-1.996887604790622,-1.0664746534217144,1.1480676279246893,-1.133438113736375,-0.010752666397664257,1.459450844940413,0.5894235517795039,-0.9441697996877707,-1.0202172344976788,1.1297205082709638,-0.6073587854180147,-0.6702274124593082,-0.8769768340884454,0.0,0.0,0.0,0.0,0.0,0.0,0.0,0.0,0.0,0.0,0.0,0.0,0
25.751075500989803,0.5078698607018473,2.006494591596322,53.01219092280865,0.5766746434118445,2.476566962167624,28,-0.013381914895362002,-1.3590002940607064,0.23818121912110968,0.7076223677822142,0.27032708165071995,0.770478971193306,-1.4915224464042574,-1.2644265808008726,0.11863694245247203,0.578360686264844,-0.07297743929034084,-0.9136062987111018,0.7899464288604179,0.541078678928578,0.26395060722054,-0.02604927416312819,0.41529909341126015,0.708212428068677,-1.9616850464917626,-0.8085432809736446,0.7865394437604252,0.4791743433646687,0.7342103309348111,0.132524390058812,0.06197334427767487,-0.9361699610812764,-0.22713874385594934,0.3092657858640777,-0.4627485955159365,0.6924335738255181,0.21274920002576536,1.1003353661646003,0.2813412024299673,-2.476566962167624,-0.7898864867067843,1.426053824990852,0.43176868858105166,0.5510166498571891,-0.2638231327070635,-0.8948142920489772,0.9414355127038618,-0.798988751545707,-0.708189305329217,0.6805752692181812,-0.19645089339904587,-0.7318370781680841,0.3948969022948212,0.37153361089362136,0.6350977438772176,0.7105461522928636,-0.38784985452307197,-0.3567108010777176,0.5625692347477944,0.20521904421644876,0.0,0.0,0.0,0.0,0
25.8990211666132,0.6882564950654992,2.4308761700918105,53.243052458197205,0.7113834946888073,2.7637607824562878,17,-1.1439453649664557,1.1275509851910215,0.17426879917863047,-2.5475729563423286,0.5103704457366902,1.86509251453748,-0.10593566067980476,-1.672978796675224,0.6434426498003418,0.9254385812112531,-1.5821000487970167,-0.1369279532444594,1.1561426909227244,0.9718758032493469,0.7267212728570946,-0.46188980606545726,-0.5219717881015882,-1.0198080093784299,-0.9303490958452691,1.2428209015436877,1.9806280666858278,-0.9445008181382448,-1.487214501375938,0.6284264824376891,-0.9436616687158725,-0.3183218517251021,1.6231152432371623,-0.4070260174357401,-0.8101333690726449,-0.8883888564307583,1.339667058503089,1.2215795618435763,0.0,0.0,0.0,0.0,0.0,0.0,0.0,0.0,0.0,0.0,0.0,0.0,0.0,0.0,0.0,0.0,0.0,0.0,0.0,0.0,0.0,0.0,0.0,0.0,0.0,0.0,0
25.87703884547755,0.3543319922104538,1.5924615587828264,52.978773591981444,0.7735402344879352,3.078508953787491,26,-0.4383668087967294,0.5227626339567522,-0.016873083489088003,-1.3471336257291142,0.7973056742257647,0.259458461715937,-0.5912198812927159,1.9346852570837143,-0.09521107325033284,-0.8809428775508366,-0.14052172785692107,1.2375518140346955,0.11685389702227766,-1.0141791543752419,0.22019159330476512,0.12573105233302329,0.17628818552614334,-0.19330046747276697,0.12815728217691102,-0.7904761155132078,-0.32668292378608754,1.1366723193541972,-0.6821283221876975,-0.864780272794313,0.33223832355992755,0.7902805326878521,0.30330521160058055,-0.9219730769048766,0.7726693122647106,1.263486424282135,-0.5667243838269655,-0.24808671338472266,0.26372844426580855,0.6304892078687914,0.4872446509187647,-0.3988238827599986,-0.7836068058693115,-0.6243274766597864,0.07807524216789119,1.274375290620064,0.024480405049136067,-0.9227672747404867,0.012267598484466902,-2.1557416790470043,-0.5525991796507022,1.3621261027359424,0.7710214073164288,0.3680682113336857,-0.20009434655029779,1.1649809621265348,0.0,0.0,0.0,0.0,0.0,0.0,0.0,0.0,0
26.042379297730832,0.4968504968215575,1.6669973822898534,53.17586969452272,0.8196444597213254,2.688944040840468,10,0.2245526524482635,0.3031332687644124,-0.661870297005688,-0.300605054575513,0.5647759180556093,-1.153343986710432,-0.3245420905591132,-0.08202581674321152,0.2928499056401357,0.2882478844478129,-0.03437088712085057,-0.3568681353887939,-0.04271390269802211,-0.6634883701736314,1.2109984389720942,1.0693205095835765,-0.1700061736091243,-1.4901810712802757,0.0,0.0,0.0,0.0,0.0,0.0,0.0,0.0,0.0,0.0,0.0,0.0,0.0,0.0,0.0,0.0,0.0,0.0,0.0,0.0,0.0,0.0,0.0,0.0,0.0,0.0,0.0,0.0,0.0,0.0,0.0,0.0,0.0,0.0,0.0,0.0,0.0,0.0,0.0,0.0,0
38.60685139186388,6.508699496716382,20.54392347252111,45.749638410187465,2.9146483335987017,8.505448190835665,11,2.933390309087553,-1.9169375499608634,0.9593674969987838,-1.0641773733795077,3.0070642065458095,-1.2484485286773435,1.6199235784652686,-1.3315222864064467,2.193465178529827,-1.244273420779102,1.9795373944448755,-0.992694841637956,2.140718873479088,-0.7073941899944458,2.046106958956152,0.0,2.160438764258828,0.0,1.5039107117549264,0.0,0.0,0.0,0.0,0.0,0.0,0.0,0.0,0.0,0.0,0.0,0.0,0.0,0.0,0.0,0.0,0.0,0.0,0.0,0.0,0.0,0.0,0.0,0.0,0.0,0.0,0.0,0.0,0.0,0.0,0.0,0.0,0.0,0.0,0.0,0.0,0.0,0.0,0.0,1
26.06252392167595,0.7729531287809825,2.1526378287647887,52.14425109330106,0.6523811977935142,2.088396472110027,6,1.8985448212877927,-0.35182961437431715,-0.9504334581403882,0.6331497152864571,0.09703027567647737,1.4552467568235699,0.510201187645194,-1.4491593457125305,-1.8094358339460719,0.24019307604183382,0.0,0.0,0.0,0.0,0.0,0.0,0.0,0.0,0.0,0.0,0.0,0.0,0.0,0.0,0.0,0.0,0.0,0.0,0.0,0.0,0.0,0.0,0.0,0.0,0.0,0.0,0.0,0.0,0.0,0.0,0.0,0.0,0.0,0.0,0.0,0.0,0.0,0.0,0.0,0.0,0.0,0.0,0.0,0.0,0.0,0.0,0.0,0.0,0
25.803791276105816,0.5040374501804654,1.572972115176512,53.00239275967167,0.7166465529750247,1.7220539752663058,6,1.2468402873441917,1.5197180435106148,0.3261318278323202,0.12222933380608225,-0.6081396069821139,0.08010659794960873,-0.2684055417529443,-0.7286577585360874,-0.13884385069938787,-0.9306731711954512,0.0,0.0,0.0,0.0,0.0,0.0,0.0,0.0,0.0,0.0,0.0,0.0,0.0,0.0,0.0,0.0,0.0,0.0,0.0,0.0,0.0,0.0,0.0,0.0,0.0,0.0,0.0,0.0,0.0,0.0,0.0,0.0,0.0,0.0,0.0,0.0,0.0,0.0,0.0,0.0,0.0,0.0,0.0,0.0,0.0,0.0,0.0,0.0,0
25.949688126993063,0.5051923896945666,1.707466149768468,52.98519508951392,0.7733912693012636,2.724027638148165,16,0.4677332631267035,0.8310191668648628,-0.45782285050421834,0.7138349706036493,0.1603306448573001,-1.2506451576760256,-0.22753978860641766,-0.4795360711927543,0.5840916008719041,0.06925679510641203,-0.7396774683506351,-1.063103204385797,0.3513525847462482,1.0018107625596642,0.8057457985629313,-0.7697539329730247,0.09884909959404453,1.7628624611673374,-0.1890174931939761,-1.875502210140425,0.3723154849265029,1.5635195998643425,-1.3675101351256593,0.5963616415445827,0.6141212729388279,-0.3269828926906584,0.08342491752374315,-0.9695859167795504,0.9381846197958055,0.9974912446197024,0.0,0.0,0.0,0.0,0.0,0.0,0.0,0.0,0.0,0.0,0.0,0.0,0.0,0.0,0.0,0.0,0.0,0.0,0.0,0.0,0.0,0.0,0.0,0.0,0.0,0.0,0.0,0.0,0
26.07035414944675,0.4483578868301636,1.569693986400729,52.99219290300404,1.0565331711926298,3.373137712093069,16,1.569693986400729,-0.8626009151826537,-1.4298764413597134,0.49993364460247136,0.7794612662495055,0.5779623755586627,0.5805674232780405,1.693013011951308,-1.0166133202377026,-2.6016827496638655,-0.2545175789239984,0.5192129670275563,0.7570617354144602,-0.6390969726010667,-0.6836175036245784,-0.6274920855384565,-0.14501609997848064,2.7709327650691478,0.7776851950297186,-0.6842096665918831,0.0305897745343664,0.660098016265998,-0.39182449963005084,-2.5895096736198724,0.04810176160005497,2.0109081296999207,0.0505917262668234,1.2049181412697578,-0.17936364298195784,-0.9433141230186806,0.0,0.0,0.0,0.0,0.0,0.0,0.0,0.0,0.0,0.0,0.0,0.0,0.0,0.0,0.0,0.0,0.0,0.0,0.0,0.0,0.0,0.0,0.0,0.0,0.0,0.0,0.0,0.0,0
26.015168864862737,0.49529116828838554,2.0227816517438093,52.842987490616046,0.7098813433124431,2.898651102214508,28,-0.7625420002928927,1.1354495968597647,-0.25264992976838485,-2.010927802879017,-0.2569077157125683,0.37384956791271406,0.5186763425267067,1.3890887428557477,0.1438518403889546,-0.5981067538157205,0.04068743612598169,0.851529688945547,0.11961628268306868,-0.5068642991194565,0.890096034980818,-1.3533095497336873,-1.0362828612208368,1.1172312626569862,0.14540152832094932,0.37737070544930873,-0.8844088611799492,-0.24040651404471447,2.0227816517438093,-0.561851065728618,-1.771939432616577,0.15546708280579935,0.3045263481028755,-0.22891586851244483,0.7012883756797628,-0.6120895406723434,-0.22476480432599644,-0.1100339865972444,0.6984969160404475,1.4822084167536858,-0.4615863072857813,-1.0091834572986187,-0.4006488534826822,1.1576454343847686,0.5626839600411095,-0.9365327319228669,0.05861203851200614,-0.5744648794107334,-0.910733353625254,0.7241639611923176,0.8115940737731862,2.0018548861140815,-0.5926452744313231,-1.751988601280864,0.05939162755645455,0.5931819580122095,0.12320559530720132,-0.3816502867265257,-0.2618570776848266,-1.259201476872434,0.0,0.0,0.0,0.0,0
26.21993083659724,0.44013469749098577,1.5675039871026968,52.87696777294544,0.7384352239505334,2.671696593914959,17,-0.2647347263059885,-0.9744884307155246,0.2149140449985758,-0.8777620841313407,-0.19656972060662525,-0.20971149965546232,-0.06490406114982505,1.4834752690974895,0.46935254012452177,-0.7142487594833113,0.4069000173728803,0.6525698703077083,-0.6963755777991629,-0.48439078453580464,-0.36134080619943987,-0.667785060492065,-0.20860946425482396,2.3032831499785758,0.14795596587359938,-2.2601858515140947,1.4195480212290974,0.31338598610832236,-0.27779615400773494,0.5252427405776672,-0.33475343171898686,0.12006605369884937,0.15881837864493775,-1.370205522785703,-0.9047501210782194,1.9126528803829927,0.7891893874808282,-0.12473747382620815,0.0,0.0,0.0,0.0,0.0,0.0,0.0,0.0,0.0,0.0,0.0,0.0,0.0,0.0,0.0,0.0,0.0,0.0,0.0,0.0,0.0,0.0,0.0,0.0,0.0,0.0,0
26.015678607514108,0.4664722550282437,1.7294157580334009,52.92789235858401,0.9453411754958471,3.670286965729538,23,-0.41321600781125767,-2.6779016148566726,-0.174631471911745,-0.12842365650682552,0.544112641713415,1.0571042085004834,-0.5657315724975334,-0.3783798392095008,1.069098607498006,2.69788649705346,-0.6250624778642084,-1.751588496318277,0.8284585589854956,-0.3925023148381328,-0.4687037544256256,-0.26544040078206166,0.019447126769239986,0.592725482914517,-0.6545112047288626,-1.8534812367055835,0.8129124067816988,2.415994880297305,-0.10583012567263594,0.3991069717561544,-1.1837147770205405,-2.4921422171957985,1.6054402800806145,1.8375945039544632,-0.2021403321344799,-0.1080919816607846,-0.8338678892738258,0.06746648790188203,0.8649619114241034,-0.008792338890877716,-0.6779495985745072,-1.2664838251200905,-0.11388645775881656,0.7395034534969298,0.4990032966178859,0.806820113532595,0.317944852964402,-2.0477044804600197,0.2699096946880246,1.4412175361406412,0.0,0.0,0.0,0.0,0.0,0.0,0.0,0.0,0.0,0.0,0.0,0.0,0.0,0.0,0
26.118824913121266,0.3619130101604702,1.4154298324569616,53.00770450201029,0.7591382361220441,3.103900323790185,17,1.2068329857866367,-0.03939954869169782,-1.0913708221019895,-0.808980721671773,0.550128683656741,-0.6231255689404023,-0.1962800502523514,2.200146908785257,0.11419736143756509,-0.010760568373157753,0.4888461606872596,-0.9002153169447524,-0.557770075531927,1.378172803162002,0.26736849477532587,-0.7774855195563788,-0.2558700981176045,-0.12962601240411686,-0.3796509979696445,1.343668029121332,0.47380968195352935,-2.617973949154326,-0.5724736915994413,0.9662060363380007,-0.2563644793944242,-0.6438801222127992,0.8725826118277169,0.3874741089765905,-0.05876690350314462,0.2403513751875721,-0.051335625020840325,0.018250001455463405,0.0,0.0,0.0,0.0,0.0,0.0,0.0,0.0,0.0,0.0,0.0,0.0,0.0,0.0,0.0,0.0,0.0,0.0,0.0,0.0,0.0,0.0,0.0,0.0,0.0,0.0,0
26.11551060486205,0.5565628008781561,1.8095190036709816,52.707298503487706,0.888100402469836,2.4888424655126187,10,-0.21088610852094547,-1.66833418647294,0.9379789649012729,-0.7991780397232162,-1.8095190036709816,1.9612210249794586,1.2338174697701305,0.418213856762911,-0.454279589669504,-1.3165204470728824,-0.39439492911845875,-0.8565705415311129,1.2879737071880264,1.4591436367580926,-1.4321617563302702,-0.43286266860201295,0.7169221249215383,-1.2539551006109164,0.0,0.0,0.0,0.0,0.0,0.0,0.0,0.0,0.0,0.0,0.0,0.0,0.0,0.0,0.0,0.0,0.0,0.0,0.0,0.0,0.0,0.0,0.0,0.0,0.0,0.0,0.0,0.0,0.0,0.0,0.0,0.0,0.0,0.0,0.0,0.0,0.0,0.0,0.0,0.0,0
26.00644612831405,0.46737156052270884,1.9179715978009604,53.07305700577246,0.7645466785319602,2.850081531027527,28,-0.6470422732016097,-0.7457879205459577,0.6632792869129105,0.7123404077207667,0.8440356937793148,0.9359293208573689,-1.1659943847851544,-1.9610371322934412,0.05779186179633555,0.48129272950657764,0.017920340180335614,0.5081406468957326,-0.11095499388451557,-1.5137075021168371,-0.5314956058089031,2.039814211553427,0.7373959704635844,-1.2381547301062383,-0.43732478812925635,0.6187826534503955,0.05872451977177917,-0.921861963408503,-0.14363378322369158,-0.030099020300056623,0.5949910017084648,0.9024071921239667,-0.6186634389700636,1.2563011066955667,0.5819527266835998,-2.010777675397634,0.05621395363812809,1.496208074672282,-0.21557844702670792,0.31668443913015665,-0.7356200798101185,-0.2666652182454783,0.40194546391899877,-0.9185754275906959,0.2593073973229707,0.3263244494860089,-0.6157778636424922,1.0340689908235987,0.8152909410601197,-0.4636363344131098,0.5611910346063205,-0.7429299713225035,-0.46522287840870646,-0.9549148876979245,-0.8702488596910207,2.407105641574269,1.8314863626347702,-1.3749358875430104,-1.4751637943029472,-0.5311992361008322,0.0,0.0,0.0,0.0,0
26.03862205213984,0.5078530289889985,1.8760826189041708,53.04689178222284,0.662726609060237,2.8295534227194707,18,0.7144938641962568,1.5972388772931367,0.12356676154324475,-2.6420025312780737,-1.3021453150295805,0.5448795903858397,0.5124680051690582,-0.7324304818272367,-0.11138728219069094,0.04746992097108915,0.37405690614961884,1.0868002029976864,-1.2905931654894154,-0.1440164808847939,0.40271985196669036,0.26872613869524997,0.6716715260021857,-0.01735789316728642,0.4518050686718631,-0.6043139842187841,-0.3554122334258736,-0.005520252699000139,0.2981081678020665,-0.582607731019003,-0.23709934768535845,0.2157155425498587,0.5394905980285642,0.5154820221813239,0.10479898754403294,0.20306513472001342,-1.1231752179988383,0.41100659979721144,0.822054113476522,-0.08154178543713186,0.0,0.0,0.0,0.0,0.0,0.0,0.0,0.0,0.0,0.0,0.0,0.0,0.0,0.0,0.0,0.0,0.0,0.0,0.0,0.0,0.0,0.0,0.0,0.0,0
26.66409861851491,1.3976266448025547,5.137098776342619,52.12985131128327,1.8199252831000772,6.660616904440509,15,0.37830342720751275,2.4758081857755485,0.09252879096698052,-1.961721683519734,-0.20432791785967908,2.205901523334113,0.0035396621897838543,-1.3527449425738425,0.08061149346139729,0.1258365030117119,0.03452657714808183,1.565771547387122,0.3450072239589126,-1.1692237763123003,-1.7585925284991362,-1.317473693720622,1.4482451700636467,1.1889125705891388,-0.008937175741401404,0.6709455093108687,0.4598994891033925,-2.041351136701479,1.675728121421546,-1.320232943920736,1.5621631714954347,-1.303686837760445,-0.1308814131258167,-1.3685065959249343,0.0,0.0,0.0,0.0,0.0,0.0,0.0,0.0,0.0,0.0,0.0,0.0,0.0,0.0,0.0,0.0,0.0,0.0,0.0,0.0,0.0,0.0,0.0,0.0,0.0,0.0,0.0,0.0,0.0,0.0,1
26.057057498069703,0.4320032745064104,2.1679963539429856,53.03183464006475,0.9206314059841113,3.663698742715191,30,-0.45737823212087036,0.03935726121405736,0.37983009264115,3.3304222072516296,0.012149756876535633,-0.6429345804572861,1.017706213910305,0.5842838072794834,-0.3434951034708007,-1.8768770480592494,-0.5026400230173955,0.28334149702572375,-0.23908848999137078,1.9461055984608322,-0.006467991603319234,-1.1261395096529938,0.2233750059849804,-0.2623974856761606,-0.48391072134923263,-0.1954572965822976,0.23187068804690014,-1.2543507767820898,0.06281065283997833,2.2867704102435624,0.11463929855860044,-2.4856179862171643,0.08968001588083396,2.106526992904051,0.2843073959878595,-0.45874209664142285,0.09779216730337836,0.17035793445997882,-0.18987368291728401,-0.7085962548203923,0.6006587819663842,1.6394750662119293,-0.5433156274077007,-1.630509970387088,-0.35645761226742323,0.44438363760782096,-0.013609096859358516,0.029123964313129136,0.49651297435434927,-0.27610475434669013,-0.5780029837389336,0.5905939776678579,0.3261301719501333,0.2521513986925541,0.04941401870144446,-0.6654220672913524,-1.4883261928950091,0.5906955004558583,0.4891218523169165,0.011068202200426924,1.182821812347143,-0.19578026170546536,-0.21340910044501982,0.8879650677321891,0
38.329039121043714,12.697698281904414,37.39984618013546,47.70286737376202,4.48245382688341,10.733371451515886,27,0.13890494372792261,0.6211970641970197,-0.10513886289380636,0.014330513512568643,0.43022139235234036,-1.3042023675814889,-0.6326728910257771,1.5104165086977233,0.42779209431164134,-0.8018187091272608,-0.19052951555222464,0.1350343899577311,-0.4645603699844223,-1.1190955903458004,0.13730123353577284,0.02428985048268828,0.8032909523268899,-0.13564060323952276,1.895353123406462,-0.13175962436451272,1.4855046584628582,-2.090977555836652,2.6456082555996296,-0.8577209491174074,1.9654054049383873,-1.1449335389299904,2.5868701116343757,-2.063097646774196,2.8471398645521333,-1.443594244482668,1.230435465330018,-1.1040572297382951,2.298669019357554,0.0,2.383935494904904,0.0,2.154303890868391,0.0,1.8405984998575207,0.0,2.374583912803473,0.0,1.5033947835471437,0.0,2.9391556805177004,0.0,1.5643580162338182,0.0,3.1849701854535297,0.0,1.5589676268049004,0.0,0.0,0.0,0.0,0.0,0.0,0.0,1
26.040783945851274,0.28936855025168584,0.9126333250944896,53.07502830629293,0.8348510902837872,2.4427157184300583,13,0.5132919884985938,-0.9397902797482303,-0.25863895686173066,1.7148279059276774,0.2328797892078569,-1.9524895157400763,-0.23837832711143392,0.9025690606967203,0.5533906126575765,-1.0787297210052174,0.11008821870362695,2.1116634320697116,-0.3334360490457051,0.3133028510345568,-0.29475198473244646,-2.196117669660005,0.5011094354401671,1.2121887077405233,-0.7679910034598123,-0.49608286228455967,0.5893678344384838,0.6463214397258099,-0.4719910376513212,0.8514398198040212,0.0,0.0,0.0,0.0,0.0,0.0,0.0,0.0,0.0,0.0,0.0,0.0,0.0,0.0,0.0,0.0,0.0,0.0,0.0,0.0,0.0,0.0,0.0,0.0,0.0,0.0,0.0,0.0,0.0,0.0,0.0,0.0,0.0,0.0,0
